time_s,current_a,soc,voltage_v,temperature_c,heat_w
0.0,3.0,0.95,4.068568776924863,25.0,0.28800000000000003
1.0,3.0,0.949723611111111,4.067003347889833,25.006666666666668,0.29170693019106997
2.0,3.0,0.9494472222222221,4.065465675402734,25.01333426535936,0.29532903734855065
3.0,3.0,0.9491708333333332,4.063955106157683,25.020000820715865,0.2988682624172822
4.0,3.0,0.9488944444444443,4.062471001588197,25.02666442745252,0.3023265019288515
5.0,3.0,0.9486180555555553,4.061012737528106,25.033323248443953,0.30570560901786914
6.0,3.0,0.9483416666666664,4.059579703880226,25.039975512850752,0.3090073944149908
7.0,3.0,0.9480652777777775,4.058171304292618,25.046619514293972,0.3122336274172173
8.0,3.0,0.9477888888888886,4.05678695584225,25.05325360907535,0.3153860368359908
9.0,3.0,0.9475124999999996,4.05542608872591,25.059876214442124,0.31846631192359726
10.0,3.0,0.9472361111111107,4.05408814595819,25.066485806895376,0.32147610327837006
11.0,3.0,0.9469597222222218,4.052772583076385,25.073080920540882,0.3244170237291809
12.0,3.0,0.9466833333333329,4.051478867852156,25.07966014548143,0.32729064919969153
13.0,3.0,0.946406944444444,4.050206480009787,25.0862221262496,0.33009851955282893
14.0,3.0,0.946130555555555,4.048954910950903,25.09276556028005,0.3328421394159376
15.0,3.0,0.9458541666666661,4.047723663485498,25.099289196420372,0.3355229789870501
16.0,3.0,0.9455777777777772,4.046512251569112,25.105791833479536,0.3381424748227084
17.0,3.0,0.9453013888888883,4.045320200046042,25.112272318813076,0.3407020306077583
18.0,3.0,0.9450249999999993,4.044147044398444,25.11872954694411,0.3432030179075283
19.0,3.0,0.9447486111111104,4.0429923305011695,25.1251624582193,0.3456467769027982
20.0,3.0,0.9444722222222215,4.041855614382239,25.13157003749898,0.3480346171079493
21.0,3.0,0.9441958333333326,4.040736461988805,25.137951312880546,0.35036781807268114
22.0,3.0,0.9439194444444436,4.039634448958477,25.14430535445435,0.3526476300676722
23.0,3.0,0.9436430555555547,4.0385491603959025,25.150631273091335,0.35487527475455094
24.0,3.0,0.9433666666666658,4.037480190654474,25.156928219261573,0.357051945840536
25.0,3.0,0.9430902777777769,4.036427143123039,25.163195381883025,0.3591788097180973
26.0,3.0,0.942813888888888,4.035389630017524,25.169431987199747,0.36125700608997935
27.0,3.0,0.942537499999999,4.034367272177325,25.17563729768887,0.36328764857992374
28.0,3.0,0.9422611111111101,4.033359698866396,25.181810610995605,0.365271825329416
29.0,3.0,0.9419847222222212,4.032366547578895,25.187951258895648,0.36721059958077795
30.0,3.0,0.9417083333333323,4.031387463849308,25.194058606284262,0.36910501024691744
31.0,3.0,0.9414319444444433,4.030422101066937,25.200132050191453,0.37095607246804085
32.0,3.0,0.9411555555555544,4.029470120294657,25.206171018822534,0.37276477815562703
33.0,3.0,0.9408791666666655,4.028531190091844,25.212174970623536,0.37453209652395353
34.0,3.0,0.9406027777777766,4.0276049863413865,25.21814339337078,0.37625897460946034
35.0,3.0,0.9403263888888876,4.026691192080679,25.224075803284105,0.37794633777822984
36.0,3.0,0.9400499999999987,4.025789497336511,25.229971744163088,0.37959509022185345
37.0,3.0,0.9397736111111098,4.024899598963767,25.235830786545776,0.38120611544195326
38.0,3.0,0.9394972222222209,4.024021200487848,25.241652526889336,0.38278027672361503
39.0,3.0,0.939220833333332,4.023154011950732,25.24743658677208,0.3843184175979891
40.0,3.0,0.938944444444443,4.02229774976059,25.25318261211637,0.3858213622943055
41.0,3.0,0.9386680555555541,4.021452136544881,25.258890272431884,0.3872899161815462
42.0,3.0,0.9383916666666652,4.020616901006845,25.264559260078737,0.3887248662000101
43.0,3.0,0.9381152777777763,4.019791777785316,25.270189289549958,0.39012698128300416
44.0,3.0,0.9378388888888873,4.018976507317791,25.275780096772888,0.39149701276888393
45.0,3.0,0.9375624999999984,4.018170835706659,25.281331438428992,0.39283569480366665
46.0,3.0,0.9372861111111095,4.017374514588552,25.286843091291672,0.39414374473443103
47.0,3.0,0.9370097222222206,4.016587301006722,25.29231485158158,0.3954218634937153
48.0,3.0,0.9367333333333316,4.0158089572863735,25.297746534339076,0.3966707359751195
49.0,3.0,0.9364569444444427,4.015039250912923,25.30313797281335,0.3978910314003131
50.0,3.0,0.9361805555555538,4.014277954413071,25.308489017867817,0.3990834036776446
51.0,3.0,0.9359041666666649,4.013524845238654,25.31379953740139,0.40024849175254495
52.0,3.0,0.935627777777776,4.01277970565321,25.31906941578523,0.4013869199499139
53.0,3.0,0.935351388888887,4.012042322621198,25.32429855331458,0.40249929830867043
54.0,3.0,0.9350749999999981,4.011312487699796,25.32948686567536,0.40358622290864943
55.0,3.0,0.9347986111111092,4.010589996933247,25.334634283425064,0.40464827619001686
56.0,3.0,0.9345222222222203,4.009874650749673,25.339740751487707,0.40568602726537667
57.0,3.0,0.9342458333333313,4.00916625386032,25.34480622866241,0.4067000322247361
58.0,3.0,0.9339694444444424,4.008464615161172,25.34983068714529,0.4076908344334922
59.0,3.0,0.9336930555555535,4.007769547636872,25.354814112064354,0.4086589648236
60.0,3.0,0.9334166666666646,4.00708086826693,25.359756501027043,0.4096049421780783
61.0,3.0,0.9331402777777756,4.006398397934115,25.364657863680126,0.4105292734090048
62.0,3.0,0.9328638888888867,4.005721961335055,25.36951822128163,0.4114324538291506
63.0,3.0,0.9325874999999978,4.005051386892925,25.374337606284506,0.4123149674173988
64.0,3.0,0.9323111111111089,4.004386506672218,25.37911606193175,0.4131772870780896
65.0,3.0,0.93203472222222,4.003727156295554,25.383853641862668,0.41401987489443115
66.0,3.0,0.931758333333331,4.003073174862459,25.38855040973003,0.41484318237611206
67.0,3.0,0.9314819444444421,4.002424404870092,25.39320643882782,0.41564765070124743
68.0,3.0,0.9312055555555532,4.001780692135869,25.397821811729347,0.4164337109527889
69.0,3.0,0.9309291666666643,4.001141885721942,25.402396619935406,0.4172017843495253
70.0,3.0,0.9306527777777753,4.000507837861499,25.406930963532282,0.4179522824717967
71.0,3.0,0.9303763888888864,3.999878403886836,25.411424950859345,0.41868560748204475
72.0,3.0,0.9300999999999975,3.9992534421591697,25.415878698185953,0.41940215234031525
73.0,3.0,0.9298236111111086,3.9986328140001546,25.42029232939748,0.42010230101483037
74.0,3.0,0.9295472222222196,3.99801638362506,25.424665975690218,0.42078642868774174
75.0,3.0,0.9292708333333307,3.9974040180775754,25.428999775274896,0.42145490195617624
76.0,3.0,0.9289944444444418,3.996795587166213,25.43329387308867,0.4221080790286806
77.0,3.0,0.9287180555555529,3.996190963402271,25.437548420515288,0.4227463099171715
78.0,3.0,0.928441666666664,3.9955900219393126,25.441763575113292,0.4233699366244931
79.0,3.0,0.928165277777775,3.9949926405141527,25.445939500352,0.4239792933276831
80.0,3.0,0.9278888888888861,3.9943986993892904,25.450076365355105,0.42457470655704477
81.0,3.0,0.9276124999999972,3.9938080812967898,25.454174344651673,0.42515649537112193
82.0,3.0,0.9273361111111083,3.9932206713835403,25.458233617934376,0.4257249715276699
83.0,3.0,0.9270597222222193,3.9926363571579038,25.46225436982474,0.42628043965071416
84.0,3.0,0.9267833333333304,3.992055028437696,25.466236789645276,0.4268231973937862
85.0,3.0,0.9265069444444415,3.991476577299477,25.470181071198258,0.4273535355994248
86.0,3.0,0.9262305555555526,3.990900898029131,25.474087412551043,0.4278717384550265
87.0,3.0,0.9259541666666636,3.9903278870737067,25.477956015827708,0.4283780836451312
88.0,3.0,0.9256777777777747,3.9897574429944784,25.48178708700687,0.4288728425002216
89.0,3.0,0.9254013888888858,3.9891894664212244,25.48558083572554,0.42935628014211924
90.0,3.0,0.9251249999999969,3.988623860007676,25.489337475088806,0.42982865562605244
91.0,3.0,0.9248486111111079,3.988060528388127,25.49305722148527,0.43029022207947376
92.0,3.0,0.924572222222219,3.9874993781351704,25.496740294408013,0.43074122683770144
93.0,3.0,0.9242958333333301,3.986940317718546,25.500386916281006,0.43118191157645636
94.0,3.0,0.9240194444444412,3.9863832574650684,25.50399731229077,0.43161251244136656
95.0,3.0,0.9237430555555523,3.9858281095196197,25.50757171022321,0.4320332601745087
96.0,3.0,0.9234666666666633,3.9852747878071773,25.511110340305425,0.4324443802380532
97.0,3.0,0.9231902777777744,3.9847232079958608,25.514613435052418,0.43284609293508103
98.0,3.0,0.9229138888888855,3.984173287460979,25.518081229118536,0.43323861352763515
99.0,3.0,0.9226374999999966,3.9836249452500474,25.521513959153545,0.4336221523520709
100.0,3.0,0.9223611111111076,3.9830781020487604,25.524911863663213,0.43399691493176756
101.0,3.0,0.9220847222222187,3.9825326801478993,25.528275182874253,0.4343631020872595
102.0,3.0,0.9218083333333298,3.9819886034111636,25.531604158603567,0.4347209100438485
103.0,3.0,0.9215319444444409,3.981445797243885,25.53489903413162,0.43507053053675304
104.0,3.0,0.9212555555555519,3.98090418856263,25.538160054079867,0.43541215091385155
105.0,3.0,0.920979166666663,3.980363705765657,25.541387464292136,0.4357459542360751
106.0,3.0,0.9207027777777741,3.9798242787042164,25.54458151171981,0.4360721193755022
107.0,3.0,0.9204263888888852,3.979285838654673,25.54774244431077,0.4363908211112094
108.0,3.0,0.9201499999999962,3.978748318291436,25.55087051090198,0.43670223022292876
109.0,3.0,0.9198736111111073,3.97821165166068,25.553965961115566,0.4370065135825616
110.0,3.0,0.9195972222222184,3.9776757741548363,25.557029045258368,0.43730383424359903
111.0,3.0,0.9193208333333295,3.9771406224878376,25.560060014224838,0.4375943515284956
112.0,3.0,0.9190444444444406,3.9766061346711123,25.563059119403192,0.43787822111404384
113.0,3.0,0.9187680555555516,3.9760722499902923,25.566026612584725,0.43815559511479585
114.0,3.0,0.9184916666666627,3.975538908982642,25.568962745876235,0.43842662216457495
115.0,3.0,0.9182152777777738,3.975006053415167,25.571867771615416,0.4386914474961231
116.0,3.0,0.9179388888888849,3.9744736262634137,25.574741942289204,0.4389502130189251
117.0,3.0,0.9176624999999959,3.9739415716909288,25.57758551045494,0.4392030573952525
118.0,3.0,0.917386111111107,3.973409835029364,25.580398728664317,0.43945011611446727
119.0,3.0,0.9171097222222181,3.972878362759222,25.58318184938999,0.4396915215656251
120.0,3.0,0.9168333333333292,3.972347102491223,25.585935124954833,0.4399274031084175
121.0,3.0,0.9165569444444402,3.9718160029482754,25.588658807463705,0.44015788714249093
122.0,3.0,0.9162805555555513,3.9712850139480413,25.59135314873772,0.44038309717517865
123.0,3.0,0.9160041666666624,3.9707540863860826,25.594018400250903,0.44060315388768434
124.0,3.0,0.9157277777777735,3.970223172219577,25.596654813069183,0.44081817519974964
125.0,3.0,0.9154513888888846,3.969692224451582,25.599262637791675,0.44102827633284325
126.0,3.0,0.9151749999999956,3.9691611971158443,25.601842124494162,0.4412335698719033
127.0,3.0,0.9148986111111067,3.968630045262132,25.60439352267472,0.4414341658256672
128.0,3.0,0.9146222222222178,3.9680987249420925,25.606917081201445,0.4416301716856211
129.0,3.0,0.9143458333333289,3.9675671931955994,25.609413048262205,0.44182169248360037
130.0,3.0,0.9140694444444399,3.9670354080376042,25.611881671316358,0.44200883084807197
131.0,3.0,0.913793055555551,3.96650332844545,25.614323197048396,0.4421916870591289
132.0,3.0,0.9135166666666621,3.965970914346672,25.616737871323455,0.44237035910222666
133.0,3.0,0.9132402777777732,3.9654381266072316,25.61912593914462,0.44254494272068956
134.0,3.0,0.9129638888888842,3.9649049270202057,25.621487644612007,0.4427155314670157
135.0,3.0,0.9126874999999953,3.964371278294901,25.623823230883545,0.4428822167530084
136.0,3.0,0.9124111111111064,3.9638371440463938,25.626132940137413,0.44304508789876
137.0,3.0,0.9121347222222175,3.9633024887854638,25.628417013536097,0.4432042321805151
138.0,3.0,0.9118583333333286,3.9627672779089407,25.630675691192014,0.4433597348774383
139.0,3.0,0.9115819444444396,3.9622314776904215,25.63290921213465,0.44351167931731195
140.0,3.0,0.9113055555555507,3.961695055271365,25.63511781427917,0.4436601469211885
141.0,3.0,0.9110291666666618,3.961157978652554,25.637301734396477,0.44380521724702054
142.0,3.0,0.9107527777777729,3.9606202166858964,25.639461208084647,0.44394696803229305
143.0,3.0,0.9104763888888839,3.9600817390665752,25.641596469741724,0.4440854752356795
144.0,3.0,0.910199999999995,3.959542516325524,25.64370775253982,0.44422081307774547
145.0,3.0,0.9099236111111061,3.9590025198222185,25.64579528840049,0.44435305408072046
146.0,3.0,0.9096472222222172,3.958461721737775,25.647859307971334,0.44448226910735944
147.0,3.0,0.9093708333333282,3.957920095068346,25.649900040603814,0.44460852739891576
148.0,3.0,0.9090944444444393,3.9573776136187964,25.651917714332214,0.4447318966122447
149.0,3.0,0.9088180555555504,3.9568342519966584,25.65391255585373,0.44485244285605796
150.0,3.0,0.9085416666666615,3.956289985606345,25.655884790509667,0.44497023072634895
151.0,3.0,0.9082652777777726,3.9557447906436196,25.657834642267677,0.44508532334100703
152.0,3.0,0.9079888888888836,3.9551986440903026,25.659762333705032,0.4451977823736402
153.0,3.0,0.9077124999999947,3.954651523709215,25.6616680859929,0.44530766808662314
154.0,3.0,0.9074361111111058,3.9541034080393356,25.66355211888157,0.44541503936338994
155.0,3.0,0.9071597222222169,3.9535542763911717,25.66541465068663,0.445519953739987
156.0,3.0,0.9068833333333279,3.9530041088423316,25.667255898276036,0.4456224674359045
157.0,3.0,0.906606944444439,3.95245288623328,25.669076077058076,0.44572263538420226
158.0,3.0,0.9063305555555501,3.951900590163272,25.670875400970164,0.4458205112609462
159.0,3.0,0.9060541666666612,3.9513472029864665,25.672654082468483,0.44591614751397113
160.0,3.0,0.9057777777777722,3.950792707808174,25.674412332518397,0.4460095953909855
161.0,3.0,0.9055013888888833,3.9502370884812796,25.676150360585662,0.4461009049670333
162.0,3.0,0.9052249999999944,3.94968032960278,25.677868374628368,0.4461901251713269
163.0,3.0,0.9049486111111055,3.9491224165104577,25.67956658108961,0.4462773038134664
164.0,3.0,0.9046722222222165,3.948563335279672,25.681245184890862,0.4463624876090593
165.0,3.0,0.9043958333333276,3.9480030727202524,25.682904389426028,0.4464457222047529
166.0,3.0,0.9041194444444387,3.9474416163734896,25.68454439655613,0.44652705220269523
167.0,3.0,0.9038430555555498,3.9468789545092147,25.68616540660467,0.446606521184435
168.0,3.0,0.9035666666666609,3.946315076122951,25.687767618353554,0.44668417173427555
169.0,3.0,0.9032902777777719,3.945749970933135,25.689351229039662,0.4467600454620942
170.0,3.0,0.903013888888883,3.945183629378389,25.690916434351937,0.446834183025639
171.0,3.0,0.9027374999999941,3.944616042614853,25.69246342842907,0.4469066241523159
172.0,3.0,0.9024611111111052,3.944047202513531,25.69399240385769,0.4469774076604771
173.0,3.0,0.9021847222222162,3.9434771016576926,25.695503551671084,0.447046571480222
174.0,3.0,0.9019083333333273,3.9429057333402624,25.696997061348426,0.4471141526737228
175.0,3.0,0.9016319444444384,3.9423330915612445,25.698473120814448,0.44718018745508453
176.0,3.0,0.9013555555555495,3.941759171025129,25.699931916439613,0.4472447112097506
177.0,3.0,0.9010791666666605,3.941183967138294,25.701373633040724,0.44730775851346477
178.0,3.0,0.9008027777777716,3.9406074760063845,25.702798453881954,0.44736936315079867
179.0,3.0,0.9005263888888827,3.9400296944316695,25.7042065606763,0.4474295581332557
180.0,3.0,0.9002499999999938,3.939450619910355,25.705598133587443,0.4474883757169608
181.0,3.0,0.8999736111111049,3.938870250629852,25.706973351231976,0.4475458474199449
182.0,3.0,0.8996972222222159,3.9382885854659904,25.70833239068203,0.44760200403903444
183.0,3.0,0.899420833333327,3.9377056239801718,25.709675427468234,0.447656875666354
184.0,3.0,0.8991444444444381,3.937121366416441,25.71100263558302,0.4477104917054517
185.0,3.0,0.8988680555555492,3.936535813698494,25.71231418748429,0.4477628808870552
186.0,3.0,0.8985916666666602,3.935948967426575,25.71361025409935,0.4478140712844675
187.0,3.0,0.8983152777777713,3.935360829874299,25.71489100482921,0.44786409032861035
188.0,3.0,0.8980388888888824,3.934771403985356,25.71615660755311,0.44791296482272314
189.0,3.0,0.8977624999999935,3.9341806933701107,25.717407228633398,0.44796072095672607
190.0,3.0,0.8974861111111045,3.9335887023020772,25.718643032920628,0.448007384321254
191.0,3.0,0.8972097222222156,3.9329954357142767,25.719864183758936,0.4480529799213697
192.0,3.0,0.8969333333333267,3.9324008991954518,25.721070842991665,0.4480975321899629
193.0,3.0,0.8966569444444378,3.9318050989861484,25.722263170967235,0.44814106500084294
194.0,3.0,0.8963805555555489,3.9312080419746467,25.723441326545217,0.44818360168153193
195.0,3.0,0.8961041666666599,3.930609735692741,25.724605467102663,0.44822516502576487
196.0,3.0,0.895827777777771,3.9300101883113654,25.72575574854061,0.44826577730570416
197.0,3.0,0.8955513888888821,3.9294094086360447,25.726892325290805,0.448305460283874
198.0,3.0,0.8952749999999932,3.928807406102182,25.72801535032261,0.4483442352248227
199.0,3.0,0.8949986111111042,3.928204190770171,25.729124975150096,0.4483821229065166
200.0,3.0,0.8947222222222153,3.927599773320325,25.730221349839308,0.44841914363147506
201.0,3.0,0.8944458333333264,3.9269941650476237,25.731304623015692,0.4484553172376493
202.0,3.0,0.8941694444444375,3.9263873778562646,25.732374941871687,0.44849066310905294
203.0,3.0,0.8938930555555485,3.9257794242540274,25.733432452174455,0.44852520018614894
204.0,3.0,0.8936166666666596,3.925170317346431,25.734477298273767,0.4485589469759992
205.0,3.0,0.8933402777777707,3.924560070830702,25.735509623110005,0.44859192156218197
206.0,3.0,0.8930638888888818,3.923948698989523,25.736529568222313,0.4486241416144816
207.0,3.0,0.8927874999999929,3.923336216684588,25.737537273756853,0.4486556243983576
208.0,3.0,0.8925111111111039,3.92272263934993,25.738532878475187,0.4486863867841963
209.0,3.0,0.892234722222215,3.922107982985055,25.739516519762752,0.44871644525635096
210.0,3.0,0.8919583333333261,3.9214922641478425,25.740488333637447,0.44874581592197516
211.0,3.0,0.8916819444444372,3.9208754999472424,25.741448454758313,0.4487745145196541
212.0,3.0,0.8914055555555482,3.920257708035744,25.7423970164343,0.4488025564278382
213.0,3.0,0.8911291666666593,3.919638906601634,25.743334150633117,0.44882995667308356
214.0,3.0,0.8908527777777704,3.9190191143610273,25.744259987990176,0.44885672993810455
215.0,3.0,0.8905763888888815,3.9183983505496807,25.74517465781757,0.44888289056964154
216.0,3.0,0.8902999999999925,3.9177766349145844,25.74607828811317,0.4489084525861485
217.0,3.0,0.8900236111111036,3.917153987705339,25.746971005569744,0.4489334296853052
218.0,3.0,0.8897472222222147,3.9165304296653014,25.74785293558414,0.44895783525135735
219.0,3.0,0.8894708333333258,3.9159059820225237,25.74872420226655,0.4489816823622883
220.0,3.0,0.8891944444444368,3.915280666480465,25.749584928449785,0.4490049837968274
221.0,3.0,0.8889180555555479,3.9146545052084982,25.750435235698614,0.4490277520412974
222.0,3.0,0.888641666666659,3.9140275208321933,25.751275244319146,0.44904999929630557
223.0,3.0,0.8883652777777701,3.9133997364233926,25.752105073368238,0.4490717374832813
224.0,3.0,0.8880888888888812,3.9127711754900827,25.75292484066293,0.4490929782508644
225.0,3.0,0.8878124999999922,3.9121418619660515,25.753734662789928,0.4491137329811473
226.0,3.0,0.8875361111111033,3.9115118202003534,25.754534655115084,0.4491340127957741
227.0,3.0,0.8872597222222144,3.9108810749465666,25.75532493179292,0.44915382856190017
228.0,3.0,0.8869833333333255,3.910249651351863,25.756105605776156,0.44917319089801566
229.0,3.0,0.8867069444444365,3.9096175749458855,25.756876788825256,0.44919211017963545
230.0,3.0,0.8864305555555476,3.9089848716294417,25.75763859151798,0.44921059654485873
231.0,3.0,0.8861541666666587,3.9083515676630127,25.758391123258953,0.4492286598998019
232.0,3.0,0.8858777777777698,3.9077176896550947,25.759134492289217,0.4492463099239069
233.0,3.0,0.8856013888888808,3.907083264550368,25.75986880569581,0.44926355607512775
234.0,3.0,0.8853249999999919,3.906448319617697,25.760594169421328,0.449280407594999
235.0,3.0,0.885048611111103,3.905812882437983,25.761310688273486,0.44929687351358766
236.0,3.0,0.8847722222222141,3.905176980891863,25.76201846593467,0.44931296265433224
237.0,3.0,0.8844958333333252,3.9045406431472576,25.76271760497148,0.4493286836387708
238.0,3.0,0.8842194444444362,3.9039038976467952,25.763408206844268,0.449344044891161
239.0,3.0,0.8839430555555473,3.9032667730950967,25.764090371916648,0.4493590546429939
240.0,3.0,0.8836666666666584,3.9026292984459396,25.764764199465002,0.44937372093740574
241.0,3.0,0.8833902777777695,3.9019915028893157,25.765429787687957,0.449388051633487
242.0,3.0,0.8831138888888805,3.9013534158383685,25.766087233715854,0.4494020544104944
243.0,3.0,0.8828374999999916,3.9007150669162467,25.766736633620177,0.4494157367719658
244.0,3.0,0.8825611111111027,3.9000764859428605,25.767378082422976,0.4494291060497407
245.0,3.0,0.8822847222222138,3.899437702921556,25.76801167410624,0.44944216940788956
246.0,3.0,0.8820083333333248,3.898798748025722,25.768637501621274,0.4494549338465525
247.0,3.0,0.8817319444444359,3.8981596515853307,25.769255656898007,0.4494674062056905
248.0,3.0,0.881455555555547,3.8975204440734195,25.769866230854298,0.44947959316875036
249.0,3.0,0.8811791666666581,3.8968811560925367,25.770469313405197,0.44949150126624665
250.0,3.0,0.8809027777777692,3.8962418183611405,25.771064993472173,0.4495031368792607
251.0,3.0,0.8806263888888802,3.8956024616999816,25.771653358992303,0.44951450624286005
252.0,3.0,0.8803499999999913,3.894963117018462,25.77223449692742,0.4495256154494398
253.0,3.0,0.8800736111111024,3.8943238153009867,25.77280849327324,0.449536470451987
254.0,3.0,0.8797972222222135,3.893684587593313,25.773375433068416,0.4495470770672709
255.0,3.0,0.8795208333333245,3.8930454649889277,25.773935400403595,0.44955744097895955
256.0,3.0,0.8792444444444356,3.892406478615419,25.774488478430378,0.44956756774066586
257.0,3.0,0.8789680555555467,3.891767659620909,25.775034749370285,0.4495774627789234
258.0,3.0,0.8786916666666578,3.8911290391604996,25.775574294523647,0.44958713139609413
259.0,3.0,0.8784152777777688,3.890490648382784,25.776107194278463,0.44959657877320996
260.0,3.0,0.8781388888888799,3.889852518416415,25.776633528119206,0.4496058099727489
261.0,3.0,0.877862499999991,3.8892146803567424,25.777153374635574,0.44961482994134794
262.0,3.0,0.8775861111111021,3.8885771652525283,25.77766681153122,0.44962364351245354
263.0,3.0,0.8773097222222132,3.8879400040927488,25.778173915632383,0.44963225540891216
264.0,3.0,0.8770333333333242,3.887303227793498,25.77867476289653,0.4496406702455005
265.0,3.0,0.8767569444444353,3.8866668671849953,25.77916942842089,0.44964889253139867
266.0,3.0,0.8764805555555464,3.8860309529987127,25.77965798645098,0.4496569266726065
267.0,3.0,0.8762041666666575,3.885395515854625,25.78014051038905,0.44966477697430446
268.0,3.0,0.8759277777777685,3.884760586248589,25.78061707280248,0.4496724476431606
269.0,3.0,0.8756513888888796,3.8841261945398773,25.781087745432153,0.4496799427895848
270.0,3.0,0.8753749999999907,3.8834923709388534,25.781552599200715,0.4496872664299315
271.0,3.0,0.8750986111111018,3.8828591454948156,25.782011704220842,0.44969442248865155
272.0,3.0,0.8748222222222128,3.882226548083996,25.782465129803416,0.44970141480039555
273.0,3.0,0.8745458333333239,3.881594608397751,25.78291294446565,0.4497082471120685
274.0,3.0,0.874269444444435,3.8809633559309282,25.783355215939167,0.4497149230848377
275.0,3.0,0.8739930555555461,3.880332819970421,25.783792011178015,0.44972144629609445
276.0,3.0,0.8737166666666571,3.8797030295839354,25.78422339636663,0.44972782024137126
277.0,3.0,0.8734402777777682,3.8790740136089483,25.784649436927737,0.44973404833621483
278.0,3.0,0.8731638888888793,3.8784458006418903,25.78507019753019,0.44974013391801637
279.0,3.0,0.8728874999999904,3.8778184190275375,25.78548574209677,0.44974608024779994
280.0,3.0,0.8726111111111015,3.87719189684865,25.785896133811924,0.44975189051196995
281.0,3.0,0.8723347222222125,3.876566261915814,25.78630143512941,0.44975756782401854
282.0,3.0,0.8720583333333236,3.8759415417575447,25.786701707779937,0.44976311522619405
283.0,3.0,0.8717819444444347,3.875317763610626,25.787097012778716,0.4497685356911313
284.0,3.0,0.8715055555555458,3.8746949544107028,25.78748741043295,0.44977383212344424
285.0,3.0,0.8712291666666568,3.8740731407831164,25.787872960349276,0.4497790073612829
286.0,3.0,0.8709527777777679,3.8734523490340114,25.788253721441155,0.44978406417785366
287.0,3.0,0.870676388888879,3.872832605141701,25.788629751936185,0.44978900528290583
288.0,3.0,0.8703999999999901,3.8722139347483027,25.78900110938336,0.4497938333241833
289.0,3.0,0.8701236111111011,3.871596363151639,25.789367850660287,0.4497985508888437
290.0,3.0,0.8698472222222122,3.870979915297415,25.789730031980326,0.44980316050484437
291.0,3.0,0.8695708333333233,3.8703646157716842,25.79008770889967,0.4498076646422974
292.0,3.0,0.8692944444444344,3.8697504887935774,25.79044093632438,0.44981206571479293
293.0,3.0,0.8690180555555455,3.8691375582083287,25.790789768517353,0.44981636608069275
294.0,3.0,0.8687416666666565,3.868525847480582,25.791134259105227,0.4498205680443939
295.0,3.0,0.8684652777777676,3.8679153796879864,25.79147446108524,0.44982467385756353
296.0,3.0,0.8681888888888787,3.8673061775150774,25.791810426832015,0.4498286857203455
297.0,3.0,0.8679124999999898,3.866698263247455,25.792142208104302,0.4498326057825394
298.0,3.0,0.8676361111111008,3.8660916587662464,25.792469856051643,0.4498364361447525
299.0,3.0,0.8673597222222119,3.8654863855428663,25.792793421221003,0.4498401788595252
300.0,3.0,0.867083333333323,3.8648824646340656,25.793112953563316,0.4498438359324314
301.0,3.0,0.8668069444444341,3.864279916677276,25.793428502439998,0.4498474093231526
302.0,3.0,0.8665305555555451,3.8636787618862463,25.793740116629376,0.4498509009465284
303.0,3.0,0.8662541666666562,3.8630790200469676,25.79404784433309,0.44985431267358256
304.0,3.0,0.8659777777777673,3.8624807105138963,25.794351733182403,0.4498576463325255
305.0,3.0,0.8657013888888784,3.86188385220646,25.79465183024449,0.449860903709734
306.0,3.0,0.8654249999999895,3.8612884636058586,25.79494818202864,0.44986408655070836
307.0,3.0,0.8651486111111005,3.8606945627521476,25.795240834492414,0.4498671965610081
308.0,3.0,0.8648722222222116,3.860102167241609,25.79552983304774,0.44987023540716536
309.0,3.0,0.8645958333333227,3.859511294224408,25.795815222566976,0.4498732047175784
310.0,3.0,0.8643194444444338,3.858921960402525,25.79609704738887,0.4498761060833839
311.0,3.0,0.8640430555555448,3.8583341820279697,25.796375351324507,0.4498789410593098
312.0,3.0,0.8637666666666559,3.857747974901275,25.79665017766318,0.44988171116450826
313.0,3.0,0.863490277777767,3.8571633543702526,25.796921569178224,0.44988441788336964
314.0,3.0,0.8632138888888781,3.856580335329025,25.797189568132747,0.4498870626663184
315.0,3.0,0.8629374999999891,3.8559989322173274,25.79745421628537,0.4498896469305895
316.0,3.0,0.8626611111111002,3.855419159020057,25.79771555489587,0.44989217206098875
317.0,3.0,0.8623847222222113,3.8548410292671016,25.797973624730783,0.4498946394106342
318.0,3.0,0.8621083333333224,3.8542645560334,25.79822846606895,0.44989705030168153
319.0,3.0,0.8618319444444335,3.853689751939267,25.798480118706998,0.4498994060260325
320.0,3.0,0.8615555555555445,3.853116629150964,25.798728621964802,0.44990170784602723
321.0,3.0,0.8612791666666556,3.852545199381498,25.798974014690852,0.4499039569951205
322.0,3.0,0.8610027777777667,3.851975473891672,25.79921633526759,0.4499061546785429
323.0,3.0,0.8607263888888778,3.8514074634913578,25.799455621616698,0.4499083020739466
324.0,3.0,0.8604499999999888,3.8508411785409926,25.79969191120431,0.4499104003320364
325.0,3.0,0.8601736111110999,3.8502766289533095,25.7999252410462,0.4499124505771863
326.0,3.0,0.859897222222211,3.84971382419527,25.80015564771291,0.4499144539080421
327.0,3.0,0.8596208333333221,3.849152773290217,25.800383167334807,0.44991641139811006
328.0,3.0,0.8593444444444331,3.8485934848202237,25.80060783560712,0.44991832409633215
329.0,3.0,0.8590680555555442,3.8480359669286535,25.80082968779491,0.44992019302764813
330.0,3.0,0.8587916666666553,3.8474802273229067,25.801048758737974,0.44992201919354485
331.0,3.0,0.8585152777777664,3.8469262732773553,25.801265082855743,0.4499238035725928
332.0,3.0,0.8582388888888774,3.8463741116364667,25.801478694152085,0.44992554712097066
333.0,3.0,0.8579624999999885,3.845823748818095,25.801689626220078,0.44992725077297735
334.0,3.0,0.8576861111110996,3.845275190816955,25.801897912246744,0.44992891544153313
335.0,3.0,0.8574097222222107,3.844728443208251,25.80210358501771,0.4499305420186683
336.0,3.0,0.8571333333333218,3.844183511151469,25.80230667692185,0.4499321313760017
337.0,3.0,0.8568569444444328,3.84364039939433,25.802507219955856,0.4499336843652074
338.0,3.0,0.8565805555555439,3.843099112276876,25.80270524572876,0.44993520181847135
339.0,3.0,0.856304166666655,3.8425596537357096,25.802900785466438,0.449936684548937
340.0,3.0,0.8560277777777661,3.842022027308365,25.80309387001603,0.44993813335114136
341.0,3.0,0.8557513888888771,3.841486236137811,25.803284529850345,0.4499395490014406
342.0,3.0,0.8554749999999882,3.840952282977073,25.803472795072192,0.449940932258426
343.0,3.0,0.8551986111110993,3.840420170193981,25.80365869541869,0.4499422838633307
344.0,3.0,0.8549222222222104,3.8398898997760225,25.80384226026552,0.4499436045404266
345.0,3.0,0.8546458333333214,3.8393614733353068,25.80402351863113,0.4499448949974126
346.0,3.0,0.8543694444444325,3.838834892113627,25.804202499180906,0.4499461559257939
347.0,3.0,0.8540930555555436,3.83831015698762,25.804379230231284,0.44994738800125245
348.0,3.0,0.8538166666666547,3.8377872684740115,25.804553739753832,0.44994859188400904
349.0,3.0,0.8535402777777658,3.8372662267349513,25.80472605537928,0.4499497682191772
350.0,3.0,0.8532638888888768,3.836747031583418,25.804896204401516,0.4499509176371086
351.0,3.0,0.8529874999999879,3.8362296824887068,25.80506421378152,0.44995204075373113
352.0,3.0,0.852711111111099,3.8357141785819753,25.805230110151285,0.4499531381708789
353.0,3.0,0.8524347222222101,3.8352005186618534,25.805393919817668,0.44995421047661455
354.0,3.0,0.8521583333333211,3.8346887012001187,25.805555668766207,0.4499552582455446
355.0,3.0,0.8518819444444322,3.834178724347408,25.805715382664914,0.4499562820391273
356.0,3.0,0.8516055555555433,3.833670585938989,25.805873086868004,0.4499572824059733
357.0,3.0,0.8513291666666544,3.833164283500565,25.80602880641959,0.4499582598821399
358.0,3.0,0.8510527777777654,3.8326598142541215,25.806182566057352,0.44995921499141817
359.0,3.0,0.8507763888888765,3.8321571751238017,25.806334390216144,0.4499601482456136
360.0,3.0,0.8504999999999876,3.8316563627418057,25.806484303031578,0.4499610601448204
361.0,3.0,0.8502236111110987,3.8311573734543227,25.806632328343557,0.44996195117768956
362.0,3.0,0.8499472222222098,3.830660203327467,25.806778489699777,0.4499628218216905
363.0,3.0,0.8496708333333208,3.8301648481532418,25.806922810359193,0.4499636725433672
364.0,3.0,0.8493944444444319,3.8296713034554997,25.80706531329544,0.44996450379858793
365.0,3.0,0.849118055555543,3.8291795644959192,25.80720602120021,0.44996531603278966
366.0,3.0,0.8488416666666541,3.828689626279969,25.807344956486613,0.44996610968121686
367.0,3.0,0.8485652777777651,3.828201483562887,25.807482141292482,0.4499668851691544
368.0,3.0,0.8482888888888762,3.8277151308556374,25.807617597483645,0.44996764291215585
369.0,3.0,0.8480124999999873,3.8272305624308594,25.807751346657167,0.4499683833162659
370.0,3.0,0.8477361111110984,3.826747772328812,25.807883410144548,0.449969106778238
371.0,3.0,0.8474597222222094,3.826266754363291,25.808013809014888,0.44996981368574696
372.0,3.0,0.8471833333333205,3.825787502127525,25.808142564078025,0.44997050441759673
373.0,3.0,0.8469069444444316,3.825310009000054,25.808269695887624,0.4499711793439234
374.0,3.0,0.8466305555555427,3.8248342681505765,25.80839522474424,0.44997183882639336
375.0,3.0,0.8463541666666538,3.824360272545764,25.808519170698336,0.44997248321839745
376.0,3.0,0.8460777777777648,3.8238880149550436,25.808641553553297,0.4499731128652399
377.0,3.0,0.8458013888888759,3.8234174879563474,25.808762392868363,0.44997372810432384
378.0,3.0,0.845524999999987,3.82294868394182,25.808881707961575,0.44997432926533165
379.0,3.0,0.8452486111110981,3.822481595123482,25.80899951791265,0.4499749166704018
380.0,3.0,0.8449722222222091,3.8220162135388542,25.809115841565855,0.4499754906343017
381.0,3.0,0.8446958333333202,3.8215525310565335,25.809230697532826,0.44997605146459596
382.0,3.0,0.8444194444444313,3.8210905393817196,25.80934410419536,0.44997659946181157
383.0,3.0,0.8441430555555424,3.8206302300616874,25.809456079708195,0.44997713491959856
384.0,3.0,0.8438666666666534,3.8201715944912156,25.809566642001716,0.4499776581248878
385.0,3.0,0.8435902777777645,3.8197146239179522,25.80967580878468,0.44997816935804447
386.0,3.0,0.8433138888888756,3.8192593094477236,25.809783597546865,0.4499786688930183
387.0,3.0,0.8430374999999867,3.818805642049792,25.80989002556173,0.4499791569974904
388.0,3.0,0.8427611111110977,3.8183536125620403,25.809995109889012,0.4499796339330168
389.0,3.0,0.8424847222222088,3.8179032116961147,25.810098867377302,0.4499800999551685
390.0,3.0,0.8422083333333199,3.8174544300424804,25.8102013146666,0.4499805553136685
391.0,3.0,0.841931944444431,3.8170072580754333,25.810302468190837,0.4499810002525254
392.0,3.0,0.8416555555555421,3.8165616861580327,25.810402344180364,0.4499814350101645
393.0,3.0,0.8413791666666531,3.8161177045469734,25.810500958664413,0.44998185981955535
394.0,3.0,0.8411027777777642,3.8156753033973896,25.810598327473535,0.44998227490833664
395.0,3.0,0.8408263888888753,3.8152344727675844,25.810694466242005,0.44998268049893797
396.0,3.0,0.8405499999999864,3.8147952026236975,25.810789390410196,0.44998307680869964
397.0,3.0,0.8402736111110974,3.8143574828442945,25.810883115226936,0.4499834640499883
398.0,3.0,0.8399972222222085,3.8139213032248924,25.810975655751825,0.44998384243031136
399.0,3.0,0.8397208333333196,3.813486653482404,25.81106702685754,0.449984212152428
400.0,3.0,0.8394444444444307,3.8130535232595153,25.811157243232095,0.44998457341445774
401.0,3.0,0.8391680555555417,3.81262190212899,25.811246319381095,0.4499849264099867
402.0,3.0,0.8388916666666528,3.8121917795979,25.811334269629945,0.44998527132817134
403.0,3.0,0.8386152777777639,3.811763145111774,25.81142110812605,0.4499856083538397
404.0,3.0,0.838338888888875,3.8113359880586857,25.81150684884097,0.44998593766759065
405.0,3.0,0.838062499999986,3.810910297773255,25.81159150557257,0.44998625944589044
406.0,3.0,0.8377861111110971,3.8104860635405826,25.81167509194713,0.4499865738611674
407.0,3.0,0.8375097222222082,3.810063274600101,25.811757621421442,0.4499868810819044
408.0,3.0,0.8372333333333193,3.8096419201493625,25.81183910728487,0.44998718127272885
409.0,3.0,0.8369569444444304,3.8092219893477397,25.8119195626614,0.4499874745945013
410.0,3.0,0.8366805555555414,3.8088034713200596,25.81199900051165,0.4499877612044013
411.0,3.0,0.8364041666666525,3.8083863551601587,25.81207743363487,0.44998804125601183
412.0,3.0,0.8361277777777636,3.8079706299343656,25.812154874670906,0.4499883148994016
413.0,3.0,0.8358513888888747,3.807556284684908,25.812231336102165,0.44998858228120525
414.0,3.0,0.8355749999999857,3.8071433084332447,25.812306830255523,0.44998884354470225
415.0,3.0,0.8352986111110968,3.806731690183328,25.81238136930423,0.44998909882989346
416.0,3.0,0.8350222222222079,3.806321418924783,25.812454965269797,0.44998934827357606
417.0,3.0,0.834745833333319,3.805912483636028,25.81252763002385,0.44998959200941724
418.0,3.0,0.83446944444443,3.8055048732873056,25.81259937528997,0.4499898301680254
419.0,3.0,0.8341930555555411,3.8050985768436596,25.812670212645493,0.44999006287702037
420.0,3.0,0.8339166666666522,3.8046935832678215,25.81274015352332,0.44999029026110177
421.0,3.0,0.8336402777777633,3.8042898815230397,25.812809209213672,0.4499905124421158
422.0,3.0,0.8333638888888744,3.8038874605758344,25.81287739086586,0.4499907295391205
423.0,3.0,0.8330874999999854,3.803486309398677,25.81294470949,0.44999094166844966
424.0,3.0,0.8328111111110965,3.8030864169726075,25.813011175958728,0.449991148943775
425.0,3.0,0.8325347222222076,3.8026877722897794,25.81307680100888,0.4499913514761672
426.0,3.0,0.8322583333333187,3.8022903643559367,25.813141595243167,0.44999154937415553
427.0,3.0,0.8319819444444297,3.801894182192822,25.813205569131835,0.4499917427437856
428.0,3.0,0.8317055555555408,3.8014992148405256,25.813268733014272,0.44999193168867674
429.0,3.0,0.8314291666666519,3.801105451359754,25.813331097100633,0.44999211631007696
430.0,3.0,0.831152777777763,3.8007128808340522,25.813392671473427,0.44999229670691765
431.0,3.0,0.830876388888874,3.800321492371942,25.813453466089086,0.4499924729758664
432.0,3.0,0.8305999999999851,3.7999312751090137,25.813513490779524,0.44999264521137883
433.0,3.0,0.8303236111110962,3.799542218209944,25.81357275525366,0.44999281350574916
434.0,3.0,0.8300472222222073,3.7991543108704575,25.81363126909894,0.44999297794915966
435.0,3.0,0.8297708333333184,3.7987675423192226,25.813689041782848,0.44999313862972923
436.0,3.0,0.8294944444444294,3.7983819018196936,25.813746082654355,0.44999329563356016
437.0,3.0,0.8292180555555405,3.7979973786718872,25.813802400945413,0.44999344904478467
438.0,3.0,0.8289416666666516,3.7976139622141054,25.813858005772374,0.44999359894560975
439.0,3.0,0.8286652777777627,3.7972316418245975,25.81391290613744,0.44999374541636145
440.0,3.0,0.8283888888888737,3.796850406923165,25.81396711093005,0.44999388853552763
441.0,3.0,0.8281124999999848,3.796470246972717,25.81402062892829,0.4499940283798003
442.0,3.0,0.8278361111110959,3.796091151480761,25.814073468800263,0.4499941650241164
443.0,3.0,0.827559722222207,3.7957131100008494,25.81412563910545,0.44999429854169826
444.0,3.0,0.827283333333318,3.7953361121339646,25.814177148296043,0.4499944290040928
445.0,3.0,0.8270069444444291,3.7949601475298604,25.814228004718295,0.4499945564812097
446.0,3.0,0.8267305555555402,3.794585205888344,25.814278216613808,0.4499946810413587
447.0,3.0,0.8264541666666513,3.794211276960513,25.81432779212084,0.44999480275128695
448.0,3.0,0.8261777777777624,3.7938383505499416,25.81437673927558,0.4499949216762139
449.0,3.0,0.8259013888888734,3.793466416513819,25.81442506601342,0.4499950378798668
450.0,3.0,0.8256249999999845,3.793095464764039,25.814472780170192,0.4499951514245145
451.0,3.0,0.8253486111110956,3.7927254852682446,25.814519889483407,0.4499952623710013
452.0,3.0,0.8250722222222067,3.7923564680508246,25.814566401593478,0.4499953707787788
453.0,3.0,0.8247958333333177,3.791988403193868,25.814612324044923,0.44999547670593876
454.0,3.0,0.8245194444444288,3.7916212808380747,25.814657664287544,0.44999558020924324
455.0,3.0,0.8242430555555399,3.7912550911836203,25.814702429677617,0.4499956813441555
456.0,3.0,0.823966666666651,3.7908898244909817,25.81474662747904,0.44999578016486996
457.0,3.0,0.823690277777762,3.79052547108172,25.814790264864488,0.4499958767243406
458.0,3.0,0.8234138888888731,3.7901620213392238,25.814833348916544,0.4499959710743099
459.0,3.0,0.8231374999999842,3.789799465709414,25.814875886628815,0.44999606326533637
460.0,3.0,0.8228611111110953,3.7894377947014073,25.814917884907043,0.4499961533468214
461.0,3.0,0.8225847222222064,3.789076998888147,25.81495935057019,0.44999624136703625
462.0,3.0,0.8223083333333174,3.78871706890699,25.81500029035152,0.44999632737314743
463.0,3.0,0.8220319444444285,3.788357995460264,25.815040710899662,0.44999641141124225
464.0,3.0,0.8217555555555396,3.7879997693157894,25.81508061877967,0.4499964935263534
465.0,3.0,0.8214791666666507,3.787642381307361,25.81512002047406,0.4499965737624832
466.0,3.0,0.8212027777777617,3.787285822335203,25.81515892238382,0.44999665216262696
467.0,3.0,0.8209263888888728,3.7869300833663866,25.815197330829456,0.4499967287687964
468.0,3.0,0.8206499999999839,3.786575155435222,25.81523525205197,0.4499968036220415
469.0,3.0,0.820373611111095,3.78622102964361,25.815272692213856,0.44999687676247335
470.0,3.0,0.820097222222206,3.785867697161373,25.81530965740008,0.44999694822928493
471.0,3.0,0.8198208333333171,3.7855151492265504,25.815346153619043,0.4499970180607726
472.0,3.0,0.8195444444444282,3.785163377145666,25.81538218680354,0.44999708629435625
473.0,3.0,0.8192680555555393,3.7848123722939726,25.8154177628117,0.4499971529665996
474.0,3.0,0.8189916666666504,3.7844621261156606,25.815452887427906,0.4499972181132296
475.0,3.0,0.8187152777777614,3.784112630124049,25.815487566363736,0.4499972817691559
476.0,3.0,0.8184388888888725,3.7837638759017462,25.815521805258854,0.4499973439684891
477.0,3.0,0.8181624999999836,3.7834158551007833,25.815555609681912,0.4499974047445595
478.0,3.0,0.8178861111110947,3.783068559442731,25.815588985131438,0.44999746412993447
479.0,3.0,0.8176097222222057,3.7827219807187857,25.815621937036706,0.4499975221564364
480.0,3.0,0.8173333333333168,3.7823761107898335,25.81565447075861,0.44999757885515934
481.0,3.0,0.8170569444444279,3.7820309415864966,25.815686591590506,0.4499976342564859
482.0,3.0,0.816780555555539,3.7816864651091553,25.815718304759063,0.44999768839010357
483.0,3.0,0.81650416666665,3.7813426734279454,25.815749615425094,0.44999774128502035
484.0,3.0,0.8162277777777611,3.780999558682742,25.815780528684382,0.44999779296958053
485.0,3.0,0.8159513888888722,3.7806571130831204,25.815811049568484,0.44999784347147986
486.0,3.0,0.8156749999999833,3.780315328908295,25.815841183045542,0.44999789281778035
487.0,3.0,0.8153986111110944,3.779974198507048,25.815870934021067,0.44999794103492474
488.0,3.0,0.8151222222222054,3.7796337142976273,25.815900307338737,0.4499979881487507
489.0,3.0,0.8148458333333165,3.779293868767644,25.815929307781154,0.4499980341845046
490.0,3.0,0.8145694444444276,3.7789546544739356,25.815957940070618,0.4499980791668553
491.0,3.0,0.8142930555555387,3.7786160640424282,25.815986208869877,0.44999812311990706
492.0,3.0,0.8140166666666497,3.778278090167971,25.816014118782874,0.44999816606721244
493.0,3.0,0.8137402777777608,3.7779407256141644,25.816041674355482,0.4499982080317854
494.0,3.0,0.8134638888888719,3.7776039632131684,25.81606888007623,0.4499982490361131
495.0,3.0,0.813187499999983,3.777267795865501,25.816095740377023,0.449998289102168
496.0,3.0,0.812911111111094,3.7769322165398185,25.816122259633847,0.44999832825142
497.0,3.0,0.8126347222222051,3.7765972182726846,25.816148442167478,0.4499983665048477
498.0,3.0,0.8123583333333162,3.7762627941683315,25.816174292244163,0.44999840388294954
499.0,3.0,0.8120819444444273,3.7759289373984015,25.81619981407631,0.449998440405755
500.0,3.0,0.8118055555555383,3.7755956412016807,25.816225011823157,0.44999847609283516
501.0,3.0,0.8115291666666494,3.7752628988838226,25.816249889591447,0.44999851096331345
502.0,3.0,0.8112527777777605,3.774930703817059,25.816274451436076,0.4499985450358755
503.0,3.0,0.8109763888888716,3.774599049439901,25.816298701360754,0.44999857832877943
504.0,3.0,0.8106999999999827,3.7742679292568306,25.81632264331863,0.4499986108598657
505.0,3.0,0.8104236111110937,3.773937336837983,25.81634628121295,0.4499986426465663
506.0,3.0,0.8101472222222048,3.7736072658188187,25.81636961889766,0.4499986737059146
507.0,3.0,0.8098708333333159,3.773277709899788,25.816392660178035,0.4499987040545541
508.0,3.0,0.809594444444427,3.7729486628459896,25.81641540881129,0.44999873370874727
509.0,3.0,0.809318055555538,3.7726201184868153,25.816437868507183,0.44999876268438477
510.0,3.0,0.8090416666666491,3.77229207071559,25.816460042928604,0.4499987909969935
511.0,3.0,0.8087652777777602,3.771964513489209,25.816481935692174,0.44999881866174507
512.0,3.0,0.8084888888888713,3.7716374408277633,25.816503550368818,0.4499988456934638
513.0,3.0,0.8082124999999823,3.7713108468141567,25.81652489048434,0.44999887210663514
514.0,3.0,0.8079361111110934,3.7709847255937237,25.816545959519996,0.4499988979154127
515.0,3.0,0.8076597222222045,3.7706590713738373,25.816566760913037,0.4499989231336265
516.0,3.0,0.8073833333333156,3.770333878423507,25.816587298057286,0.4499989477747899
517.0,3.0,0.8071069444444267,3.770009141072984,25.816607574303656,0.4499989718521072
518.0,3.0,0.8068305555555377,3.769684853713346,25.816627592960717,0.4499989953784804
519.0,3.0,0.8065541666666488,3.7693610107960915,25.81664735729521,0.44999901836651646
520.0,3.0,0.8062777777777599,3.7690376068327196,25.816666870532575,0.44999904082853376
521.0,3.0,0.806001388888871,3.76871463639431,25.816686135857474,0.44999906277656876
522.0,3.0,0.805724999999982,3.7683920941111,25.8167051564143,0.44999908422238255
523.0,3.0,0.8054486111110931,3.7680699746720574,25.816723935307692,0.4499991051774671
524.0,3.0,0.8051722222222042,3.7677482728244462,25.81674247560302,0.44999912565305145
525.0,3.0,0.8048958333333153,3.7674269833733947,25.816760780326895,0.4499991456601076
526.0,3.0,0.8046194444444263,3.7671061011814597,25.816778852467642,0.4499991652093567
527.0,3.0,0.8043430555555374,3.7667856211681854,25.816796694975793,0.44999918431127417
528.0,3.0,0.8040666666666485,3.7664655383096606,25.816814310764556,0.4499992029760962
529.0,3.0,0.8037902777777596,3.7661458476380782,25.81683170271029,0.4499992212138244
530.0,3.0,0.8035138888888707,3.7658265442412864,25.816848873652955,0.4499992390342318
531.0,3.0,0.8032374999999817,3.765507623262342,25.81686582639659,0.44999925644686745
532.0,3.0,0.8029611111110928,3.765189079899061,25.816882563709754,0.4499992734610623
533.0,3.0,0.8026847222222039,3.76487090940357,25.816899088325975,0.4499992900859334
534.0,3.0,0.802408333333315,3.7645531070818516,25.816915402944186,0.4499993063303895
535.0,3.0,0.802131944444426,3.764235668293296,25.816931510229164,0.4499993222031353
536.0,3.0,0.8018555555555371,3.7639185884502435,25.816947412811967,0.4499993377126764
537.0,3.0,0.8015791666666482,3.7636018630175325,25.81696311329035,0.44999935286732384
538.0,3.0,0.8013027777777593,3.7632854875120474,25.816978614229182,0.44999936767519827
539.0,3.0,0.8010263888888703,3.7629694575022605,25.816993918160875,0.4499993821442347
540.0,3.0,0.8007499999999814,3.7626537686077786,25.817009027585776,0.4499993962821865
541.0,3.0,0.8004736111110925,3.76233841649889,25.817023944972583,0.44999941009662964
542.0,3.0,0.8001972222222036,3.7620233968961068,25.817038672758734,0.44999942359496675
543.0,3.0,0.7999208333333147,3.7617087055697134,25.81705321335081,0.4499994367844311
544.0,3.0,0.7996444444444257,3.7613943383393114,25.81706756912492,0.4499994496720904
545.0,3.0,0.7993680555555368,3.7610802910733683,25.81708174242708,0.4499994622648505
546.0,3.0,0.7990916666666479,3.760766559688761,25.81709573557361,0.44999947456945955
547.0,3.0,0.798815277777759,3.7604531401503274,25.81710955085148,0.449999486592511
548.0,3.0,0.79853888888887,3.7601400284704147,25.817123190518707,0.4499994983404475
549.0,3.0,0.7982624999999811,3.7598272207084302,25.817136656804706,0.4499995098195645
550.0,3.0,0.7979861111110922,3.759514712970392,25.817149951910654,0.44999952103601293
551.0,3.0,0.7977097222222033,3.7592025014084802,25.817163078009848,0.4499995319958035
552.0,3.0,0.7974333333333143,3.758890582220595,25.81717603724805,0.44999954270480896
553.0,3.0,0.7971569444444254,3.7585789516499064,25.817188831743845,0.44999955316876794
554.0,3.0,0.7968805555555365,3.7582676059844164,25.817201463588976,0.4499995633932876
555.0,3.0,0.7966041666666476,3.7579565415565144,25.817213934848684,0.4499995733838469
556.0,3.0,0.7963277777777586,3.757645754742539,25.817226247562044,0.44999958314579935
557.0,3.0,0.7960513888888697,3.757335241962338,25.81723840374229,0.449999592684376
558.0,3.0,0.7957749999999808,3.7570249996788347,25.817250405377155,0.44999960200468825
559.0,3.0,0.7954986111110919,3.7567150243975935,25.817262254429174,0.4499996111117305
560.0,3.0,0.795222222222203,3.756405312666385,25.81727395283602,0.44999962001038274
561.0,3.0,0.794945833333314,3.7560958610747592,25.8172855025108,0.44999962870541355
562.0,3.0,0.7946694444444251,3.755786666253615,25.817296905342385,0.4499996372014821
563.0,3.0,0.7943930555555362,3.755477724874776,25.817308163195698,0.44999964550314125
564.0,3.0,0.7941166666666473,3.755169033650567,25.817319277912027,0.44999965361483946
565.0,3.0,0.7938402777777583,3.7548605893333917,25.817330251309325,0.44999966154092347
566.0,3.0,0.7935638888888694,3.754552388715314,25.81734108518249,0.44999966928564056
567.0,3.0,0.7932874999999805,3.754244428627643,25.817351781303678,0.44999967685314085
568.0,3.0,0.7930111111110916,3.7539367059405175,25.81736234142257,0.44999968424747944
569.0,3.0,0.7927347222222026,3.7536292175624952,25.81737276726667,0.44999969147261865
570.0,3.0,0.7924583333333137,3.7533219604401435,25.817383060541577,0.44999969853243016
571.0,3.0,0.7921819444444248,3.7530149315576335,25.817393222931265,0.44999970543069706
572.0,3.0,0.7919055555555359,3.752708127936337,25.81740325609836,0.44999971217111584
573.0,3.0,0.791629166666647,3.752401546634423,25.817413161684403,0.44999971875729844
574.0,3.0,0.791352777777758,3.7520951847464623,25.817422941310117,0.44999972519277415
575.0,3.0,0.7910763888888691,3.7517890394030315,25.817432596575678,0.4499997314809914
576.0,3.0,0.7907999999999802,3.751483107770318,25.817442129060964,0.44999973762532
577.0,3.0,0.7905236111110913,3.751177387049732,25.81745154032582,0.4499997436290522
578.0,3.0,0.7902472222222023,3.750871874477519,25.817460831910306,0.44999974949540533
579.0,3.0,0.7899708333333134,3.750566567324375,25.817470005334954,0.4499997552275229
580.0,3.0,0.7896944444444245,3.750261462895065,25.817479062101004,0.44999976082847654
581.0,3.0,0.7894180555555356,3.749956558528046,25.817488003690656,0.44999976630126753
582.0,3.0,0.7891416666666466,3.749651851595088,25.817496831567308,0.4499997716488286
583.0,3.0,0.7888652777777577,3.7493473395009036,25.8175055471758,0.4499997768740252
584.0,3.0,0.7885888888888688,3.7490430196827793,25.817514151942635,0.4499997819796574
585.0,3.0,0.7883124999999799,3.7487388896102067,25.817522647276228,0.44999978696846105
586.0,3.0,0.788036111111091,3.748434946784518,25.81753103456712,0.44999979184310945
587.0,3.0,0.787759722222202,3.7481311887385256,25.817539315188213,0.4499997966062148
588.0,3.0,0.7874833333333131,3.7478276130361667,25.817547490494988,0.4499998012603294
589.0,3.0,0.7872069444444242,3.7475242172721446,25.81755556182573,0.4499998058079472
590.0,3.0,0.7869305555555353,3.7472209990715792,25.817563530501744,0.44999981025150515
591.0,3.0,0.7866541666666463,3.7469179560896575,25.817571397827567,0.44999981459338434
592.0,3.0,0.7863777777777574,3.746615086011286,25.817579165091182,0.4499998188359114
593.0,3.0,0.7861013888888685,3.746312386550751,25.81758683356423,0.4499998229813597
594.0,3.0,0.7858249999999796,3.746009855451376,25.81759440450222,0.44999982703195074
595.0,3.0,0.7855486111110906,3.745707490485185,25.817601879144714,0.44999983098985497
596.0,3.0,0.7852722222222017,3.745405289452571,25.817609258715553,0.4499998348571933
597.0,3.0,0.7849958333333128,3.745103250181963,25.817616544423046,0.4499998386360381
598.0,3.0,0.7847194444444239,3.744801370529498,25.81762373746016,0.4499998423284143
599.0,3.0,0.784443055555535,3.744499648378698,25.817630839004728,0.4499998459363005
600.0,3.0,0.784166666666646,3.7441980816401466,25.81763785021963,0.44999984946163
601.0,3.0,0.7838902777777571,3.7438966682511703,25.817644772252983,0.4499998529062919
602.0,3.0,0.7836138888888682,3.743595406175523,25.817651606238332,0.4499998562721321
603.0,3.0,0.7833374999999793,3.743294293403075,25.81765835329484,0.4499998595609542
604.0,3.0,0.7830611111110903,3.742993327949499,25.81766501452745,0.4499998627745205
605.0,3.0,0.7827847222222014,3.7426925078559683,25.81767159102709,0.44999986591455304
606.0,3.0,0.7825083333333125,3.7423918311888493,25.81767808387083,0.4499998689827345
607.0,3.0,0.7822319444444236,3.742091296039401,25.817684494122076,0.4499998719807089
608.0,3.0,0.7819555555555346,3.7417909005234784,25.817690822830723,0.44999987491008286
609.0,3.0,0.7816791666666457,3.7414906427812378,25.817697071033344,0.449999877772426
610.0,3.0,0.7814027777777568,3.7411905209768435,25.817703239753346,0.4499998805692722
611.0,3.0,0.7811263888888679,3.740890533298177,25.817709330001144,0.44999988330212015
612.0,3.0,0.780849999999979,3.740590677956556,25.817715342774328,0.44999988597243434
613.0,3.0,0.78057361111109,3.740290953186445,25.817721279057814,0.44999988858164564
614.0,3.0,0.7802972222222011,3.73999135724518,25.817727139824015,0.4499998911311522
615.0,3.0,0.7800208333333122,3.7396918884126857,25.817732926032996,0.44999989362232024
616.0,3.0,0.7797444444444233,3.7393925449912078,25.81773863863263,0.4499998960564846
617.0,3.0,0.7794680555555343,3.7390933253050327,25.817744278558752,0.4499998984349498
618.0,3.0,0.7791916666666454,3.738794227700225,25.817749846735317,0.4499999007589902
619.0,3.0,0.7789152777777565,3.7384952505443585,25.817755344074545,0.4499999030298513
620.0,3.0,0.7786388888888676,3.7381963922262527,25.817760771477065,0.4499999052487499
621.0,3.0,0.7783624999999786,3.7378976511557136,25.817766129832073,0.44999990741687507
622.0,3.0,0.7780861111110897,3.7375990257632745,25.817771420017472,0.4499999095353885
623.0,3.0,0.7778097222222008,3.7373005144999394,25.817776642900014,0.4499999116054256
624.0,3.0,0.7775333333333119,3.737002115836934,25.817781799335442,0.44999991362809544
625.0,3.0,0.777256944444423,3.736703828265454,25.817786890168627,0.449999915604482
626.0,3.0,0.776980555555534,3.7364056502964176,25.817791916233713,0.4499999175356443
627.0,3.0,0.7767041666666451,3.736107580460222,25.817796878354248,0.4499999194226172
628.0,3.0,0.7764277777777562,3.7358096173065025,25.817801777343316,0.44999992126641186
629.0,3.0,0.7761513888888673,3.7355117594038907,25.817806614003675,0.4499999230680163
630.0,3.0,0.7758749999999783,3.7352140053397798,25.81781138912789,0.4499999248283959
631.0,3.0,0.7755986111110894,3.7349163537200925,25.817816103498448,0.44999992654849397
632.0,3.0,0.7753222222222005,3.734618803169046,25.8178207578879,0.4499999282292323
633.0,3.0,0.7750458333333116,3.7343213523289265,25.817825353058986,0.4499999298715115
634.0,3.0,0.7747694444444226,3.7340239998598608,25.817829889764752,0.44999993147621153
635.0,3.0,0.7744930555555337,3.7337267444395943,25.817834368748677,0.4499999330441924
636.0,3.0,0.7742166666666448,3.733429584763268,25.817838790744798,0.4499999345762943
637.0,3.0,0.7739402777777559,3.7331325195432026,25.81784315647782,0.4499999360733382
638.0,3.0,0.773663888888867,3.7328355475086803,25.81784746666325,0.4499999375361263
639.0,3.0,0.773387499999978,3.7325386674057306,25.817851722007493,0.4499999389654425
640.0,3.0,0.7731111111110891,3.7322418779969206,25.817855923207986,0.44999994036205265
641.0,3.0,0.7728347222222002,3.7319451780611455,25.8178600709533,0.4499999417267052
642.0,3.0,0.7725583333333113,3.731648566393422,25.817864165923265,0.44999994306013136
643.0,3.0,0.7722819444444223,3.731352041804683,25.817868208789058,0.4499999443630457
644.0,3.0,0.7720055555555334,3.7310556031215794,25.81787220021334,0.4499999456361463
645.0,3.0,0.7717291666666445,3.7307592491862764,25.81787614085035,0.4499999468801156
646.0,3.0,0.7714527777777556,3.730462978856258,25.817880031346007,0.4499999480956199
647.0,3.0,0.7711763888888666,3.7301667910041325,25.81788387233803,0.4499999492833107
648.0,3.0,0.7708999999999777,3.72987068451744,25.817887664456023,0.44999995044382446
649.0,3.0,0.7706236111110888,3.7295746582984624,25.817891408321604,0.44999995157778305
650.0,3.0,0.7703472222221999,3.7292787112640315,25.817895104548477,0.449999952685794
651.0,3.0,0.770070833333311,3.7289828423453493,25.817898753742554,0.44999995376845114
652.0,3.0,0.769794444444422,3.7286870504878,25.817902356502046,0.44999995482633465
653.0,3.0,0.7695180555555331,3.7283913346507687,25.817905913417558,0.44999995586001135
654.0,3.0,0.7692416666666442,3.728095693807463,25.817909425072195,0.44999995687003513
655.0,3.0,0.7689652777777553,3.727800126944735,25.817912892041647,0.44999995785694735
656.0,3.0,0.7686888888888663,3.7275046330629076,25.817916314894287,0.4499999588212767
657.0,3.0,0.7684124999999774,3.7272092111755986,25.817919694191264,0.44999995976353996
658.0,3.0,0.7681361111110885,3.7269138603095517,25.817923030486597,0.44999996068424214
659.0,3.0,0.7678597222221996,3.7266185795044677,25.81792632432726,0.4499999615838765
660.0,3.0,0.7675833333333106,3.726323367812835,25.817929576253277,0.44999996246292523
661.0,3.0,0.7673069444444217,3.7260282242997684,25.817932786797805,0.44999996332185926
662.0,3.0,0.7670305555555328,3.725733148042842,25.817935956487226,0.44999996416113897
663.0,3.0,0.7667541666666439,3.7254381381319317,25.817939085841235,0.44999996498121403
664.0,3.0,0.7664777777777549,3.725143193669053,25.817942175372913,0.4499999657825239
665.0,3.0,0.766201388888866,3.7248483137682067,25.817945225588826,0.4499999665654979
666.0,3.0,0.7659249999999771,3.7245534975552204,25.817948236989096,0.44999996733055575
667.0,3.0,0.7656486111110882,3.724258744167599,25.817951210067488,0.44999996807810727
668.0,3.0,0.7653722222221992,3.72396405275437,25.817954145311493,0.44999996880855314
669.0,3.0,0.7650958333333103,3.7236694224759335,25.8179570432024,0.4499999695222847
670.0,3.0,0.7648194444444214,3.7233748525039188,25.817959904215385,0.4499999702196845
671.0,3.0,0.7645430555555325,3.723080342021032,25.81796272881958,0.4499999709011262
672.0,3.0,0.7642666666666436,3.7227858902209165,25.817965517478154,0.4499999715669749
673.0,3.0,0.7639902777777546,3.722491496308009,25.817968270648386,0.44999997221758753
674.0,3.0,0.7637138888888657,3.722197159497399,25.81797098878174,0.4499999728533126
675.0,3.0,0.7634374999999768,3.7219028790146886,25.817973672323948,0.44999997347449083
676.0,3.0,0.7631611111110879,3.7216086540958564,25.817976321715065,0.44999997408145515
677.0,3.0,0.7628847222221989,3.721314483987121,25.817978937389558,0.4499999746745307
678.0,3.0,0.76260833333331,3.721020367944809,25.81798151977637,0.4499999752540353
679.0,3.0,0.7623319444444211,3.72072630523522,25.817984069298987,0.4499999758202795
680.0,3.0,0.7620555555555322,3.7204322951344997,25.81798658637551,0.4499999763735668
681.0,3.0,0.7617791666666432,3.720138336928505,25.81798907141873,0.4499999769141936
682.0,3.0,0.7615027777777543,3.7198444299126834,25.81799152483618,0.4499999774424496
683.0,3.0,0.7612263888888654,3.719550573391942,25.81799394703022,0.4499999779586179
684.0,3.0,0.7609499999999765,3.719256766680525,25.817996338398093,0.4499999784629751
685.0,3.0,0.7606736111110876,3.718963009101894,25.817998699331984,0.44999997895579147
686.0,3.0,0.7603972222221986,3.7186692999886017,25.818001030219094,0.44999997943733105
687.0,3.0,0.7601208333333097,3.7183756386821747,25.818003331441705,0.4499999799078519
688.0,3.0,0.7598444444444208,3.7180820245329964,25.818005603377237,0.4499999803676062
689.0,3.0,0.7595680555555319,3.7177884569001898,25.818007846398306,0.44999998081684023
690.0,3.0,0.7592916666666429,3.7174949351515,25.81801006087279,0.44999998125579477
691.0,3.0,0.759015277777754,3.717201458663184,25.818012247163896,0.449999981684705
692.0,3.0,0.7587388888888651,3.716908026819896,25.818014405630205,0.4499999821038009
693.0,3.0,0.7584624999999762,3.716614639014577,25.81801653662574,0.4499999825133068
694.0,3.0,0.7581861111110872,3.716321294648348,25.81801864050003,0.4499999829134423
695.0,3.0,0.7579097222221983,3.716027993130396,25.81802071759814,0.4499999833044218
696.0,3.0,0.7576333333333094,3.7157347338778743,25.818022768260768,0.4499999836864548
697.0,3.0,0.7573569444444205,3.7154415163157903,25.818024792824264,0.449999984059746
698.0,3.0,0.7570805555555316,3.7151483398769085,25.81802679162071,0.4499999844244954
699.0,3.0,0.7568041666666426,3.7148552040016427,25.818028764977957,0.4499999847808986
700.0,3.0,0.7565277777777537,3.714562108137956,25.81803071321969,0.4499999851291464
701.0,3.0,0.7562513888888648,3.71426905174126,25.818032636665485,0.44999998546942555
702.0,3.0,0.7559749999999759,3.7139760342743195,25.818034535630844,0.44999998580191825
703.0,3.0,0.7556986111110869,3.71368305520715,25.818036410427254,0.4499999861268028
704.0,3.0,0.755422222222198,3.713390114016925,25.81803826136225,0.4499999864442533
705.0,3.0,0.7551458333333091,3.7130972101878803,25.81804008873945,0.44999998675443975
706.0,3.0,0.7548694444444202,3.712804343211218,25.818041892858613,0.44999998705752847
707.0,3.0,0.7545930555555312,3.7125115125850163,25.81804367401568,0.4499999873536818
708.0,3.0,0.7543166666666423,3.7122187178141375,25.818045432502835,0.4499999876430585
709.0,3.0,0.7540402777777534,3.711925958410137,25.81804716860854,0.4499999879258135
710.0,3.0,0.7537638888888645,3.7116332338911757,25.818048882617592,0.4499999882020985
711.0,3.0,0.7534874999999756,3.711340543781929,25.818050574811167,0.44999998847206146
712.0,3.0,0.7532111111110866,3.711047887613504,25.81805224546686,0.449999988735847
713.0,3.0,0.7529347222221977,3.71075526492335,25.818053894858735,0.4499999889935966
714.0,3.0,0.7526583333333088,3.710462675255179,25.818055523257378,0.44999998924544826
715.0,3.0,0.7523819444444199,3.7101701181588744,25.818057130929922,0.449999989491537
716.0,3.0,0.7521055555555309,3.7098775931904164,25.818058718140108,0.4499999897319947
717.0,3.0,0.751829166666642,3.709585099911796,25.818060285148324,0.4499999899669501
718.0,3.0,0.7515527777777531,3.7092926378909366,25.818061832211644,0.44999999019652925
719.0,3.0,0.7512763888888642,3.7090002067016132,25.818063359583867,0.44999999042085503
720.0,3.0,0.7509999999999752,3.7087078059233765,25.818064867515574,0.4499999906400478
721.0,3.0,0.7507236111110863,3.7084154351414735,25.81806635625415,0.44999999085422493
722.0,3.0,0.7504472222221974,3.7081230939467726,25.818067826043837,0.44999999106350114
723.0,3.0,0.7501708333333085,3.7078307819356877,25.81806927712577,0.4499999912679887
724.0,3.0,0.7498944444444196,3.7075384987101043,25.81807070973801,0.449999991467797
725.0,3.0,0.7496180555555306,3.7072462438773055,25.8180721241156,0.44999999166303334
726.0,3.0,0.7493416666666417,3.7069540170499025,25.818073520490586,0.44999999185380224
727.0,3.0,0.7490652777777528,3.7066618178457587,25.818074899092068,0.4499999920402058
728.0,3.0,0.7487888888888639,3.7063696458879223,25.818076260146224,0.4499999922223441
729.0,3.0,0.7485124999999749,3.706077500804556,25.81807760387636,0.4499999924003147
730.0,3.0,0.748236111111086,3.705785382228871,25.818078930502942,0.44999999257421286
731.0,3.0,0.7479597222221971,3.7054932897990525,25.818080240243628,0.4499999927441318
732.0,3.0,0.7476833333333082,3.705201223158201,25.818081533313308,0.4499999929101627
733.0,3.0,0.7474069444444192,3.7049091819542608,25.81808280992414,0.44999999307239436
734.0,3.0,0.7471305555555303,3.7046171658399563,25.818084070285575,0.44999999323091383
735.0,3.0,0.7468541666666414,3.704325174472731,25.818085314604414,0.449999993385806
736.0,3.0,0.7465777777777525,3.704033207514677,25.818086543084817,0.44999999353715386
737.0,3.0,0.7463013888888635,3.7037412646324803,25.818087755928346,0.44999999368503857
738.0,3.0,0.7460249999999746,3.7034493454973547,25.818088953334005,0.4499999938295393
739.0,3.0,0.7457486111110857,3.703157449784981,25.81809013549826,0.44999999397073354
740.0,3.0,0.7454722222221968,3.702865577175447,25.81809130261508,0.44999999410869695
741.0,3.0,0.7451958333333079,3.702573727353192,25.81809245487597,0.44999999424350345
742.0,3.0,0.7449194444444189,3.7022819000069416,25.818093592469992,0.44999999437522525
743.0,3.0,0.74464305555553,3.7019900948296556,25.818094715583804,0.44999999450393297
744.0,3.0,0.7443666666666411,3.7016983115184687,25.818095824401695,0.44999999462969553
745.0,3.0,0.7440902777777522,3.7014065497746325,25.818096919105603,0.4499999947525804
746.0,3.0,0.7438138888888632,3.701114809303465,25.818097999875153,0.44999999487265335
747.0,3.0,0.7435374999999743,3.7008230898142895,25.818099066887683,0.4499999949899788
748.0,3.0,0.7432611111110854,3.7005313910203865,25.81810012031828,0.4499999951046195
749.0,3.0,0.7429847222221965,3.700239712638936,25.818101160339797,0.449999995216637
750.0,3.0,0.7427083333333075,3.6999480543909677,25.818102187122893,0.4499999953260913
751.0,3.0,0.7424319444444186,3.699656416001307,25.818103200836052,0.44999999543304103
752.0,3.0,0.7421555555555297,3.6993647971985246,25.818104201645617,0.4499999955375435
753.0,3.0,0.7418791666666408,3.699073197714888,25.818105189715812,0.4499999956396547
754.0,3.0,0.7416027777777519,3.6987816172863073,25.818106165208775,0.4499999957394294
755.0,3.0,0.7413263888888629,3.6984900556522886,25.818107128284577,0.44999999583692096
756.0,3.0,0.741049999999974,3.698198512555887,25.818108079101254,0.44999999593218176
757.0,3.0,0.7407736111110851,3.697906987743655,25.81810901781483,0.44999999602526275
758.0,3.0,0.7404972222221962,3.6976154809655983,25.818109944579348,0.4499999961162138
759.0,3.0,0.7402208333333072,3.6973239919751273,25.818110859546884,0.4499999962050837
760.0,3.0,0.7399444444444183,3.697032520529011,25.818111762867584,0.4499999962919201
761.0,3.0,0.7396680555555294,3.696741066387334,25.818112654689685,0.44999999637676946
762.0,3.0,0.7393916666666405,3.696449629313449,25.818113535159533,0.44999999645967725
763.0,3.0,0.7391152777777515,3.6961582090739316,25.818114404421614,0.4499999965406879
764.0,3.0,0.7388388888888626,3.695866805438543,25.818115262618576,0.4499999966198449
765.0,3.0,0.7385624999999737,3.695575418180178,25.818116109891253,0.4499999966971906
766.0,3.0,0.7382861111110848,3.6952840470748294,25.818116946378684,0.4499999967727664
767.0,3.0,0.7380097222221959,3.6949926919015446,25.81811777221814,0.4499999968466129
768.0,3.0,0.7377333333333069,3.6947013524423804,25.818118587545147,0.44999999691876963
769.0,3.0,0.737456944444418,3.6944100284823675,25.8181193924935,0.44999999698927523
770.0,3.0,0.7371805555555291,3.694118719809468,25.8181201871953,0.4499999970581675
771.0,3.0,0.7369041666666402,3.6938274262145345,25.818120971780967,0.44999999712548333
772.0,3.0,0.7366277777777512,3.693536147491273,25.81812174637925,0.4499999971912588
773.0,3.0,0.7363513888888623,3.6932448834362015,25.818122511117277,0.4499999972555293
774.0,3.0,0.7360749999999734,3.692953633848617,25.81812326612054,0.44999999731832907
775.0,3.0,0.7357986111110845,3.6926623985305507,25.81812401151295,0.4499999973796918
776.0,3.0,0.7355222222221955,3.6923711772867374,25.818124747416828,0.44999999743965047
777.0,3.0,0.7352458333333066,3.692079969924575,25.81812547395295,0.4499999974982371
778.0,3.0,0.7349694444444177,3.69178877625409,25.818126191240545,0.44999999755548314
779.0,3.0,0.7346930555555288,3.6914975960879013,25.81812689939733,0.4499999976114193
780.0,3.0,0.7344166666666399,3.691206429241184,25.818127598539526,0.4499999976660755
781.0,3.0,0.7341402777777509,3.6909152755316375,25.81812828878187,0.449999997719481
782.0,3.0,0.733863888888862,3.690624134779448,25.818128970237645,0.44999999777166455
783.0,3.0,0.7335874999999731,3.6903330068072586,25.818129643018686,0.44999999782265393
784.0,3.0,0.7333111111110842,3.6900418914401305,25.818130307235407,0.4499999978724766
785.0,3.0,0.7330347222221952,3.6897507885055147,25.81813096299682,0.4499999979211592
786.0,3.0,0.7327583333333063,3.6894596978332195,25.818131610410543,0.4499999979687278
787.0,3.0,0.7324819444444174,3.689168619255374,25.81813224958283,0.44999999801520796
788.0,3.0,0.7322055555555285,3.688877552606404,25.818132880618588,0.4499999980606246
789.0,3.0,0.7319291666666395,3.688586497722991,25.818133503621375,0.4499999981050019
790.0,3.0,0.7316527777777506,3.6882954544440527,25.81813411869344,0.44999999814836383
791.0,3.0,0.7313763888888617,3.6880044226107023,25.81813472593573,0.4499999981907335
792.0,3.0,0.7310999999999728,3.687713402066226,25.81813532544791,0.44999999823213366
793.0,3.0,0.7308236111110838,3.6874223926560497,25.818135917328366,0.4499999982725865
794.0,3.0,0.7305472222221949,3.6871313942277113,25.818136501674246,0.4499999983121137
795.0,3.0,0.730270833333306,3.6868404066308313,25.81813707858145,0.44999999835073634
796.0,3.0,0.7299944444444171,3.6865494297170853,25.818137648144667,0.4499999983884753
797.0,3.0,0.7297180555555282,3.6862584633401747,25.818138210457374,0.44999999842535066
798.0,3.0,0.7294416666666392,3.685967507355801,25.81813876561186,0.4499999984613823
799.0,3.0,0.7291652777777503,3.6856765616216376,25.81813931369924,0.44999999849658934
800.0,3.0,0.7288888888888614,3.6853856259973012,25.818139854809473,0.4499999985309908
801.0,3.0,0.7286124999999725,3.685094700344329,25.818140389031367,0.44999999856460515
802.0,3.0,0.7283361111110835,3.6848037845261508,25.818140916452602,0.44999999859745027
803.0,3.0,0.7280597222221946,3.6845128784080607,25.818141437159746,0.4499999986295438
804.0,3.0,0.7277833333333057,3.6842219818571977,25.818141951238257,0.449999998660903
805.0,3.0,0.7275069444444168,3.6839310947425137,25.818142458772513,0.4499999986915446
806.0,3.0,0.7272305555555278,3.683640216934754,25.818142959845815,0.4499999987214851
807.0,3.0,0.7269541666666389,3.6833493483064306,25.818143454540404,0.4499999987507404
808.0,3.0,0.72667777777775,3.683058488731798,25.81814394293748,0.4499999987793264
809.0,3.0,0.7264013888888611,3.682767638086832,25.818144425117193,0.44999999880725816
810.0,3.0,0.7261249999999722,3.6824767962492007,25.818144901158693,0.44999999883455083
811.0,3.0,0.7258486111110832,3.682185963098248,25.818145371140112,0.449999998861219
812.0,3.0,0.7255722222221943,3.6818951385149674,25.818145835138587,0.44999999888727693
813.0,3.0,0.7252958333333054,3.6816043223819777,25.818146293230278,0.44999999891273856
814.0,3.0,0.7250194444444165,3.681313514583507,25.818146745490374,0.4499999989376176
815.0,3.0,0.7247430555555275,3.6810227150053625,25.818147191993102,0.4499999989619273
816.0,3.0,0.7244666666666386,3.680731923534917,25.818147632811755,0.4499999989856808
817.0,3.0,0.7241902777777497,3.6804411400610806,25.81814806801868,0.44999999900889076
818.0,3.0,0.7239138888888608,3.6801503644742852,25.818148497685314,0.4499999990315696
819.0,3.0,0.7236374999999718,3.679859596666461,25.81814892188218,0.44999999905372956
820.0,3.0,0.7233611111110829,3.679568836531017,25.818149340678904,0.44999999907538235
821.0,3.0,0.723084722222194,3.679278083962819,25.818149754144226,0.44999999909653976
822.0,3.0,0.7228083333333051,3.678987338858173,25.818150162346015,0.449999999117213
823.0,3.0,0.7225319444444162,3.6786966011148023,25.818150565351267,0.4499999991374132
824.0,3.0,0.7222555555555272,3.6784058706318303,25.818150963226135,0.44999999915715116
825.0,3.0,0.7219791666666383,3.6781151473097613,25.818151356035923,0.44999999917643746
826.0,3.0,0.7217027777777494,3.6778244310504595,25.818151743845107,0.44999999919528244
827.0,3.0,0.7214263888888605,3.677533721757133,25.81815212671734,0.44999999921369627
828.0,3.0,0.7211499999999715,3.6772430193343157,25.818152504715467,0.4499999992316887
829.0,3.0,0.7208736111110826,3.676952323687845,25.818152877901536,0.4499999992492694
830.0,3.0,0.7205972222221937,3.67666163472485,25.8181532463368,0.44999999926644785
831.0,3.0,0.7203208333333048,3.676370952353729,25.818153610081733,0.44999999928323325
832.0,3.0,0.7200444444444158,3.6760802764841345,25.818153969196047,0.4499999992996345
833.0,3.0,0.7197680555555269,3.6757896070269567,25.818154323738682,0.4499999993156605
834.0,3.0,0.719491666666638,3.675498943894303,25.818154673767836,0.44999999933131973
835.0,3.0,0.7192152777777491,3.6752082869994864,25.81815501934096,0.4499999993466207
836.0,3.0,0.7189388888888602,3.6749176362570064,25.81815536051478,0.44999999936157153
837.0,3.0,0.7186624999999712,3.674626991582531,25.8181556973453,0.44999999937618024
838.0,3.0,0.7183861111110823,3.6743363528928845,25.818156029887806,0.44999999939045465
839.0,3.0,0.7181097222221934,3.6740457201060295,25.818156358196884,0.4499999994044025
840.0,3.0,0.7178333333333045,3.6737550931410516,25.818156682326425,0.4499999994180311
841.0,3.0,0.7175569444444155,3.673464471918144,25.81815700232963,0.4499999994313479
842.0,3.0,0.7172805555555266,3.673173856358593,25.81815731825903,0.44999999944436
843.0,3.0,0.7170041666666377,3.6728832463847634,25.818157630166482,0.44999999945707425
844.0,3.0,0.7167277777777488,3.672592641920081,25.818157938103184,0.44999999946949765
845.0,3.0,0.7164513888888598,3.6723020428890205,25.818158242119683,0.4499999994816368
846.0,3.0,0.7161749999999709,3.6720114492170937,25.81815854226588,0.4499999994934981
847.0,3.0,0.715898611111082,3.6717208608308285,25.81815883859105,0.44999999950508807
848.0,3.0,0.7156222222221931,3.671430277657762,25.818159131143826,0.4499999995164128
849.0,3.0,0.7153458333333041,3.6711396996264227,25.818159419972236,0.4499999995274784
850.0,3.0,0.7150694444444152,3.6708491266663175,25.818159705123687,0.4499999995382908
851.0,3.0,0.7147930555555263,3.6705585587079175,25.81815998664499,0.4499999995488557
852.0,3.0,0.7145166666666374,3.670267995682649,25.818160264582353,0.44999999955917896
853.0,3.0,0.7142402777777485,3.669977437522877,25.818160538981402,0.44999999956926595
854.0,3.0,0.7139638888888595,3.669686884161889,25.81816080988718,0.4499999995791221
855.0,3.0,0.7136874999999706,3.6693963355338917,25.81816107734415,0.4499999995887528
856.0,3.0,0.7134111111110817,3.6691057915739895,25.818161341396223,0.44999999959816306
857.0,3.0,0.7131347222221928,3.668815252218177,25.81816160208674,0.44999999960735804
858.0,3.0,0.7128583333333038,3.668524717403325,25.818161859458492,0.4499999996163426
859.0,3.0,0.7125819444444149,3.6682341870671693,25.818162113553726,0.44999999962512155
860.0,3.0,0.712305555555526,3.6679436611483003,25.818162364414157,0.44999999963369963
861.0,3.0,0.7120291666666371,3.667653139586146,25.81816261208096,0.4499999996420814
862.0,3.0,0.7117527777777481,3.6673626223209674,25.818162856594792,0.44999999965027143
863.0,3.0,0.7114763888888592,3.6670721092938425,25.81816309799579,0.44999999965827403
864.0,3.0,0.7111999999999703,3.666781600446658,25.818163336323583,0.4499999996660935
865.0,3.0,0.7109236111110814,3.666491095722094,25.81816357161729,0.44999999967373405
866.0,3.0,0.7106472222221925,3.666200595063619,25.818163803915535,0.44999999968119975
867.0,3.0,0.7103708333333035,3.6659100984154747,25.818164033256455,0.4499999996884947
868.0,3.0,0.7100944444444146,3.6656196057226658,25.81816425967769,0.44999999969562265
869.0,3.0,0.7098180555555257,3.6653291169309523,25.818164483216414,0.4499999997025875
870.0,3.0,0.7095416666666368,3.6650386319868367,25.81816470390932,0.449999999709393
871.0,3.0,0.7092652777777478,3.6647481508375543,25.818164921792636,0.44999999971604276
872.0,3.0,0.7089888888888589,3.6644576734310634,25.81816513690213,0.44999999972254034
873.0,3.0,0.70871249999997,3.6641671997160365,25.818165349273112,0.44999999972888927
874.0,3.0,0.7084361111110811,3.6638767296418484,25.818165558940443,0.4499999997350929
875.0,3.0,0.7081597222221921,3.663586263158567,25.81816576593854,0.4499999997411546
876.0,3.0,0.7078833333333032,3.663295800216946,25.818165970301386,0.4499999997470776
877.0,3.0,0.7076069444444143,3.6630053407684136,25.81816617206253,0.4499999997528651
878.0,3.0,0.7073305555555254,3.6627148847650637,25.818166371255085,0.44999999975852006
879.0,3.0,0.7070541666666365,3.6624244321596455,25.818166567911756,0.4499999997640457
880.0,3.0,0.7067777777777475,3.6621339829055577,25.818166762064827,0.4499999997694449
881.0,3.0,0.7065013888888586,3.661843536956836,25.818166953746164,0.4499999997747205
882.0,3.0,0.7062249999999697,3.661553094268147,25.818167142987235,0.4499999997798754
883.0,3.0,0.7059486111110808,3.661262654794779,25.818167329819108,0.4499999997849124
884.0,3.0,0.7056722222221918,3.6609722184926325,25.81816751427245,0.44999999978983407
885.0,3.0,0.7053958333333029,3.660681785318212,25.818167696377543,0.4499999997946432
886.0,3.0,0.705119444444414,3.6603913552286187,25.818167876164278,0.44999999979934224
887.0,3.0,0.7048430555555251,3.6601009281815426,25.81816805366217,0.44999999980393374
888.0,3.0,0.7045666666666361,3.659810504135252,25.81816822890036,0.4499999998084202
889.0,3.0,0.7042902777777472,3.6595200830485886,25.81816840190761,0.449999999812804
890.0,3.0,0.7040138888888583,3.6592296648809577,25.818168572712324,0.4499999998170875
891.0,3.0,0.7037374999999694,3.6589392495923208,25.81816874134254,0.4499999998212729
892.0,3.0,0.7034611111110805,3.6586488371431893,25.81816890782594,0.44999999982536265
893.0,3.0,0.7031847222221915,3.658358427494615,25.818169072189853,0.44999999982935873
894.0,3.0,0.7029083333333026,3.6580680206081837,25.818169234461266,0.44999999983326344
895.0,3.0,0.7026319444444137,3.6577776164460074,25.81816939466681,0.4499999998370787
896.0,3.0,0.7023555555555248,3.6574872149707196,25.818169552832792,0.44999999984080674
897.0,3.0,0.7020791666666358,3.657196816145463,25.81816970898517,0.4499999998444495
898.0,3.0,0.7018027777777469,3.656906419933888,25.81816986314958,0.4499999998480088
899.0,3.0,0.701526388888858,3.6566160263001426,25.818170015351335,0.44999999985148675
900.0,0.0,0.7012499999999691,3.752325635208865,25.818170165615413,0.0
901.0,0.0,0.7012499999999691,3.7535612786047814,25.80775364730318,0.0
902.0,0.0,0.7012499999999691,3.7547686476561934,25.79746974670094,0.0
903.0,0.0,0.7012499999999691,3.755948389344714,25.787316775388774,0.0
904.0,0.0,0.7012499999999691,3.7571011358475377,25.77729306644285,0.0
905.0,0.0,0.7012499999999691,3.758227504876201,25.767396974161752,0.0
906.0,0.0,0.7012499999999691,3.7593281000075893,25.757626873796266,0.0
907.0,0.0,0.7012499999999691,3.760403511007368,25.747981161282656,0.0
908.0,0.0,0.7012499999999691,3.761454314146018,25.73845825297929,0.0
909.0,0.0,0.7012499999999691,3.762481072507634,25.729056585406635,0.0
910.0,0.0,0.7012499999999691,3.7634843362916595,25.719774614990577,0.0
911.0,0.0,0.7012499999999691,3.764464643107718,25.710610817808984,0.0
912.0,0.0,0.7012499999999691,3.765422518263697,25.70156368934151,0.0
913.0,0.0,0.7012499999999691,3.766358475047238,25.692631744222577,0.0
914.0,0.0,0.7012499999999691,3.767273015000788,25.68381351599752,0.0
915.0,0.0,0.7012499999999691,3.7681666281903583,25.675107556881812,0.0
916.0,0.0,0.7012499999999691,3.7690397934681292,25.666512437523362,0.0
917.0,0.0,0.7012499999999691,3.769892978729048,25.658026746767856,0.0
918.0,0.0,0.7012499999999691,3.770726641161558,25.64964909142706,0.0
919.0,0.0,0.7012499999999691,3.771541227492585,25.641378096050097,0.0
920.0,0.0,0.7012499999999691,3.7723371742269225,25.63321240269761,0.0
921.0,0.0,0.7012499999999691,3.773114907881136,25.62515067071882,0.0
922.0,0.0,0.7012499999999691,3.773874845212119,25.61719157653143,0.0
923.0,0.0,0.7012499999999691,3.7746173934404137,25.60933381340429,0.0
924.0,0.0,0.7012499999999691,3.7753429504684255,25.601576091242894,0.0
925.0,0.0,0.7012499999999691,3.776051905093644,25.593917136377534,0.0
926.0,0.0,0.7012499999999691,3.7767446372169844,25.58635569135421,0.0
927.0,0.0,0.7012499999999691,3.7774215180463595,25.578890514728172,0.0
928.0,0.0,0.7012499999999691,3.7780829102955975,25.571520380860104,0.0
929.0,0.0,0.7012499999999691,3.7787291683788062,25.564244079714893,0.0
930.0,0.0,0.7012499999999691,3.779360638600287,25.557060416662967,0.0
931.0,0.0,0.7012499999999691,3.779977659340109,25.549968212284156,0.0
932.0,0.0,0.7012499999999691,3.7805805612354306,25.542966302174058,0.0
933.0,0.0,0.7012499999999691,3.7811696673576782,25.53605353675286,0.0
934.0,0.0,0.7012499999999691,3.781745293385665,25.529228781076608,0.0
935.0,0.0,0.7012499999999691,3.782307747774751,25.522490914650863,0.0
936.0,0.0,0.7012499999999691,3.7828573319221332,25.515838831246743,0.0
937.0,0.0,0.7012499999999691,3.783394340328352,25.509271438719296,0.0
938.0,0.0,0.7012499999999691,3.7839190607551028,25.502787658828193,0.0
939.0,0.0,0.7012499999999691,3.784431774379435,25.496386427060706,0.0
940.0,0.0,0.7012499999999691,3.784932755944425,25.490066692456924,0.0
941.0,0.0,0.7012499999999691,3.7854222739064,25.48382741743722,0.0
942.0,0.0,0.7012499999999691,3.785900590578793,25.477667577631884,0.0
943.0,0.0,0.7012499999999691,3.7863679622727053,25.47158616171296,0.0
944.0,0.0,0.7012499999999691,3.7868246394342564,25.46558217122819,0.0
945.0,0.0,0.7012499999999691,3.787270866778784,25.45965462043709,0.0
946.0,0.0,0.7012499999999691,3.787706883421982,25.453802536149116,0.0
947.0,0.0,0.7012499999999691,3.7881329230080283,25.448024957563884,0.0
948.0,0.0,0.7012499999999691,3.78854921383479,25.44232093611342,0.0
949.0,0.0,0.7012499999999691,3.7889559789761567,25.436689535306417,0.0
950.0,0.0,0.7012499999999691,3.789353436401578,25.431129830574505,0.0
951.0,0.0,0.7012499999999691,3.7897417990928637,25.425640909120432,0.0
952.0,0.0,0.7012499999999691,3.790121275158313,25.420221869768206,0.0
953.0,0.0,0.7012499999999691,3.7904920679442333,25.414871822815137,0.0
954.0,0.0,0.7012499999999691,3.7908543761439017,25.409589889885776,0.0
955.0,0.0,0.7012499999999691,3.7912083939040406,25.404375203787694,0.0
956.0,0.0,0.7012499999999691,3.7915543109288503,25.3992269083691,0.0
957.0,0.0,0.7012499999999691,3.7918923125816675,25.394144158378293,0.0
958.0,0.0,0.7012499999999691,3.7922225799842906,25.389126119324864,0.0
959.0,0.0,0.7012499999999691,3.7925452901140373,25.38417196734272,0.0
960.0,0.0,0.7012499999999691,3.7928606158985807,25.37928088905479,0.0
961.0,0.0,0.7012499999999691,3.793168726308614,25.37445208143951,0.0
962.0,0.0,0.7012499999999691,3.7934697864483926,25.369684751698962,0.0
963.0,0.0,0.7012499999999691,3.7937639576442117,25.36497811712872,0.0
964.0,0.0,0.7012499999999691,3.7940513975308514,25.360331404989353,0.0
965.0,0.0,0.7012499999999691,3.7943322601360467,25.355743852379536,0.0
966.0,0.0,0.7012499999999691,3.794606695963028,25.351214706110817,0.0
967.0,0.0,0.7012499999999691,3.794874852071166,25.346743222583942,0.0
968.0,0.0,0.7012499999999691,3.795136872154779,25.342328667666784,0.0
969.0,0.0,0.7012499999999691,3.795392896620128,25.337970316573806,0.0
970.0,0.0,0.7012499999999691,3.795643062660661,25.333667453747054,0.0
971.0,0.0,0.7012499999999691,3.795887504330525,25.329419372738702,0.0
972.0,0.0,0.7012499999999691,3.796126352616401,25.325225376095037,0.0
973.0,0.0,0.7012499999999691,3.7963597355076972,25.321084775241975,0.0
974.0,0.0,0.7012499999999691,3.7965877780651303,25.316996890371996,0.0
975.0,0.0,0.7012499999999691,3.7968106024877417,25.31296105033254,0.0
976.0,0.0,0.7012499999999691,3.797028328178382,25.308976592515805,0.0
977.0,0.0,0.7012499999999691,3.797241071807688,25.30504286274998,0.0
978.0,0.0,0.7012499999999691,3.797448947376609,25.30115921519182,0.0
979.0,0.0,0.7012499999999691,3.7976520662774904,25.29732501222063,0.0
980.0,0.0,0.7012499999999691,3.7978505373537663,25.29353962433356,0.0
981.0,0.0,0.7012499999999691,3.7980444669582853,25.28980243004228,0.0
982.0,0.0,0.7012499999999691,3.798233959010298,25.286112815770906,0.0
983.0,0.0,0.7012499999999691,3.798419115051147,25.282470175755304,0.0
984.0,0.0,0.7012499999999691,3.7986000342986754,25.278873911943606,0.0
985.0,0.0,0.7012499999999691,3.798776813700397,25.275323433898027,0.0
986.0,0.0,0.7012499999999691,3.7989495479854427,25.271818158697936,0.0
987.0,0.0,0.7012499999999691,3.799118329715326,25.268357510844144,0.0
988.0,0.0,0.7012499999999691,3.7992832493335422,25.264940922164413,0.0
989.0,0.0,0.7012499999999691,3.79944439521403,25.26156783172019,0.0
990.0,0.0,0.7012499999999691,3.7996018537085336,25.25823768571449,0.0
991.0,0.0,0.7012499999999691,3.7997557091928695,25.254949937400998,0.0
992.0,0.0,0.7012499999999691,3.799906044112144,25.251704046994274,0.0
993.0,0.0,0.7012499999999691,3.8000529390249307,25.248499481581153,0.0
994.0,0.0,0.7012499999999691,3.800196472646439,25.245335715033246,0.0
995.0,0.0,0.7012499999999691,3.800336721890694,25.242212227920554,0.0
996.0,0.0,0.7012499999999691,3.800473761911753,25.239128507426194,0.0
997.0,0.0,0.7012499999999691,3.8006076661439754,25.236084047262203,0.0
998.0,0.0,0.7012499999999691,3.8007385063413763,25.23307834758641,0.0
999.0,0.0,0.7012499999999691,3.8008663526160738,25.23011091492038,0.0
1000.0,0.0,0.7012499999999691,3.800991273475861,25.227181262068385,0.0
1001.0,0.0,0.7012499999999691,3.8011133358609155,25.224288908037423,0.0
1002.0,0.0,0.7012499999999691,3.8012326051796714,25.221433377958242,0.0
1003.0,0.0,0.7012499999999691,3.8013491453438686,25.218614203007384,0.0
1004.0,0.0,0.7012499999999691,3.8014630188027994,25.215830920330205,0.0
1005.0,0.0,0.7012499999999691,3.8015742865767743,25.21308307296489,0.0
1006.0,0.0,0.7012499999999691,3.801683008289819,25.21037020976742,0.0
1007.0,0.0,0.7012499999999691,3.8017892422016266,25.20769188533751,0.0
1008.0,0.0,0.7012499999999691,3.8018930452387734,25.205047659945482,0.0
1009.0,0.0,0.7012499999999691,3.8019944730252266,25.202437099460063,0.0
1010.0,0.0,0.7012499999999691,3.8020935799121505,25.199859775277123,0.0
1011.0,0.0,0.7012499999999691,3.802190419007029,25.197315264249287,0.0
1012.0,0.0,0.7012499999999691,3.802285042202127,25.194803148616483,0.0
1013.0,0.0,0.7012499999999691,3.802377500202295,25.192323015937337,0.0
1014.0,0.0,0.7012499999999691,3.8024678425521405,25.189874459021468,0.0
1015.0,0.0,0.7012499999999691,3.8025561176625775,25.18745707586263,0.0
1016.0,0.0,0.7012499999999691,3.8026423728367678,25.18507046957271,0.0
1017.0,0.0,0.7012499999999691,3.802726654295468,25.18271424831658,0.0
1018.0,0.0,0.7012499999999691,3.802809007201799,25.180388025247733,0.0
1019.0,0.0,0.7012499999999691,3.802889475685446,25.17809141844481,0.0
1020.0,0.0,0.7012499999999691,3.8029681028663065,25.17582405084887,0.0
1021.0,0.0,0.7012499999999691,3.8030449308775958,25.17358555020149,0.0
1022.0,0.0,0.7012499999999691,3.8031200008884243,25.171375548983647,0.0
1023.0,0.0,0.7012499999999691,3.8031933531258604,25.169193684355385,0.0
1024.0,0.0,0.7012499999999691,3.8032650268964847,25.16703959809623,0.0
1025.0,0.0,0.7012499999999691,3.803335060607453,25.164912936546393,0.0
1026.0,0.0,0.7012499999999691,3.8034034917870785,25.162813350548696,0.0
1027.0,0.0,0.7012499999999691,3.8034703571049397,25.16074049539125,0.0
1028.0,0.0,0.7012499999999691,3.8035356923915327,25.15869403075085,0.0
1029.0,0.0,0.7012499999999691,3.8035995326574685,25.156673620637125,0.0
1030.0,0.0,0.7012499999999691,3.8036619121122364,25.154678933337348,0.0
1031.0,0.0,0.7012499999999691,3.8037228641825345,25.152709641361987,0.0
1032.0,0.0,0.7012499999999691,3.80378242153018,25.150765421390943,0.0
1033.0,0.0,0.7012499999999691,3.803840616069616,25.148845954220455,0.0
1034.0,0.0,0.7012499999999691,3.803897478985007,25.146950924710705,0.0
1035.0,0.0,0.7012499999999691,3.8039530407469546,25.145080021734064,0.0
1036.0,0.0,0.7012499999999691,3.8040073311288234,25.143232938124022,0.0
1037.0,0.0,0.7012499999999691,3.804060379222694,25.141409370624757,0.0
1038.0,0.0,0.7012499999999691,3.8041122134549554,25.13960901984134,0.0
1039.0,0.0,0.7012499999999691,3.8041628616015344,25.137831590190583,0.0
1040.0,0.0,0.7012499999999691,3.8042123508027825,25.13607678985251,0.0
1041.0,0.0,0.7012499999999691,3.8042607075780164,25.134344330722442,0.0
1042.0,0.0,0.7012499999999691,3.8043079578397316,25.132633928363706,0.0
1043.0,0.0,0.7012499999999691,3.804354126907486,25.130945301960928,0.0
1044.0,0.0,0.7012499999999691,3.804399239521467,25.129278174273924,0.0
1045.0,0.0,0.7012499999999691,3.8044433198557526,25.127632271592198,0.0
1046.0,0.0,0.7012499999999691,3.8044863915312606,25.126007323689983,0.0
1047.0,0.0,0.7012499999999691,3.8045284776284083,25.124403063781894,0.0
1048.0,0.0,0.7012499999999691,3.804569600699481,25.122819228479116,0.0
1049.0,0.0,0.7012499999999691,3.8046097827807164,25.121255557746164,0.0
1050.0,0.0,0.7012499999999691,3.8046490454041115,25.11971179485819,0.0
1051.0,0.0,0.7012499999999691,3.804687409608963,25.118187686358837,0.0
1052.0,0.0,0.7012499999999691,3.8047248959531403,25.11668298201862,0.0
1053.0,0.0,0.7012499999999691,3.804761524524102,25.115197434793846,0.0
1054.0,0.0,0.7012499999999691,3.804797314949659,25.113730800786055,0.0
1055.0,0.0,0.7012499999999691,3.804832286408493,25.112282839201974,0.0
1056.0,0.0,0.7012499999999691,3.804866457640435,25.110853312313985,0.0
1057.0,0.0,0.7012499999999691,3.8048998469565043,25.1094419854211,0.0
1058.0,0.0,0.7012499999999691,3.804932472248723,25.108048626810415,0.0
1059.0,0.0,0.7012499999999691,3.804964350999703,25.106673007719078,0.0
1060.0,0.0,0.7012499999999691,3.804995500292013,25.10531490229673,0.0
1061.0,0.0,0.7012499999999691,3.8050259368173354,25.103974087568414,0.0
1062.0,0.0,0.7012499999999691,3.8050556768854062,25.102650343397983,0.0
1063.0,0.0,0.7012499999999691,3.80508473643276,25.101343452451943,0.0
1064.0,0.0,0.7012499999999691,3.805113131031266,25.10005320016378,0.0
1065.0,0.0,0.7012499999999691,3.805140875896472,25.098779374698733,0.0
1066.0,0.0,0.7012499999999691,3.805167985895762,25.097521766919005,0.0
1067.0,0.0,0.7012499999999691,3.805194475556318,25.096280170349434,0.0
1068.0,0.0,0.7012499999999691,3.8052203590729086,25.095054381143598,0.0
1069.0,0.0,0.7012499999999691,3.805245650315492,25.093844198050334,0.0
1070.0,0.0,0.7012499999999691,3.8052703628366515,25.092649422380713,0.0
1071.0,0.0,0.7012499999999691,3.8052945098788555,25.091469857975405,0.0
1072.0,0.0,0.7012499999999691,3.8053181043815547,25.090305311172475,0.0
1073.0,0.0,0.7012499999999691,3.805341158988116,25.089155590775604,0.0
1074.0,0.0,0.7012499999999691,3.805363686052596,25.088020508022673,0.0
1075.0,0.0,0.7012499999999691,3.805385697646363,25.086899876554792,0.0
1076.0,0.0,0.7012499999999691,3.805407205564566,25.085793512385692,0.0
1077.0,0.0,0.7012499999999691,3.805428221332452,25.084701233871524,0.0
1078.0,0.0,0.7012499999999691,3.8054487562115447,25.08362286168103,0.0
1079.0,0.0,0.7012499999999691,3.8054688212056793,25.08255821876611,0.0
1080.0,0.0,0.7012499999999691,3.805488427066897,25.081507130332746,0.0
1081.0,0.0,0.7012499999999691,3.8055075843012074,25.080469423812307,0.0
1082.0,0.0,0.7012499999999691,3.805526303174221,25.079444928833215,0.0
1083.0,0.0,0.7012499999999691,3.805544593716644,25.078433477192977,0.0
1084.0,0.0,0.7012499999999691,3.8055624657296607,25.077434902830568,0.0
1085.0,0.0,0.7012499999999691,3.8055799287901797,25.07644904179916,0.0
1086.0,0.0,0.7012499999999691,3.8055969922559685,25.07547573223922,0.0
1087.0,0.0,0.7012499999999691,3.8056136652706676,25.074514814351915,0.0
1088.0,0.0,0.7012499999999691,3.8056299567686906,25.073566130372896,0.0
1089.0,0.0,0.7012499999999691,3.805645875480011,25.07262952454639,0.0
1090.0,0.0,0.7012499999999691,3.8056614299348395,25.071704843099617,0.0
1091.0,0.0,0.7012499999999691,3.8056766284681975,25.070791934217564,0.0
1092.0,0.0,0.7012499999999691,3.8056914792243823,25.069890648018035,0.0
1093.0,0.0,0.7012499999999691,3.805705990161329,25.069000836527064,0.0
1094.0,0.0,0.7012499999999691,3.8057201690548794,25.068122353654612,0.0
1095.0,0.0,0.7012499999999691,3.8057340235029447,25.067255055170584,0.0
1096.0,0.0,0.7012499999999691,3.805747560929579,25.066398798681142,0.0
1097.0,0.0,0.7012499999999691,3.805760788588957,25.065553443605342,0.0
1098.0,0.0,0.7012499999999691,3.8057737135692618,25.064718851152033,0.0
1099.0,0.0,0.7012499999999691,3.8057863427964818,25.06389488429709,0.0
1100.0,0.0,0.7012499999999691,3.8057986830381236,25.063081407760897,0.0
1101.0,0.0,0.7012499999999691,3.8058107409068374,25.062278287986164,0.0
1102.0,0.0,0.7012499999999691,3.8058225228639615,25.06148539311597,0.0
1103.0,0.0,0.7012499999999691,3.805834035222983,25.06070259297213,0.0
1104.0,0.0,0.7012499999999691,3.805845284152923,25.059929759033828,0.0
1105.0,0.0,0.7012499999999691,3.805856275681641,25.0591667644165,0.0
1106.0,0.0,0.7012499999999691,3.8058670156990644,25.058413483851012,0.0
1107.0,0.0,0.7012499999999691,3.805877509960347,25.057669793663095,0.0
1108.0,0.0,0.7012499999999691,3.805887764088951,25.056935571753034,0.0
1109.0,0.0,0.7012499999999691,3.80589778357966,25.056210697575622,0.0
1110.0,0.0,0.7012499999999691,3.8059075738015262,25.055495052120378,0.0
1111.0,0.0,0.7012499999999691,3.805917140000744,25.054788517891993,0.0
1112.0,0.0,0.7012499999999691,3.8059264873034633,25.054090978891054,0.0
1113.0,0.0,0.7012499999999691,3.805935620718537,25.053402320594987,0.0
1114.0,0.0,0.7012499999999691,3.8059445451402025,25.052722429939266,0.0
1115.0,0.0,0.7012499999999691,3.8059532653507073,25.052051195298834,0.0
1116.0,0.0,0.7012499999999691,3.8059617860228685,25.0513885064698,0.0
1117.0,0.0,0.7012499999999691,3.80597011172258,25.050734254651317,0.0
1118.0,0.0,0.7012499999999691,3.805978246911257,25.050088332427748,0.0
1119.0,0.0,0.7012499999999691,3.805986195948227,25.049450633751007,0.0
1120.0,0.0,0.7012499999999691,3.805993963093066,25.04882105392316,0.0
1121.0,0.0,0.7012499999999691,3.8060015525078827,25.04819948957923,0.0
1122.0,0.0,0.7012499999999691,3.8060089682595453,25.047585838670233,0.0
1123.0,0.0,0.7012499999999691,3.806016214321864,25.04698000044642,0.0
1124.0,0.0,0.7012499999999691,3.806023294577719,25.046381875440737,0.0
1125.0,0.0,0.7012499999999691,3.80603021282114,25.045791365452487,0.0
1126.0,0.0,0.7012499999999691,3.806036972759343,25.045208373531217,0.0
1127.0,0.0,0.7012499999999691,3.8060435780147124,25.0446328039608,0.0
1128.0,0.0,0.7012499999999691,3.806050032126745,25.044064562243705,0.0
1129.0,0.0,0.7012499999999691,3.806056338553946,25.043503555085508,0.0
1130.0,0.0,0.7012499999999691,3.8060625006756816,25.042949690379558,0.0
1131.0,0.0,0.7012499999999691,3.806068521793991,25.042402877191854,0.0
1132.0,0.0,0.7012499999999691,3.806074405135354,25.041863025746125,0.0
1133.0,0.0,0.7012499999999691,3.8060801538524225,25.04133004740908,0.0
1134.0,0.0,0.7012499999999691,3.8060857710257077,25.04080385467586,0.0
1135.0,0.0,0.7012499999999691,3.8060912596652323,25.04028436115568,0.0
1136.0,0.0,0.7012499999999691,3.8060966227121424,25.039771481557633,0.0
1137.0,0.0,0.7012499999999691,3.806101863040284,25.03926513167669,0.0
1138.0,0.0,0.7012499999999691,3.8061069834577426,25.03876522837988,0.0
1139.0,0.0,0.7012499999999691,3.8061119867083493,25.038271689592637,0.0
1140.0,0.0,0.7012499999999691,3.806116875473149,25.037784434285324,0.0
1141.0,0.0,0.7012499999999691,3.8061216523718384,25.037303382459932,0.0
1142.0,0.0,0.7012499999999691,3.8061263199641697,25.036828455136945,0.0
1143.0,0.0,0.7012499999999691,3.806130880751323,25.036359574342377,0.0
1144.0,0.0,0.7012499999999691,3.8061353371772437,25.035896663094963,0.0
1145.0,0.0,0.7012499999999691,3.8061396916299564,25.035439645393524,0.0
1146.0,0.0,0.7012499999999691,3.80614394644284,25.034988446204487,0.0
1147.0,0.0,0.7012499999999691,3.8061481038958824,25.03454299144957,0.0
1148.0,0.0,0.7012499999999691,3.8061521662168984,25.034103207993613,0.0
1149.0,0.0,0.7012499999999691,3.8061561355827274,25.033669023632584,0.0
1150.0,0.0,0.7012499999999691,3.8061600141203953,25.033240367081707,0.0
1151.0,0.0,0.7012499999999691,3.806163803908258,25.032817167963767,0.0
1152.0,0.0,0.7012499999999691,3.806167506977115,25.032399356797562,0.0
1153.0,0.0,0.7012499999999691,3.8061711253112938,25.031986864986482,0.0
1154.0,0.0,0.7012499999999691,3.806174660849719,25.031579624807257,0.0
1155.0,0.0,0.7012499999999691,3.806178115486945,25.03117756939883,0.0
1156.0,0.0,0.7012499999999691,3.8061814910741774,25.030780632751394,0.0
1157.0,0.0,0.7012499999999691,3.8061847894202603,25.030388749695533,0.0
1158.0,0.0,0.7012499999999691,3.806188012292648,25.030001855891538,0.0
1159.0,0.0,0.7012499999999691,3.8061911614183503,25.029619887818843,0.0
1160.0,0.0,0.7012499999999691,3.8061942384848604,25.029242782765593,0.0
1161.0,0.0,0.7012499999999691,3.8061972451410573,25.028870478818344,0.0
1162.0,0.0,0.7012499999999691,3.80620018299809,25.028502914851906,0.0
1163.0,0.0,0.7012499999999691,3.8062030536302403,25.0281400305193,0.0
1164.0,0.0,0.7012499999999691,3.806205858575767,25.027781766241855,0.0
1165.0,0.0,0.7012499999999691,3.806208599337731,25.027428063199423,0.0
1166.0,0.0,0.7012499999999691,3.8062112773847976,25.027078863320728,0.0
1167.0,0.0,0.7012499999999691,3.806213894152028,25.02673410927382,0.0
1168.0,0.0,0.7012499999999691,3.8062164510416445,25.026393744456676,0.0
1169.0,0.0,0.7012499999999691,3.8062189494237835,25.0260577129879,0.0
1170.0,0.0,0.7012499999999691,3.8062213906372304,25.025725959697546,0.0
1171.0,0.0,0.7012499999999691,3.806223775990135,25.025398430118063,0.0
1172.0,0.0,0.7012499999999691,3.806226106760714,25.025075070475356,0.0
1173.0,0.0,0.7012499999999691,3.8062283841979365,25.024755827679954,0.0
1174.0,0.0,0.7012499999999691,3.8062306095221907,25.024440649318286,0.0
1175.0,0.0,0.7012499999999691,3.806232783925941,25.024129483644096,0.0
1176.0,0.0,0.7012499999999691,3.806234908574365,25.023822279569924,0.0
1177.0,0.0,0.7012499999999691,3.8062369846059774,25.023518986658733,0.0
1178.0,0.0,0.7012499999999691,3.806239013133243,25.023219555115624,0.0
1179.0,0.0,0.7012499999999691,3.806240995243169,25.022923935779662,0.0
1180.0,0.0,0.7012499999999691,3.8062429319978905,25.0226320801158,0.0
1181.0,0.0,0.7012499999999691,3.8062448244352383,25.02234394020692,0.0
1182.0,0.0,0.7012499999999691,3.8062466735692952,25.02205946874595,0.0
1183.0,0.0,0.7012499999999691,3.8062484803909395,25.02177861902812,0.0
1184.0,0.0,0.7012499999999691,3.8062502458683753,25.02150134494327,0.0
1185.0,0.0,0.7012499999999691,3.8062519709476534,25.0212276009683,0.0
1186.0,0.0,0.7012499999999691,3.8062536565531757,25.020957342159676,0.0
1187.0,0.0,0.7012499999999691,3.8062553035881916,25.02069052414607,0.0
1188.0,0.0,0.7012499999999691,3.8062569129352823,25.02042710312106,0.0
1189.0,0.0,0.7012499999999691,3.8062584854568344,25.020167035835957,0.0
1190.0,0.0,0.7012499999999691,3.8062600219955,25.019910279592676,0.0
1191.0,0.0,0.7012499999999691,3.8062615233746495,25.01965679223675,0.0
1192.0,0.0,0.7012499999999691,3.8062629903988134,25.019406532150402,0.0
1193.0,0.0,0.7012499999999691,3.8062644238541123,25.01915945824571,0.0
1194.0,0.0,0.7012499999999691,3.806265824508678,25.01891552995786,0.0
1195.0,0.0,0.7012499999999691,3.8062671931130665,25.01867470723849,0.0
1196.0,0.0,0.7012499999999691,3.8062685304006596,25.01843695054911,0.0
1197.0,0.0,0.7012499999999691,3.806269837088056,25.01820222085462,0.0
1198.0,0.0,0.7012499999999691,3.8062711138754595,25.017970479616885,0.0
1199.0,0.0,0.7012499999999691,3.8062723614470495,25.01774168878843,0.0
1200.0,1.5,0.7012499999999691,3.75827358047135,25.01751581080617,0.07207808203371453
1201.0,1.5,0.7011118055555247,3.757511755300504,25.01896128270641,0.07300302788612303
1202.0,1.5,0.7009736111110803,3.756764040668711,25.02040976239154,0.07390680886380685
1203.0,1.5,0.7008354166666358,3.756030113704554,25.021860721640348,0.07478990926746418
1204.0,1.5,0.7006972222221914,3.755309658924584,25.02331365016732,0.07565280231588654
1205.0,1.5,0.700559027777747,3.7546023680642646,25.02476805513778,0.07649595039953817
1206.0,1.5,0.7004208333333026,3.7539079399127897,25.026223460695043,0.07731980532833281
1207.0,1.5,0.7002826388888582,3.753226080151679,25.02767940749935,0.07812480857374096
1208.0,1.5,0.7001444444444138,3.752556501197061,25.029135452278265,0.07891139150535707
1209.0,1.5,0.7000062499999694,3.7518989220455787,25.030591167388273,0.07967997562205349
1210.0,1.5,0.699868055555525,3.7512530681238054,25.032046140387312,0.08043097277784522
1211.0,1.5,0.6997298611110806,3.750618671141117,25.033499973617978,0.08116478540258627
1212.0,1.5,0.6995916666666362,3.7499954689459285,25.034952283801143,0.08188180671761597
1213.0,1.5,0.6994534722221918,3.749383205385215,25.03640270163973,0.08258242094647081
1214.0,1.5,0.6993152777777474,3.7487816301672563,25.03785087143243,0.08326700352077482
1215.0,1.5,0.699177083333303,3.7481904987275145,25.03929645069708,0.08393592128141852
1216.0,1.5,0.6990388888888586,3.747609572097585,25.040739109803514,0.08458953267513462
1217.0,1.5,0.6989006944444142,3.7470386167771417,25.042178531615626,0.08522818794657545
1218.0,1.5,0.6987624999999698,3.7464774046088185,25.043614411142432,0.08585222932599536
1219.0,1.5,0.6986243055555253,3.745925712655951,25.045046455197934,0.08646199121263842
1220.0,1.5,0.6984861111110809,3.7453833230831095,25.046474382069547,0.08705780035392988
1221.0,1.5,0.6983479166666365,3.7448500230393793,25.04789792119491,0.0876399760205672
1222.0,1.5,0.6982097222221921,3.7443256045443007,25.04931681284684,0.08820883017760474
1223.0,1.5,0.6980715277777477,3.743809864376419,25.05073080782628,0.08876466765162352
1224.0,1.5,0.6979333333333033,3.743302603964395,25.05213966716302,0.08930778629407585
1225.0,1.5,0.6977951388888589,3.7428036292805906,25.053543161824,0.08983847714089213
1226.0,1.5,0.6976569444444145,3.7423127507371112,25.05494107242904,0.09035702456843564
1227.0,1.5,0.6975187499999701,3.741829783084203,25.05633318897377,0.09086370644588863
1228.0,1.5,0.6973805555555257,3.741354545310994,25.05771931055966,0.09135879428415153
1229.0,1.5,0.6972423611110813,3.740886860548496,25.05909924513087,0.09184255338133485
1230.0,1.5,0.6971041666666369,3.7404265559748318,25.06047280921789,0.09231524296492216
1231.0,1.5,0.6969659722221925,3.7399734627226238,25.061839827687685,0.09277711633067984
1232.0,1.5,0.6968277777777481,3.739527415788512,25.063200133500242,0.09322842097838825
1233.0,1.5,0.6966895833333037,3.739088253944733,25.064553567471382,0.09366939874446728
1234.0,1.5,0.6965513888888593,3.738655819652728,25.065899978041642,0.09410028593156687
1235.0,1.5,0.6964131944444149,3.7382299589787236,25.067239221051103,0.09452131343519235
1236.0,1.5,0.6962749999999704,3.7378105215112494,25.06857115952002,0.0949327068674323
1237.0,1.5,0.696136805555526,3.737397360280539,25.069895663435098,0.09533468667785508
1238.0,1.5,0.6959986111110816,3.736990331679773,25.071212609541313,0.09572746827163923
1239.0,1.5,0.6958604166666372,3.7365892953881343,25.07252188113909,0.0961112621250006
1240.0,1.5,0.6957222222221928,3.73619411429561,25.07382336788674,0.09648627389797818
1241.0,1.5,0.6955840277777484,3.7358046544295274,25.075116965608043,0.09685270454463935
1242.0,1.5,0.695445833333304,3.735420784882758,25.076402576104808,0.09721075042076321
1243.0,1.5,0.6953076388888596,3.735042377743579,25.077680106974324,0.09756060338905999
1244.0,1.5,0.6951694444444152,3.7346693080271267,25.078949471431574,0.09790245092198259
1245.0,1.5,0.6950312499999708,3.7343014536084245,25.08021058813608,0.09823647620218585
1246.0,1.5,0.6948930555555264,3.733938695156943,25.081463381023287,0.09856285822068686
1247.0,1.5,0.694754861111082,3.7335809160726585,25.082707779140367,0.09888177187277919
1248.0,1.5,0.6946166666666376,3.73322800242357,25.08394371648633,0.09919338805175248
1249.0,1.5,0.6944784722221932,3.7328798428846515,25.085171131856338,0.09949787374046737
1250.0,1.5,0.6943402777777488,3.732536328678198,25.086389968690124,0.09979539210083505
1251.0,1.5,0.6942020833333044,3.7321973535155384,25.08760017492441,0.10008610256124938
1252.0,1.5,0.69406388888886,3.731862813540077,25.088801702849246,0.10037016090201821
1253.0,1.5,0.6939256944444155,3.73153260727165,25.08999450896811,0.10064771933884
1254.0,1.5,0.6937874999999711,3.731206635552139,25.091178553861777,0.10091892660437018
1255.0,1.5,0.6936493055555267,3.730884801492344,25.09235380205577,0.10118392802792114
1256.0,1.5,0.6935111111110823,3.7305670104200623,25.093520221891353,0.10144286561333855
1257.0,1.5,0.6933729166666379,3.730253169829361,25.09467778539999,0.10169587811509556
1258.0,1.5,0.6932347222221935,3.7299431893310064,25.095826468181127,0.10194310111264587
1259.0,1.5,0.6930965277777491,3.72963698060403,25.09696624928328,0.10218466708307554
1260.0,1.5,0.6929583333333047,3.7293344573484024,25.09809711108831,0.10242070547209212
1261.0,1.5,0.6928201388888603,3.7290355352387916,25.09921903919881,0.10265134276338958
1262.0,1.5,0.6926819444444159,3.728740131879372,25.100332022328534,0.10287670254642593
1263.0,1.5,0.6925437499999715,3.7284481667596814,25.101436052195798,0.10309690558265001
1264.0,1.5,0.6924055555555271,3.728159561211473,25.102531123419755,0.10331206987021271
1265.0,1.5,0.6922673611110827,3.7278742383665646,25.10361723341951,0.10352231070719758
1266.0,1.5,0.6921291666666383,3.72759212311565,25.104694382315955,0.10372774075340459
1267.0,1.5,0.6919909722221939,3.7273131420680508,25.105762572836316,0.10392847009072001
1268.0,1.5,0.6918527777777495,3.727037223512391,25.106821810221287,0.104124606282105
1269.0,1.5,0.691714583333305,3.726764297378169,25.107872102134724,0.1043162544292344
1270.0,1.5,0.6915763888888606,3.7264942951982167,25.108913458575817,0.10450351722881654
1271.0,1.5,0.6914381944444162,3.7262271500720043,25.10994589179369,0.10468649502762438
1272.0,1.5,0.6912999999999718,3.7259627966297995,25.110969416204362,0.10486528587626742
1273.0,1.5,0.6911618055555274,3.725701170997633,25.111984048310006,0.10503998558173319
1274.0,1.5,0.691023611111083,3.7254422107630782,25.11298980662045,0.10521068775872634
1275.0,1.5,0.6908854166666386,3.7251858549418055,25.113986711576874,0.10537748387983321
1276.0,1.5,0.6907472222221942,3.7249320439449,25.114974785477628,0.10554046332453834
1277.0,1.5,0.6906090277777498,3.724680719546944,25.115954052406142,0.10569971342711937
1278.0,1.5,0.6904708333333054,3.7244318248548005,25.11692453816086,0.10585531952344615
1279.0,1.5,0.690332638888861,3.7241853042771433,25.11788627018713,0.10600736499670882
1280.0,1.5,0.6901944444444166,3.723941103494658,25.11883927751106,0.10615593132209954
1281.0,1.5,0.6900562499999722,3.7236991694309425,25.119783590675205,0.10630109811047195
1282.0,1.5,0.6899180555555278,3.723459450224063,25.12071924167611,0.10644294315100142
1283.0,1.5,0.6897798611110834,3.723221895198766,25.121646263903635,0.10658154245286919
1284.0,1.5,0.689641666666639,3.7229864548393237,25.122564692082012,0.10671697028599281
1285.0,1.5,0.6895034722221945,3.7227530807630007,25.12347456221259,0.10684929922082434
1286.0,1.5,0.6893652777777501,3.7225217256941336,25.124375911518236,0.10697860016723809
1287.0,1.5,0.6892270833333057,3.7222923434387933,25.12526877838935,0.10710494241252844
1288.0,1.5,0.6890888888888613,3.722064888860035,25.126153202331444,0.10722839365853806
1289.0,1.5,0.6889506944444169,3.7218393178537124,25.127029223914228,0.10734902005793684
1290.0,1.5,0.6888124999999725,3.721615587324846,25.127896884722215,0.10746688624967035
1291.0,1.5,0.6886743055555281,3.7213936551645292,25.128756227306763,0.10758205539359743
1292.0,1.5,0.6885361111110837,3.7211734802273657,25.129607295139515,0.10769458920433497
1293.0,1.5,0.6883979166666393,3.720955022309424,25.130450132567237,0.10780454798432847
1294.0,1.5,0.6882597222221949,3.720738242126693,25.131284784767985,0.10791199065616558
1295.0,1.5,0.6881215277777505,3.720523101294033,25.13211129770858,0.1080169747941506
1296.0,1.5,0.6879833333333061,3.7203095623046076,25.13292971810336,0.10811955665515609
1297.0,1.5,0.6878451388888617,3.7200975885097862,25.133740093374154,0.1082197912087689
1298.0,1.5,0.6877069444444173,3.7198871440995087,25.134542471611493,0.10831773216674603
1299.0,1.5,0.6875687499999729,3.7196781940830923,25.135336901536967,0.10841343201179685
1300.0,1.5,0.6874305555555285,3.7194707042704875,25.136123432466746,0.1085069420257063
1301.0,1.5,0.687292361111084,3.7192646412539565,25.136902114276214,0.10859831231681495
1302.0,1.5,0.6871541666666396,3.7190599723901707,25.13767299736568,0.10868759184687005
1303.0,1.5,0.6870159722221952,3.718856665782722,25.138436132627156,0.10877482845726213
1304.0,1.5,0.6868777777777508,3.7186546902650304,25.139191571412162,0.10886006889466145
1305.0,1.5,0.6867395833333064,3.7184540153836445,25.139939365500542,0.1089433588360676
1306.0,1.5,0.686601388888862,3.7182546113819215,25.140679567070237,0.10902474291328601
1307.0,1.5,0.6864631944444176,3.7180564491840884,25.14141222866803,0.10910426473684445
1308.0,1.5,0.6863249999999732,3.7178595003796553,25.142137403181213,0.10918196691936219
1309.0,1.5,0.6861868055555288,3.7176637372082,25.14285514381014,0.10925789109838432
1310.0,1.5,0.6860486111110844,3.717469132544486,25.14356550404169,0.1093320779586938
1311.0,1.5,0.68591041666664,3.7172756598839323,25.144268537623535,0.10940456725411278
1312.0,1.5,0.6857722222221956,3.717083293328412,25.144964298539303,0.10947539782880511
1313.0,1.5,0.6856340277777512,3.7168920075723717,25.145652840984493,0.10954460763809139
1314.0,1.5,0.6854958333333068,3.716701777889277,25.14633421934321,0.10961223376878779
1315.0,1.5,0.6853576388888624,3.716512580118361,25.147008488165664,0.10967831245907936
1316.0,1.5,0.685219444444418,3.7163243906516774,25.147675702146405,0.10974287911793865
1317.0,1.5,0.6850812499999736,3.716137186421454,25.14833591610329,0.10980596834410002
1318.0,1.5,0.6849430555555291,3.7159509448877297,25.148989184957163,0.10986761394459973
1319.0,1.5,0.6848048611110847,3.7157656440262783,25.149635563712213,0.10992784895289182
1320.0,1.5,0.6846666666666403,3.7155812623168067,25.150275107437007,0.10998670564654933
1321.0,1.5,0.6845284722221959,3.7153977787314267,25.15090787124618,0.11004421556456076
1322.0,1.5,0.6843902777777515,3.7152151727233846,25.151533910282733,0.11010040952423045
1323.0,1.5,0.6842520833333071,3.7150334242160525,25.15215327970099,0.11015531763769239
1324.0,1.5,0.6841138888888627,3.7148525135921737,25.152766034650114,0.11020896932804614
1325.0,1.5,0.6839756944444183,3.7146724216833475,25.153372230258228,0.1102613933451235
1326.0,1.5,0.6838374999999739,3.7144931297597616,25.153971921617096,0.11031261778089445
1327.0,1.5,0.6836993055555295,3.714314619520155,25.154565163767362,0.11036267008452044
1328.0,1.5,0.6835611111110851,3.714136873082013,25.15515201168432,0.11041157707706346
1329.0,1.5,0.6834229166666407,3.7139598729719823,25.155732520264195,0.11045936496585826
1330.0,1.5,0.6832847222221963,3.713783602116514,25.156306744310967,0.11050605935855588
1331.0,1.5,0.6831465277777519,3.713608043832711,25.15687473852364,0.11055168527684583
1332.0,1.5,0.6830083333333075,3.7134331818193904,25.15743655748403,0.11059626716986415
1333.0,1.5,0.682870138888863,3.713259000148352,25.157992255644995,0.11063982892729476
1334.0,1.5,0.6827319444444186,3.7130854832558366,25.158541887319128,0.1106823938921711
1335.0,1.5,0.6825937499999742,3.7129126159341967,25.159085506667893,0.11072398487338458
1336.0,1.5,0.6824555555555298,3.7127403833237396,25.15962316769118,0.11076462415790711
1337.0,1.5,0.6823173611110854,3.712568770904771,25.160154924217284,0.1108043335227337
1338.0,1.5,0.682179166666641,3.712397764489811,25.160680829893284,0.11084313424655198
1339.0,1.5,0.6820409722221966,3.712227350215997,25.161200938175813,0.11088104712114463
1340.0,1.5,0.6819027777777522,3.712057514537652,25.161715302322214,0.11091809246253073
1341.0,1.5,0.6817645833333078,3.711888244219028,25.16222397538206,0.1109542901218525
1342.0,1.5,0.6816263888888634,3.7117195263272182,25.162727010189045,0.11098965949601262
1343.0,1.5,0.681488194444419,3.711551348225219,25.163224459353213,0.11102421953806835
1344.0,1.5,0.6813499999999746,3.711383697565167,25.163716375253532,0.11105798876738764
1345.0,1.5,0.6812118055555302,3.711216562281721,25.1642028100308,0.11109098527957303
1346.0,1.5,0.6810736111110858,3.711049930585595,25.16468381558086,0.1111232267561583
1347.0,1.5,0.6809354166666414,3.7108837909572436,25.165159443548145,0.11115473047408332
1348.0,1.5,0.680797222222197,3.71071813214069,25.165629745319503,0.11118551331495213
1349.0,1.5,0.6806590277777526,3.7105529431374955,25.16609477201833,0.11121559177407908
1350.0,1.5,0.6805208333333082,3.710388213200863,25.166554574498978,0.111244981969328
1351.0,1.5,0.6803826388888637,3.710223931829885,25.16700920334145,0.1112736996497492
1352.0,1.5,0.6802444444444193,3.710060088763912,25.167458708846357,0.11130176020401875
1353.0,1.5,0.6801062499999749,3.7098966739770587,25.16790314103012,0.11132917866868457
1354.0,1.5,0.6799680555555305,3.709733677672829,25.168342549620448,0.11135596973622408
1355.0,1.5,0.6798298611110861,3.709571090278869,25.168776984052045,0.11138214776291723
1356.0,1.5,0.6796916666666417,3.7094089024418406,25.16920649346256,0.11140772677653944
1357.0,1.5,0.6795534722221973,3.7092471050224045,25.169631126688767,0.11143272048387859
1358.0,1.5,0.6794152777777529,3.7090856890903274,25.170050932262956,0.11145714227807996
1359.0,1.5,0.6792770833333085,3.708924645919699,25.170465958409565,0.11148100524582302
1360.0,1.5,0.6791388888888641,3.708763966984251,25.170876253041985,0.11150432217433415
1361.0,1.5,0.6790006944444197,3.708603643952795,25.171281863759607,0.1115271055582387
1362.0,1.5,0.6788624999999753,3.708443668684755,25.171682837845033,0.11154936760625654
1363.0,1.5,0.6787243055555309,3.708284033225808,25.1720792222615,0.11157112024774406
1364.0,1.5,0.6785861111110865,3.7081247298036186,25.17247106365048,0.11159237513908672
1365.0,1.5,0.6784479166666421,3.7079657508236816,25.172858408329446,0.11161314366994526
1366.0,1.5,0.6783097222221977,3.707807088865247,25.173241302289835,0.11163343696935898
1367.0,1.5,0.6781715277777532,3.707648736677347,25.173619791195158,0.11165326591170929
1368.0,1.5,0.6780333333333088,3.707490687174908,25.173993920379285,0.1116726411225469
1369.0,1.5,0.6778951388888644,3.707332933434961,25.174363734844885,0.11169157298428567
1370.0,1.5,0.67775694444442,3.7071754686929266,25.174729279262007,0.11171007164176609
1371.0,1.5,0.6776187499999756,3.707018286338991,25.175090597966815,0.11172814700769151
1372.0,1.5,0.6774805555555312,3.7068613799145704,25.17544773496047,0.11174580876794002
1373.0,1.5,0.6773423611110868,3.706704743108844,25.175800733908147,0.11176306638675461
1374.0,1.5,0.6772041666666424,3.7065483697553763,25.176149638138178,0.11177992911181482
1375.0,1.5,0.677065972222198,3.706392253828813,25.17649449064132,0.11179640597919213
1376.0,1.5,0.6769277777777536,3.7062363894416537,25.176835334070173,0.11181250581819208
1377.0,1.5,0.6767895833333092,3.7060807708410963,25.177172210738682,0.11182823725608546
1378.0,1.5,0.6766513888888648,3.7059253924059536,25.17750516262178,0.11184360872273147
1379.0,1.5,0.6765131944444204,3.705770248643647,25.17783423135513,0.11185862845509481
1380.0,1.5,0.676374999999976,3.705615334187256,25.178159458234987,0.11187330450165964
1381.0,1.5,0.6762368055555316,3.7054606437926507,25.178480884218146,0.1118876447267424
1382.0,1.5,0.6760986111110872,3.705306172335678,25.178798549922007,0.11190165681470597
1383.0,1.5,0.6759604166666427,3.705151914809416,25.17911249562473,0.11191534827407751
1384.0,1.5,0.6758222222221983,3.7049978663214955,25.17942276126548,0.11192872644157184
1385.0,1.5,0.6756840277777539,3.704844022091472,25.179729386444777,0.11194179848602306
1386.0,1.5,0.6755458333333095,3.7046903774482733,25.1800324104249,0.11195457141222592
1387.0,1.5,0.6754076388888651,3.7045369278276907,25.18033187213042,0.11196705206468945
1388.0,1.5,0.6752694444444207,3.7043836687699354,25.180627810148774,0.11197924713130471
1389.0,1.5,0.6751312499999763,3.70423059591725,25.18092026273094,0.1119911631469285
1390.0,1.5,0.6749930555555319,3.7040777050115743,25.181209267792166,0.11200280649688517
1391.0,1.5,0.6748548611110875,3.7039249918922628,25.181494862912796,0.11201418342038826
1392.0,1.5,0.6747166666666431,3.703772452493856,25.181777085339146,0.11202530001388385
1393.0,1.5,0.6745784722221987,3.703620082843904,25.182055971984454,0.1120361622343174
1394.0,1.5,0.6744402777777543,3.7034678790608355,25.18233155942989,0.11204677590232584
1395.0,1.5,0.6743020833333099,3.7033158373518806,25.18260388392563,0.11205714670535663
1396.0,1.5,0.6741638888888655,3.703163954011041,25.182872981391977,0.11206728020071545
1397.0,1.5,0.6740256944444211,3.7030122254170976,25.18313888742057,0.1120771818185441
1398.0,1.5,0.6738874999999767,3.702860648031678,25.183401637275598,0.11208685686473036
1399.0,1.5,0.6737493055555323,3.702709218397358,25.183661265895115,0.11209631052375113
1400.0,1.5,0.6736111111110878,3.7025579331358087,25.18391780789237,0.11210554786145066
1401.0,1.5,0.6734729166666434,3.7024067889459866,25.1841712975572,0.11211457382775511
1402.0,1.5,0.673334722222199,3.7022557826023683,25.18442176885746,0.11212339325932501
1403.0,1.5,0.6731965277777546,3.7021049109532194,25.18466925544051,0.11213201088214704
1404.0,1.5,0.6730583333333102,3.7019541709189063,25.18491379063472,0.11214043131406651
1405.0,1.5,0.6729201388888658,3.7018035594902483,25.185155407451038,0.11214865906726189
1406.0,1.5,0.6727819444444214,3.701653073726905,25.185394138584584,0.11215669855066267
1407.0,1.5,0.672643749999977,3.7015027107557996,25.185630016416276,0.11216455407231196
1408.0,1.5,0.6725055555555326,3.7013524677695817,25.185863073014502,0.11217222984167505
1409.0,1.5,0.6723673611110882,3.701202342025124,25.18609334013681,0.11217972997189496
1410.0,1.5,0.6722291666666438,3.7010523308420495,25.18632084923164,0.11218705848199668
1411.0,1.5,0.6720909722221994,3.7009024316012997,25.186545631440083,0.11219421929904067
1412.0,1.5,0.671952777777755,3.700752641743729,25.186767717597654,0.11220121626022729
1413.0,1.5,0.6718145833333106,3.700602958768735,25.186987138236116,0.112208053114953
1414.0,1.5,0.6716763888888662,3.7004533802329194,25.187203923585308,0.11221473352681947
1415.0,1.5,0.6715381944444218,3.700303903748776,25.187418103575006,0.11222126107559685
1416.0,1.5,0.6713999999999773,3.7001545269834173,25.187629707836795,0.11222763925914189
1417.0,1.5,0.6712618055555329,3.7000052476573204,25.187838765705983,0.11223387149527245
1418.0,1.5,0.6711236111110885,3.699856063543107,25.188045306223508,0.11223996112359885
1419.0,1.5,0.6709854166666441,3.699706972464353,25.188249358137874,0.11224591140731356
1420.0,1.5,0.6708472222221997,3.6995579722944174,25.18845094990712,0.11225172553493971
1421.0,1.5,0.6707090277777553,3.6994090609553085,25.18865010970078,0.11225740662203974
1422.0,1.5,0.6705708333333109,3.6992602364165674,25.18884686540186,0.11226295771288489
1423.0,1.5,0.6704326388888665,3.699111496694183,25.18904124460885,0.11226838178208655
1424.0,1.5,0.6702944444444221,3.698962839849526,25.18923327463772,0.11227368173619015
1425.0,1.5,0.6701562499999777,3.6988142639883135,25.189422982523954,0.1122788604152328
1426.0,1.5,0.6700180555555333,3.698665767259594,25.18961039502458,0.11228392059426498
1427.0,1.5,0.6698798611110889,3.698517347854754,25.1897955386202,0.11228886498483776
1428.0,1.5,0.6697416666666445,3.698369004006552,25.189978439517045,0.11229369623645563
1429.0,1.5,0.6696034722222001,3.6982207339881685,25.19015912364904,0.11229841693799647
1430.0,1.5,0.6694652777777557,3.698072536112286,25.190337616679848,0.11230302961909863
1431.0,1.5,0.6693270833333113,3.6979244087301795,25.19051394400497,0.11230753675151658
1432.0,1.5,0.6691888888888669,3.6977763502308383,25.190688130753784,0.11231194075044545
1433.0,1.5,0.6690506944444224,3.6976283590401,25.19086020179165,0.1123162439758151
1434.0,1.5,0.668912499999978,3.6974804336198104,25.191030181721985,0.11232044873355487
1435.0,1.5,0.6687743055555336,3.697332572466996,25.19119809488834,0.11232455727682913
1436.0,1.5,0.6686361111110892,3.6971847741130603,25.191363965376492,0.11232857180724472
1437.0,1.5,0.6684979166666448,3.697037037123003,25.191527817016542,0.11233249447603068
1438.0,1.5,0.6683597222222004,3.6968893600946386,25.19168967338499,0.112336327385191
1439.0,1.5,0.668221527777756,3.69674174165786,25.19184955780683,0.11234007258863105
1440.0,1.5,0.6680833333333116,3.6965941804738938,25.192007493357636,0.11234373209325811
1441.0,1.5,0.6679451388888672,3.6964466752345895,25.192163502865657,0.11234730786005685
1442.0,1.5,0.6678069444444228,3.696299224661715,25.192317608913896,0.11235080180514015
1443.0,1.5,0.6676687499999784,3.6961518275062764,25.192469833842196,0.11235421580077584
1444.0,1.5,0.667530555555534,3.6960044825478446,25.192620199749317,0.11235755167638994
1445.0,1.5,0.6673923611110896,3.6958571885939038,25.192768728495018,0.11236081121954708
1446.0,1.5,0.6672541666666452,3.6957099444792143,25.19291544170213,0.11236399617690832
1447.0,1.5,0.6671159722222008,3.6955627490651843,25.19306036075863,0.11236710825516708
1448.0,1.5,0.6669777777777564,3.695415601239267,25.193203506819692,0.11237014912196377
1449.0,1.5,0.666839583333312,3.6952684999143557,25.193344900809766,0.1123731204067794
1450.0,1.5,0.6667013888888675,3.6951214440282105,25.193484563424615,0.11237602370180866
1451.0,1.5,0.6665631944444231,3.6949744325428844,25.19362251513337,0.11237886056281325
1452.0,1.5,0.6664249999999787,3.694827464444167,25.19375877618058,0.11238163250995545
1453.0,1.5,0.6662868055555343,3.6946805387410455,25.193893366588235,0.11238434102861278
1454.0,1.5,0.6661486111110899,3.6945336544651695,25.194026306157795,0.11238698757017393
1455.0,1.5,0.6660104166666455,3.6943868106703364,25.194157614472225,0.11238957355281645
1456.0,1.5,0.6658722222222011,3.694240006431981,25.19428731089799,0.1123921003622668
1457.0,1.5,0.6657340277777567,3.6940932408466844,25.194415414587073,0.11239456935254286
1458.0,1.5,0.6655958333333123,3.6939465130316873,25.194541944478964,0.11239698184667941
1459.0,1.5,0.6654576388888679,3.693799822124416,25.19466691930265,0.11239933913743727
1460.0,1.5,0.6653194444444235,3.693653167282026,25.1947903575786,0.11240164248799586
1461.0,1.5,0.6651812499999791,3.693506547680945,25.194912277620723,0.11240389313263023
1462.0,1.5,0.6650430555555347,3.6933599625164377,25.195032697538345,0.11240609227737235
1463.0,1.5,0.6649048611110903,3.6932134110021666,25.195151635238144,0.11240824110065743
1464.0,1.5,0.6647666666666459,3.69306689236978,25.1952691084261,0.11241034075395541
1465.0,1.5,0.6646284722222014,3.692920405868495,25.195385134609424,0.11241239236238795
1466.0,1.5,0.664490277777757,3.6927739507646966,25.19549973109848,0.11241439702533136
1467.0,1.5,0.6643520833333126,3.6926275263415476,25.19561291500869,0.11241635581700571
1468.0,1.5,0.6642138888888682,3.6924811318985995,25.195724703262446,0.11241826978705047
1469.0,1.5,0.6640756944444238,3.6923347667514235,25.19583511259098,0.11242013996108692
1470.0,1.5,0.6639374999999794,3.6921884302312398,25.19594415953626,0.11242196734126783
1471.0,1.5,0.663799305555535,3.6920421216845605,25.196051860452844,0.1124237529068144
1472.0,1.5,0.6636611111110906,3.6918958404728413,25.196158231509735,0.11242549761454101
1473.0,1.5,0.6635229166666462,3.691749585972138,25.19626328869224,0.11242720239936796
1474.0,1.5,0.6633847222222018,3.6916033575727742,25.196367047803783,0.11242886817482241
1475.0,1.5,0.6632465277777574,3.6914571546790107,25.196469524467734,0.11243049583352795
1476.0,1.5,0.663108333333313,3.691310976708733,25.19657073412922,0.11243208624768289
1477.0,1.5,0.6629701388888686,3.691164823093135,25.19667069205692,0.11243364026952767
1478.0,1.5,0.6628319444444242,3.691018693276416,25.196769413344843,0.11243515873180149
1479.0,1.5,0.6626937499999798,3.690872586715483,25.196866912914103,0.1124366424481886
1480.0,1.5,0.6625555555555354,3.690726502879659,25.19696320551469,0.1124380922137543
1481.0,1.5,0.662417361111091,3.6905804412504017,25.197058305727207,0.11243950880537094
1482.0,1.5,0.6622791666666465,3.6904344013210237,25.1971522279646,0.1124408929821343
1483.0,1.5,0.6621409722222021,3.69028838259642,25.197244986473898,0.1124422454857703
1484.0,1.5,0.6620027777777577,3.690142384592808,25.197336595337905,0.11244356704103245
1485.0,1.5,0.6618645833333133,3.689996406837463,25.197427068476912,0.11244485835609028
1486.0,1.5,0.6617263888888689,3.6898504488684685,25.19751641965038,0.11244612012290878
1487.0,1.5,0.6615881944444245,3.689704510234466,25.197604662458602,0.11244735301761916
1488.0,1.5,0.6614499999999801,3.68955859049442,25.197691810344374,0.11244855770088122
1489.0,1.5,0.6613118055555357,3.689412689217372,25.19777787659464,0.1124497348182374
1490.0,1.5,0.6611736111110913,3.6892668059822182,25.19786287434212,0.11245088500045862
1491.0,1.5,0.6610354166666469,3.689120940377482,25.197946816566944,0.11245200886388229
1492.0,1.5,0.6608972222222025,3.688975092001091,25.19802971609824,0.11245310701074265
1493.0,1.5,0.6607590277777581,3.688829260460164,25.198111585615756,0.11245418002949345
1494.0,1.5,0.6606208333333137,3.688683445370801,25.19819243765142,0.11245522849512322
1495.0,1.5,0.6604826388888693,3.6885376463578785,25.19827228459093,0.11245625296946352
1496.0,1.5,0.6603444444444249,3.688391863054845,25.198351138675292,0.11245725400148986
1497.0,1.5,0.6602062499999805,3.6882460951035303,25.19842901200238,0.11245823212761594
1498.0,1.5,0.660068055555536,3.688100342153949,25.19850591652845,0.1124591878719811
1499.0,1.5,0.6599298611110916,3.6879546038641156,25.198581864069684,0.1124601217467312
1500.0,1.5,0.6597916666666472,3.687808879899862,25.198656866303676,0.11246103425229298
1501.0,1.5,0.6596534722222028,3.6876631699346563,25.19873093477093,0.11246192587764232
1502.0,1.5,0.6595152777777584,3.6875174736494314,25.198804080876336,0.1124627971005662
1503.0,1.5,0.659377083333314,3.6873717907324113,25.198876315890654,0.1124636483879187
1504.0,1.5,0.6592388888888696,3.6872261208789445,25.19894765095195,0.1124644801958713
1505.0,1.5,0.6591006944444252,3.6870804637913457,25.19901809706705,0.11246529297015713
1506.0,1.5,0.6589624999999808,3.686934819178729,25.19908766511296,0.11246608714631001
1507.0,1.5,0.6588243055555364,3.6867891867568585,25.199156365838288,0.11246686314989772
1508.0,1.5,0.658686111111092,3.6866435662479917,25.19922420986465,0.11246762139675007
1509.0,1.5,0.6585479166666476,3.686497957380736,25.199291207688056,0.11246836229318175
1510.0,1.5,0.6584097222222032,3.686352359889898,25.199357369680296,0.11246908623621003
1511.0,1.5,0.6582715277777588,3.686206773516346,25.199422706090296,0.11246979361376752
1512.0,1.5,0.6581333333333144,3.6860611980068683,25.199487227045484,0.11247048480491004
1513.0,1.5,0.65799513888887,3.6859156331140404,25.19955094255312,0.11247116018001976
1514.0,1.5,0.6578569444444256,3.685770078596091,25.199613862501636,0.11247182010100365
1515.0,1.5,0.6577187499999811,3.6856245342167724,25.199675996661938,0.11247246492148742
1516.0,1.5,0.6575805555555367,3.6854789997452366,25.19973735468873,0.11247309498700503
1517.0,1.5,0.6574423611110923,3.6853334749559075,25.19979794612179,0.11247371063518381
1518.0,1.5,0.6573041666666479,3.6851879596283648,25.19985778038726,0.11247431219592542
1519.0,1.5,0.6571659722222035,3.6850424535472235,25.1999168667989,0.11247489999158262
1520.0,1.5,0.6570277777777591,3.6848969565020187,25.19997521455937,0.11247547433713201
1521.0,1.5,0.6568895833333147,3.684751468287095,25.20003283276144,0.11247603554034274
1522.0,1.5,0.6567513888888703,3.6846059887014952,25.200089730389255,0.11247658390194162
1523.0,1.5,0.6566131944444259,3.684460517548852,25.200145916319528,0.11247711971577402
1524.0,1.5,0.6564749999999815,3.684315054637284,25.20020139932277,0.11247764326896154
1525.0,1.5,0.6563368055555371,3.6841695997792927,25.20025618806447,0.11247815484205574
1526.0,1.5,0.6561986111110927,3.6840241527916646,25.200310291106288,0.11247865470918854
1527.0,1.5,0.6560604166666483,3.683878713495369,25.20036371690723,0.11247914313821908
1528.0,1.5,0.6559222222222039,3.683733281715465,25.200416473824806,0.11247962039087726
1529.0,1.5,0.6557840277777595,3.683587857281008,25.200468570116175,0.11248008672290405
1530.0,1.5,0.655645833333315,3.6834424400249586,25.2005200139393,0.11248054238418843
1531.0,1.5,0.6555076388888706,3.6832970297840895,25.20057081335406,0.11248098761890138
1532.0,1.5,0.6553694444444262,3.6831516263989053,25.200620976323368,0.11248142266562669
1533.0,1.5,0.6552312499999818,3.6830062297135484,25.20067051071429,0.11248184775748878
1534.0,1.5,0.6550930555555374,3.682860839575726,25.20071942429912,0.11248226312227767
1535.0,1.5,0.654954861111093,3.682715455836619,25.200767724756474,0.11248266898257103
1536.0,1.5,0.6548166666666486,3.682570078350808,25.200815419672367,0.11248306555585344
1537.0,1.5,0.6546784722222042,3.682424706976195,25.200862516541257,0.11248345305463292
1538.0,1.5,0.6545402777777598,3.6822793415739254,25.20090902276711,0.11248383168655485
1539.0,1.5,0.6544020833333154,3.6821339820083168,25.20095494566444,0.11248420165451317
1540.0,1.5,0.654263888888871,3.6819886281467826,25.201000292459323,0.11248456315675918
1541.0,1.5,0.6541256944444266,3.681843279859765,25.201045070290437,0.11248491638700772
1542.0,1.5,0.6539874999999822,3.6816979370206635,25.20108928621005,0.11248526153454101
1543.0,1.5,0.6538493055555378,3.681552599505768,25.201132947185027,0.11248559878431003
1544.0,1.5,0.6537111111110934,3.6814072671941944,25.20117606009782,0.11248592831703366
1545.0,1.5,0.653572916666649,3.6812619399678135,25.20121863174743,0.11248625030929556
1546.0,1.5,0.6534347222222046,3.6811166177111985,25.2012606688504,0.1124865649336387
1547.0,1.5,0.6532965277777601,3.6809713003115534,25.20130217804174,0.11248687235865792
1548.0,1.5,0.6531583333333157,3.6808259876586584,25.2013431658759,0.1124871727490902
1549.0,1.5,0.6530201388888713,3.6806806796448086,25.201383638827693,0.11248746626590297
1550.0,1.5,0.6528819444444269,3.6805353761647592,25.201423603293218,0.11248775306638033
1551.0,1.5,0.6527437499999825,3.6803900771156646,25.20146306559079,0.11248803330420738
1552.0,1.5,0.6526055555555381,3.6802447823970295,25.201502031961837,0.11248830712955257
1553.0,1.5,0.6524673611110937,3.680099491910649,25.201540508571803,0.11248857468914815
1554.0,1.5,0.6523291666666493,3.6799542055605614,25.20157850151103,0.11248883612636876
1555.0,1.5,0.6521909722222049,3.6798089232529936,25.201616016795644,0.11248909158130835
1556.0,1.5,0.6520527777777605,3.679663644896313,25.201653060368415,0.11248934119085517
1557.0,1.5,0.6519145833333161,3.6795183704009764,25.201689638099623,0.11248958508876516
1558.0,1.5,0.6517763888888717,3.6793730996794864,25.20172575578791,0.11248982340573366
1559.0,1.5,0.6516381944444273,3.6792278326463386,25.201761419161112,0.1124900562694653
1560.0,1.5,0.6514999999999829,3.6790825692179814,25.201796633877105,0.11249028380474266
1561.0,1.5,0.6513618055555385,3.6789373093127677,25.20183140552461,0.11249050613349292
1562.0,1.5,0.6512236111110941,3.678792052850914,25.201865739624033,0.11249072337485333
1563.0,1.5,0.6510854166666497,3.678646799754457,25.201899641628238,0.11249093564523498
1564.0,1.5,0.6509472222222052,3.6785015499472102,25.20193311692337,0.11249114305838523
1565.0,1.5,0.6508090277777608,3.678356303354726,25.201966170829632,0.11249134572544864
1566.0,1.5,0.6506708333333164,3.678211059904255,25.201998808602067,0.11249154375502653
1567.0,1.5,0.650532638888872,3.6780658195247056,25.20203103543132,0.11249173725323514
1568.0,1.5,0.6503944444444276,3.677920582146608,25.202062856444424,0.11249192632376256
1569.0,1.5,0.6502562499999832,3.6777753477020765,25.20209427670552,0.11249211106792428
1570.0,1.5,0.6501180555555388,3.6776301161247735,25.20212530121663,0.11249229158471741
1571.0,1.5,0.6499798611110944,3.6774848873498738,25.202155934918377,0.11249246797087381
1572.0,1.5,0.64984166666665,3.67733966131403,25.20218618269073,0.11249264032091189
1573.0,1.5,0.6497034722222056,3.677194437955339,25.20221604935372,0.11249280872718725
1574.0,1.5,0.6495652777777612,3.677049217213309,25.202245539668134,0.1124929732799422
1575.0,1.5,0.6494270833333168,3.676903999028827,25.202274658336247,0.11249313406735409
1576.0,1.5,0.6492888888888724,3.6767587833441264,25.202303410002507,0.11249329117558259
1577.0,1.5,0.649150694444428,3.67661357010276,25.202331799254225,0.1124934446888158
1578.0,1.5,0.6490124999999836,3.6764683592495633,25.202359830622257,0.11249359468931543
1579.0,1.5,0.6488743055555392,3.676323150730632,25.20238750858168,0.11249374125746087
1580.0,1.5,0.6487361111110947,3.676177944493289,25.202414837552457,0.1124938844717922
1581.0,1.5,0.6485979166666503,3.6760327404860575,25.202441821900095,0.11249402440905237
1582.0,1.5,0.6484597222222059,3.6758875386586327,25.2024684659363,0.11249416114422826
1583.0,1.5,0.6483215277777615,3.675742338961858,25.202494773919614,0.11249429475059086
1584.0,1.5,0.6481833333333171,3.6755971413476947,25.202520750056067,0.11249442529973458
1585.0,1.5,0.6480451388888727,3.675451945769199,25.20254639849979,0.11249455286161558
1586.0,1.5,0.6479069444444283,3.6753067521804974,25.20257172335365,0.11249467750458923
1587.0,1.5,0.6477687499999839,3.67516156053676,25.202596728669857,0.11249479929544683
1588.0,1.5,0.6476305555555395,3.6750163707941783,25.202621418450576,0.1124949182994513
1589.0,1.5,0.6474923611110951,3.6748711829099396,25.20264579664853,0.11249503458037219
1590.0,1.5,0.6473541666666507,3.6747259968422106,25.202669867167597,0.11249514820051991
1591.0,1.5,0.6472159722222063,3.674580812550106,25.20269363386339,0.112495259220779
1592.0,1.5,0.6470777777777619,3.6744356299936736,25.20271710054385,0.11249536770064089
1593.0,1.5,0.6469395833333175,3.6742904491338706,25.202740270969812,0.11249547369823562
1594.0,1.5,0.6468013888888731,3.6741452699325414,25.202763148855574,0.11249557727036319
1595.0,1.5,0.6466631944444287,3.6740000923524017,25.20278573786946,0.11249567847252379
1596.0,1.5,0.6465249999999843,3.673854916357013,25.202808041634373,0.1124957773589477
1597.0,1.5,0.6463868055555398,3.673709741910767,25.202830063728356,0.11249587398262426
1598.0,1.5,0.6462486111110954,3.6735645689788674,25.202851807685118,0.1124959683953303
1599.0,1.5,0.646110416666651,3.673419397527306,25.202873276994573,0.1124960606476579
1600.0,1.5,0.6459722222222066,3.6732742275228523,25.202894475103385,0.11249615078904142
1601.0,1.5,0.6458340277777622,3.6731290589330294,25.20291540541547,0.11249623886778409
1602.0,1.5,0.6456958333333178,3.672983891726099,25.202936071292537,0.11249632493108387
1603.0,1.5,0.6455576388888734,3.6728387258710464,25.202956476054577,0.1124964090250587
1604.0,1.5,0.645419444444429,3.672693561337561,25.202976622980387,0.11249649119477119
1605.0,1.5,0.6452812499999846,3.6725483980960214,25.20299651530806,0.1124965714842529
1606.0,1.5,0.6451430555555402,3.67240323611748,25.20301615623549,0.1124966499365278
1607.0,1.5,0.6450048611110958,3.6722580753736476,25.203035548920838,0.11249672659363538
1608.0,1.5,0.6448666666666514,3.672112915836878,25.20305469648304,0.11249680149665317
1609.0,1.5,0.644728472222207,3.6719677574801532,25.203073602002277,0.11249687468571874
1610.0,1.5,0.6445902777777626,3.6718226002770695,25.203092268520436,0.11249694620005124
1611.0,1.5,0.6444520833333182,3.6716774442018245,25.203110699041588,0.11249701607797241
1612.0,1.5,0.6443138888888738,3.671532289229198,25.203128896532448,0.11249708435692704
1613.0,1.5,0.6441756944444293,3.6713871353345473,25.20314686392282,0.11249715107350318
1614.0,1.5,0.6440374999999849,3.6712419824937887,25.20316460410606,0.1124972162634516
1615.0,1.5,0.6438993055555405,3.6710968306833833,25.203182119939513,0.11249727996170503
1616.0,1.5,0.6437611111110961,3.670951679880329,25.203199414244953,0.11249734220239686
1617.0,1.5,0.6436229166666517,3.670806530062145,25.20321648980902,0.11249740301887944
1618.0,1.5,0.6434847222222073,3.670661381206863,25.20323334938365,0.11249746244374191
1619.0,1.5,0.6433465277777629,3.6705162332930095,25.20324999568649,0.11249752050882775
1620.0,1.5,0.6432083333333185,3.670371086299602,25.203266431401335,0.11249757724525172
1621.0,1.5,0.6430701388888741,3.6702259402061332,25.203282659178523,0.11249763268341668
1622.0,1.5,0.6429319444444297,3.670080794992561,25.203298681635356,0.11249768685302974
1623.0,1.5,0.6427937499999853,3.6699356506392986,25.203314501356505,0.11249773978311826
1624.0,1.5,0.6426555555555409,3.669790507127203,25.2033301208944,0.11249779150204542
1625.0,1.5,0.6425173611110965,3.669645364437566,25.203345542769632,0.11249784203752532
1626.0,1.5,0.6423791666666521,3.6695002225521027,25.203360769471352,0.11249789141663796
1627.0,1.5,0.6422409722222077,3.6693550814529456,25.203375803457636,0.11249793966584368
1628.0,1.5,0.6421027777777633,3.6692099411226287,25.20339064715588,0.11249798681099732
1629.0,1.5,0.6419645833333189,3.669064801544085,25.20340530296318,0.1124980328773621
1630.0,1.5,0.6418263888888744,3.668919662700633,25.20341977324669,0.11249807788962318
1631.0,1.5,0.64168819444443,3.6687745245759693,25.203434060344005,0.11249812187190088
1632.0,1.5,0.6415499999999856,3.6686293871541618,25.20344816656351,0.11249816484776355
1633.0,1.5,0.6414118055555412,3.6684842504196356,25.203462094184758,0.11249820684024028
1634.0,1.5,0.6412736111110968,3.668339114357172,25.2034758454588,0.1124982478718332
1635.0,1.5,0.6411354166666524,3.6681939789518965,25.20348942260856,0.1124982879645295
1636.0,1.5,0.640997222222208,3.668048844189271,25.20350282782916,0.11249832713981328
1637.0,1.5,0.6408590277777636,3.6679037100550866,25.203516063288273,0.11249836541867707
1638.0,1.5,0.6407208333333192,3.6677585765354563,25.20352913112647,0.11249840282163297
1639.0,1.5,0.6405826388888748,3.6676134436168066,25.203542033457534,0.11249843936872377
1640.0,1.5,0.6404444444444304,3.667468311285873,25.203554772368808,0.11249847507953362
1641.0,1.5,0.640306249999986,3.6673231795296894,25.20356734992151,0.11249850997319853
1642.0,1.5,0.6401680555555416,3.667178048335584,25.203579768151055,0.11249854406841665
1643.0,1.5,0.6400298611110972,3.667032917691172,25.203592029067384,0.11249857738345828
1644.0,1.5,0.6398916666666528,3.666887787584347,25.20360413465526,0.11249860993617561
1645.0,1.5,0.6397534722222084,3.6667426580032783,25.203616086874607,0.11249864174401239
1646.0,1.5,0.639615277777764,3.6665975289364026,25.203627887660787,0.11249867282401319
1647.0,1.5,0.6394770833333195,3.6664524003724157,25.20363953892492,0.11249870319283253
1648.0,1.5,0.6393388888888751,3.666307272300272,25.203651042554185,0.1124987328667439
1649.0,1.5,0.6392006944444307,3.666162144709173,25.2036624004121,0.11249876186164837
1650.0,1.5,0.6390624999999863,3.666017017588566,25.203673614338836,0.11249879019308316
1651.0,1.5,0.6389243055555419,3.6658718909281336,25.20368468615149,0.11249881787622999
1652.0,1.5,0.6387861111110975,3.665726764717796,25.20369561764438,0.11249884492592316
1653.0,1.5,0.6386479166666531,3.6655816389476974,25.203706410589323,0.11249887135665754
1654.0,1.5,0.6385097222222087,3.6654365136082054,25.20371706673591,0.11249889718259631
1655.0,1.5,0.6383715277777643,3.665291388689906,25.203727587811784,0.11249892241757858
1656.0,1.5,0.6382333333333199,3.6651462641835955,25.20373797552292,0.11249894707512681
1657.0,1.5,0.6380951388888755,3.665001140080279,25.20374823155388,0.11249897116845398
1658.0,1.5,0.6379569444444311,3.664856016371166,25.20375835756809,0.11249899471047077
1659.0,1.5,0.6378187499999867,3.6647108930476615,25.20376835520809,0.11249901771379242
1660.0,1.5,0.6376805555555423,3.664565770101365,25.203778226095807,0.1124990401907455
1661.0,1.5,0.6375423611110979,3.6644206475240666,25.2037879718328,0.11249906215337455
1662.0,1.5,0.6374041666666534,3.6642755253077404,25.203797594000516,0.11249908361344843
1663.0,1.5,0.637265972222209,3.66413040344454,25.203807094160542,0.1124991045824668
1664.0,1.5,0.6371277777777646,3.6639852819267986,25.20381647385485,0.11249912507166611
1665.0,1.5,0.6369895833333202,3.6638401607470197,25.203825734606042,0.11249914509202572
1666.0,1.5,0.6368513888888758,3.6636950398978763,25.203834877917586,0.11249916465427373
1667.0,1.5,0.6367131944444314,3.663549919372205,25.20384390527406,0.11249918376889283
1668.0,1.5,0.636574999999987,3.6634047991630068,25.203852818141378,0.11249920244612575
1669.0,1.5,0.6364368055555426,3.663259679263437,25.203861617967036,0.11249922069598092
1670.0,1.5,0.6362986111110982,3.6631145596668055,25.203870306180324,0.11249923852823768
1671.0,1.5,0.6361604166666538,3.662969440366573,25.20387888419257,0.11249925595245167
1672.0,1.5,0.6360222222222094,3.6628243213563474,25.20388735339735,0.11249927297795984
1673.0,1.5,0.635884027777765,3.6626792026298784,25.203895715170713,0.11249928961388544
1674.0,1.5,0.6357458333333206,3.6625340841810594,25.20390397087141,0.11249930586914308
1675.0,1.5,0.6356076388888762,3.6623889660039173,25.203912121841082,0.11249932175244326
1676.0,1.5,0.6354694444444318,3.6622438480926154,25.203920169404505,0.11249933727229725
1677.0,1.5,0.6353312499999874,3.6620987304414467,25.20392811486978,0.1124993524370215
1678.0,1.5,0.635193055555543,3.6619536130448336,25.203935959528543,0.11249936725474222
1679.0,1.5,0.6350548611110985,3.6618084958973207,25.203943704656183,0.11249938173339963
1680.0,1.5,0.6349166666666541,3.6616633789935786,25.20395135151203,0.11249939588075226
1681.0,1.5,0.6347784722222097,3.6615182623283946,25.203958901339554,0.11249940970438115
1682.0,1.5,0.6346402777777653,3.661373145896674,25.203966355366582,0.11249942321169382
1683.0,1.5,0.6345020833333209,3.661228029693437,25.20397371480547,0.1124994364099283
1684.0,1.5,0.6343638888888765,3.6610829137138112,25.203980980853316,0.11249944930615702
1685.0,1.5,0.6342256944444321,3.6609377979530384,25.203988154692134,0.11249946190729056
1686.0,1.5,0.6340874999999877,3.660792682406463,25.203995237489046,0.11249947422008136
1687.0,1.5,0.6339493055555433,3.6606475670695366,25.20400223039648,0.11249948625112738
1688.0,1.5,0.6338111111110989,3.6605024519378095,25.204009134552336,0.11249949800687557
1689.0,1.5,0.6336729166666545,3.6603573370069338,25.204015951080187,0.11249950949362537
1690.0,1.5,0.6335347222222101,3.6602122222726576,25.204022681089434,0.11249952071753211
1691.0,1.5,0.6333965277777657,3.6600671077308222,25.204029325675506,0.11249953168461019
1692.0,1.5,0.6332583333333213,3.6599219933773663,25.20403588592002,0.11249954240073648
1693.0,1.5,0.6331201388888769,3.659776879208315,25.204042362890963,0.11249955287165331
1694.0,1.5,0.6329819444444325,3.6596317652197827,25.204048757642852,0.11249956310297163
1695.0,1.5,0.632843749999988,3.659486651407972,25.204055071216914,0.112499573100174
1696.0,1.5,0.6327055555555436,3.6593415377691696,25.20406130464124,0.11249958286861754
1697.0,1.5,0.6325673611110992,3.659196424299744,25.20406745893096,0.11249959241353677
1698.0,1.5,0.6324291666666548,3.6590513109961442,25.204073535088405,0.11249960174004645
1699.0,1.5,0.6322909722222104,3.6589061978549013,25.204079534103254,0.11249961085314425
1700.0,1.5,0.632152777777766,3.6587610848726184,25.204085456952708,0.11249961975771357
1701.0,1.5,0.6320145833333216,3.65861597204598,25.204091304601636,0.11249962845852599
1702.0,1.5,0.6318763888888772,3.6584708593717385,25.20409707800274,0.11249963696024393
1703.0,1.5,0.6317381944444328,3.658325746846724,25.20410277809669,0.11249964526742315
1704.0,1.5,0.6315999999999884,3.6581806344678323,25.2041084058123,0.11249965338451512
1705.0,1.5,0.631461805555544,3.6580355222320295,25.204113962066646,0.11249966131586948
1706.0,1.5,0.6313236111110996,3.657890410136352,25.20411944776524,0.11249966906573633
1707.0,1.5,0.6311854166666552,3.6577452981778964,25.204124863802157,0.11249967663826851
1708.0,1.5,0.6310472222222108,3.6576001863538288,25.204130211060193,0.11249968403752386
1709.0,1.5,0.6309090277777664,3.6574550746613745,25.20413549041099,0.11249969126746732
1710.0,1.5,0.630770833333322,3.657309963097822,25.20414070271519,0.11249969833197318
1711.0,1.5,0.6306326388888776,3.657164851660519,25.204145848822566,0.11249970523482697
1712.0,1.5,0.6304944444444331,3.6570197403468727,25.204150929572158,0.11249971197972772
1713.0,1.5,0.6303562499999887,3.656874629154347,25.204155945792415,0.1124997185702897
1714.0,1.5,0.6302180555555443,3.6567295180804615,25.204160898301314,0.11249972501004459
1715.0,1.5,0.6300798611110999,3.6565844071227906,25.204165787906508,0.11249973130244316
1716.0,1.5,0.6299416666666555,3.6564392962789634,25.204170615405438,0.11249973745085727
1717.0,1.5,0.6298034722222111,3.6562941855466593,25.204175381585483,0.11249974345858162
1718.0,1.5,0.6296652777777667,3.6561490749236105,25.20418008722406,0.1124997493288355
1719.0,1.5,0.6295270833333223,3.6560039644075983,25.204184733088773,0.11249975506476456
1720.0,1.5,0.6293888888888779,3.6558588539964543,25.204189319937523,0.11249976066944246
1721.0,1.5,0.6292506944444335,3.6557137436880542,25.20419384851863,0.11249976614587252
1722.0,1.5,0.6291124999999891,3.655568633480325,25.20419831957096,0.11249977149698935
1723.0,1.5,0.6289743055555447,3.655423523371235,25.204202733824037,0.11249977672566039
1724.0,1.5,0.6288361111111003,3.6552784133588,25.204207091998168,0.11249978183468749
1725.0,1.5,0.6286979166666559,3.6551333034410796,25.20421139480455,0.11249978682680839
1726.0,1.5,0.6285597222222115,3.6549881936161728,25.20421564294539,0.11249979170469813
1727.0,1.5,0.628421527777767,3.654843083882224,25.204219837114017,0.11249979647097064
1728.0,1.5,0.6282833333333226,3.654697974237414,25.204223977994996,0.11249980112817992
1729.0,1.5,0.6281451388888782,3.654552864679968,25.204228066264232,0.1124998056788216
1730.0,1.5,0.6280069444444338,3.654407755208146,25.20423210258908,0.11249981012533422
1731.0,1.5,0.6278687499999894,3.65426264582025,25.204236087628463,0.11249981447010046
1732.0,1.5,0.627730555555545,3.6541175365146152,25.204240022032963,0.11249981871544852
1733.0,1.5,0.6275923611111006,3.6539724272896157,25.204243906444937,0.11249982286365331
1734.0,1.5,0.6274541666666562,3.6538273181436596,25.204247741498616,0.11249982691693772
1735.0,1.5,0.6273159722222118,3.6536822090751904,25.204251527820205,0.1124998308774737
1736.0,1.5,0.6271777777777674,3.6535371000826853,25.204255266027992,0.11249983474738356
1737.0,1.5,0.627039583333323,3.653391991164654,25.204258956732435,0.11249983852874107
1738.0,1.5,0.6269013888888786,3.6532468823196407,25.204262600536275,0.11249984222357245
1739.0,1.5,0.6267631944444342,3.6531017735462186,25.204266198034624,0.11249984583385766
1740.0,1.5,0.6266249999999898,3.652956664842993,25.204269749815058,0.11249984936153129
1741.0,1.5,0.6264868055555454,3.6528115562086,25.204273256457725,0.11249985280848368
1742.0,1.5,0.626348611111101,3.6526664476417037,25.20427671853543,0.11249985617656193
1743.0,1.5,0.6262104166666566,3.652521339141,25.20428013661372,0.11249985946757085
1744.0,1.5,0.6260722222222121,3.6523762307052077,25.20428351125099,0.11249986268327396
1745.0,1.5,0.6259340277777677,3.65223112233308,25.204286842998563,0.11249986582539444
1746.0,1.5,0.6257958333333233,3.6520860140233915,25.20429013240079,0.11249986889561603
1747.0,1.5,0.6256576388888789,3.6519409057749463,25.20429337999512,0.11249987189558391
1748.0,1.5,0.6255194444444345,3.6517957975865736,25.20429658631221,0.11249987482690571
1749.0,1.5,0.6253812499999901,3.6516506894571266,25.20429975187599,0.11249987769115213
1750.0,1.5,0.6252430555555457,3.651505581385485,25.20430287720375,0.11249988048985807
1751.0,1.5,0.6251048611111013,3.651360473370551,25.204305962806245,0.11249988322452323
1752.0,1.5,0.6249666666666569,3.651215365411251,25.204309009187753,0.11249988589661297
1753.0,1.5,0.6248284722222125,3.651070257506535,25.204312016846163,0.11249988850755921
1754.0,1.5,0.6246902777777681,3.6509251496553747,25.204314986273065,0.11249989105876104
1755.0,1.5,0.6245520833333237,3.650780041856764,25.20431791795382,0.11249989355158553
1756.0,1.5,0.6244138888888793,3.6506349341097177,25.204320812367637,0.11249989598736851
1757.0,1.5,0.6242756944444349,3.6504898264132737,25.204323669987666,0.1124998983674152
1758.0,1.5,0.6241374999999905,3.6503447187664877,25.20432649128105,0.11249990069300098
1759.0,1.5,0.6239993055555461,3.650199611168437,25.204329276709025,0.11249990296537205
1760.0,1.5,0.6238611111111017,3.650054503618219,25.204332026726973,0.11249990518574607
1761.0,1.5,0.6237229166666572,3.649909396114949,25.204334741784518,0.11249990735531287
1762.0,1.5,0.6235847222222128,3.6497642886577624,25.20433742232558,0.11249990947523503
1763.0,1.5,0.6234465277777684,3.6496191812458125,25.204340068788454,0.11249991154664851
1764.0,1.5,0.623308333333324,3.6494740738782694,25.204342681605883,0.11249991357066332
1765.0,1.5,0.6231701388888796,3.649328966554322,25.20434526120513,0.11249991554836404
1766.0,1.5,0.6230319444444352,3.649183859273176,25.204347808008038,0.11249991748081045
1767.0,1.5,0.6228937499999908,3.649038752034054,25.204350322431104,0.11249991936903808
1768.0,1.5,0.6227555555555464,3.6488936448361953,25.204352804885545,0.11249992121405875
1769.0,1.5,0.622617361111102,3.648748537678854,25.204355255777372,0.11249992301686113
1770.0,1.5,0.6224791666666576,3.6486034305613013,25.20435767550745,0.11249992477841125
1771.0,1.5,0.6223409722222132,3.648458323482823,25.204360064471555,0.1124999264996531
1772.0,1.5,0.6222027777777688,3.64831321644272,25.204362423060452,0.112499928181509
1773.0,1.5,0.6220645833333244,3.648168109440308,25.20436475165995,0.11249992982488019
1774.0,1.5,0.62192638888888,3.6480230024749165,25.204367050650966,0.1124999314306473
1775.0,1.5,0.6217881944444356,3.6478778955458897,25.20436932040959,0.11249993299967077
1776.0,1.5,0.6216499999999912,3.6477327886525854,25.204371561307145,0.11249993453279142
1777.0,1.5,0.6215118055555467,3.6475876817943735,25.204373773710245,0.11249993603083075
1778.0,1.5,0.6213736111111023,3.6474425749706403,25.20437595798085,0.11249993749459153
1779.0,1.5,0.6212354166666579,3.64729746818078,25.20437811447634,0.1124999389248581
1780.0,1.5,0.6210972222222135,3.6471523614242036,25.204380243549554,0.11249994032239692
1781.0,1.5,0.6209590277777691,3.6470072547003314,25.204382345548865,0.11249994168795685
1782.0,1.5,0.6208208333333247,3.6468621480085988,25.20438442081822,0.11249994302226965
1783.0,1.5,0.6206826388888803,3.6467170413484498,25.204386469697205,0.11249994432605032
1784.0,1.5,0.6205444444444359,3.6465719347193417,25.204388492521108,0.11249994559999751
1785.0,1.5,0.6204062499999915,3.646426828120742,25.204390489620955,0.11249994684479389
1786.0,1.5,0.6202680555555471,3.64628172155213,25.20439246132358,0.11249994806110647
1787.0,1.5,0.6201298611111027,3.6461366150129955,25.20439440795166,0.11249994924958705
1788.0,1.5,0.6199916666666583,3.645991508502837,25.204396329823794,0.11249995041087246
1789.0,1.5,0.6198534722222139,3.6458464020211663,25.20439822725453,0.11249995154558504
1790.0,1.5,0.6197152777777695,3.6457012955675037,25.204400100554427,0.11249995265433277
1791.0,1.5,0.6195770833333251,3.645556189141378,25.204401950030107,0.11249995373770982
1792.0,1.5,0.6194388888888807,3.645411082742331,25.2044037759843,0.11249995479629674
1793.0,1.5,0.6193006944444363,3.6452659763699087,25.204405578715896,0.11249995583066077
1794.0,1.5,0.6191624999999918,3.6451208700236712,25.20440735851999,0.11249995684135619
1795.0,1.5,0.6190243055555474,3.644975763703185,25.204409115687938,0.11249995782892458
1796.0,1.5,0.618886111111103,3.6448306574080274,25.204410850507394,0.11249995879389516
1797.0,1.5,0.6187479166666586,3.6446855511377807,25.204412563262366,0.112499959736785
1798.0,1.5,0.6186097222222142,3.6445404448920393,25.204414254233257,0.11249996065809936
1799.0,1.5,0.6184715277777698,3.644395338670403,25.20441592369691,0.11249996155833196
1800.0,1.5,0.6183333333333254,3.6442502324724804,25.204417571926655,0.11249996243796517
1801.0,1.5,0.618195138888881,3.6441051262978905,25.204419199192355,0.11249996329747036
1802.0,1.5,0.6180569444444366,3.643960020146256,25.20442080576045,0.11249996413730812
1803.0,1.5,0.6179187499999922,3.6438149140172094,25.204422391893992,0.11249996495792845
1804.0,1.5,0.6177805555555478,3.6436698079103897,25.2044239578527,0.11249996575977113
1805.0,1.5,0.6176423611111034,3.6435247018254446,25.204425503892995,0.11249996654326581
1806.0,1.5,0.617504166666659,3.6433795957620254,25.204427030268043,0.11249996730883234
1807.0,1.5,0.6173659722222146,3.6432344897197946,25.2044285372278,0.11249996805688096
1808.0,1.5,0.6172277777777702,3.643089383698418,25.20443002501904,0.11249996878781253
1809.0,1.5,0.6170895833333258,3.64294427769757,25.204431493885412,0.11249996950201871
1810.0,1.5,0.6169513888888813,3.6427991717169306,25.204432944067474,0.1124999701998822
1811.0,1.5,0.6168131944444369,3.6426540657561852,25.204434375802723,0.112499970881777
1812.0,1.5,0.6166749999999925,3.6425089598150273,25.204435789325647,0.11249997154806848
1813.0,1.5,0.6165368055555481,3.642363853893155,25.204437184867754,0.1124999721991137
1814.0,1.5,0.6163986111111037,3.6422187479902735,25.20443856265761,0.11249997283526152
1815.0,1.5,0.6162604166666593,3.642073642106092,25.204439922920887,0.11249997345685281
1816.0,1.5,0.6161222222222149,3.641928536240326,25.204441265880387,0.11249997406422067
1817.0,1.5,0.6159840277777705,3.641783430392698,25.20444259175608,0.11249997465769057
1818.0,1.5,0.6158458333333261,3.6416383245629333,25.204443900765153,0.11249997523758053
1819.0,1.5,0.6157076388888817,3.6414932187507656,25.204445193122023,0.11249997580420126
1820.0,1.5,0.6155694444444373,3.64134811295593,25.20444646903839,0.11249997635785644
1821.0,1.5,0.6154312499999929,3.6412030071781705,25.20444772872327,0.11249997689884271
1822.0,1.5,0.6152930555555485,3.641057901417233,25.204448972383016,0.11249997742744998
1823.0,1.5,0.6151548611111041,3.64091279567287,25.204450200221366,0.11249997794396151
1824.0,1.5,0.6150166666666597,3.640767689944837,25.20445141243947,0.11249997844865407
1825.0,1.5,0.6148784722222153,3.6406225842328963,25.20445260923593,0.11249997894179811
1826.0,1.5,0.6147402777777708,3.640477478536815,25.20445379080681,0.1124999794236579
1827.0,1.5,0.6146020833333264,3.6403323728563604,25.204454957345696,0.11249997989449163
1828.0,1.5,0.614463888888882,3.640187267191309,25.204456109043715,0.11249998035455161
1829.0,1.5,0.6143256944444376,3.6400421615414396,25.20445724608956,0.11249998080408437
1830.0,1.5,0.6141874999999932,3.639897055906535,25.204458368669535,0.11249998124333077
1831.0,1.5,0.6140493055555488,3.639751950286381,25.204459476967568,0.11249998167252623
1832.0,1.5,0.6139111111111044,3.6396068446807703,25.20446057116526,0.11249998209190072
1833.0,1.5,0.61377291666666,3.6394617390894966,25.204461651441903,0.11249998250167895
1834.0,1.5,0.6136347222222156,3.6393166335123595,25.20446271797451,0.11249998290208052
1835.0,1.5,0.6134965277777712,3.6391715279491605,25.204463770937846,0.11249998329332
1836.0,1.5,0.6133583333333268,3.639026422399707,25.204464810504454,0.11249998367560701
1837.0,1.5,0.6132201388888824,3.6388813168638077,25.20446583684469,0.11249998404914643
1838.0,1.5,0.613081944444438,3.6387362113412753,25.20446685012674,0.11249998441413842
1839.0,1.5,0.6129437499999936,3.638591105831927,25.204467850516657,0.11249998477077855
1840.0,1.5,0.6128055555555492,3.6384460003355827,25.204468838178386,0.11249998511925793
1841.0,1.5,0.6126673611111048,3.6383008948520654,25.204469813273782,0.11249998545976332
1842.0,1.5,0.6125291666666604,3.638155789381202,25.20447077596265,0.11249998579247716
1843.0,1.5,0.612390972222216,3.6380106839228215,25.20447172640277,0.11249998611757776
1844.0,1.5,0.6122527777777715,3.6378655784767564,25.2044726647499,0.11249998643523931
1845.0,1.5,0.6121145833333271,3.6377204730428425,25.204473591157836,0.11249998674563202
1846.0,1.5,0.6119763888888827,3.637575367620918,25.20447450577841,0.11249998704892226
1847.0,1.5,0.6118381944444383,3.637430262210825,25.20447540876153,0.11249998734527251
1848.0,1.5,0.6116999999999939,3.6372851568124083,25.204476300255198,0.11249998763484159
1849.0,1.5,0.6115618055555495,3.6371400514255128,25.204477180405533,0.11249998791778468
1850.0,1.5,0.6114236111111051,3.636994946049991,25.2044780493568,0.11249998819425339
1851.0,1.5,0.6112854166666607,3.636849840685692,25.20447890725143,0.11249998846439584
1852.0,1.5,0.6111472222222163,3.636704735332474,25.204479754230046,0.11249998872835681
1853.0,1.5,0.6110090277777719,3.636559629990193,25.204480590431476,0.11249998898627778
1854.0,1.5,0.6108708333333275,3.6364145246587083,25.204481415992795,0.1124999892382969
1855.0,1.5,0.6107326388888831,3.636269419337884,25.20448223104933,0.11249998948454927
1856.0,1.5,0.6105944444444387,3.636124314027583,25.204483035734686,0.11249998972516681
1857.0,1.5,0.6104562499999943,3.635979208727675,25.204483830180777,0.11249998996027848
1858.0,1.5,0.6103180555555499,3.6358341034380266,25.204484614517835,0.11249999019001025
1859.0,1.5,0.6101798611111054,3.635688998158512,25.204485388874435,0.11249999041448523
1860.0,1.5,0.610041666666661,3.635543892889004,25.204486153377527,0.11249999063382372
1861.0,1.5,0.6099034722222166,3.635398787629378,25.20448690815244,0.11249999084814324
1862.0,1.5,0.6097652777777722,3.635253682379513,25.20448765332291,0.11249999105755865
1863.0,1.5,0.6096270833333278,3.6351085771392886,25.204488389011104,0.11249999126218213
1864.0,1.5,0.6094888888888834,3.6349634719085886,25.204489115337633,0.11249999146212337
1865.0,1.5,0.609350694444439,3.6348183666872944,25.20448983242158,0.1124999916574895
1866.0,1.5,0.6092124999999946,3.6346732614752955,25.204490540380505,0.11249999184838522
1867.0,1.5,0.6090743055555502,3.6345281562724776,25.204491239330483,0.11249999203491279
1868.0,1.5,0.6089361111111058,3.6343830510787307,25.204491929386112,0.11249999221717219
1869.0,1.5,0.6087979166666614,3.6342379458939473,25.20449261066053,0.11249999239526107
1870.0,1.5,0.608659722222217,3.634092840718021,25.204493283265435,0.11249999256927487
1871.0,1.5,0.6085215277777726,3.633947735550846,25.204493947311114,0.11249999273930686
1872.0,1.5,0.6083833333333282,3.633802630392321,25.204494602906443,0.1124999929054481
1873.0,1.5,0.6082451388888838,3.6336575252423433,25.204495250158917,0.11249999306778767
1874.0,1.5,0.6081069444444394,3.6335124201008133,25.204495889174666,0.11249999322641253
1875.0,1.5,0.607968749999995,3.6333673149676335,25.20449652005847,0.11249999338140769
1876.0,1.5,0.6078305555555505,3.6332222098427067,25.204497142913777,0.11249999353285621
1877.0,1.5,0.6076923611111061,3.6330771047259387,25.20449775784272,0.11249999368083924
1878.0,1.5,0.6075541666666617,3.632931999617236,25.20449836494613,0.11249999382543609
1879.0,1.5,0.6074159722222173,3.632786894516505,25.204498964323562,0.11249999396672422
1880.0,1.5,0.6072777777777729,3.6326417894236585,25.2044995560733,0.11249999410477936
1881.0,1.5,0.6071395833333285,3.632496684338604,25.204500140292385,0.11249999423967548
1882.0,1.5,0.6070013888888841,3.6323515792612557,25.20450071707662,0.11249999437148486
1883.0,1.5,0.6068631944444397,3.6322064741915265,25.204501286520586,0.11249999450027816
1884.0,1.5,0.6067249999999953,3.632061369129332,25.20450184871767,0.11249999462612437
1885.0,1.5,0.6065868055555509,3.631916264074589,25.204502403760063,0.11249999474909092
1886.0,1.5,0.6064486111111065,3.6317711590272137,25.204502951738792,0.11249999486924372
1887.0,1.5,0.6063104166666621,3.6316260539871266,25.204503492743722,0.11249999498664714
1888.0,1.5,0.6061722222222177,3.631480948954247,25.204504026863574,0.11249999510136412
1889.0,1.5,0.6060340277777733,3.6313358439284964,25.204504554185945,0.1124999952134561
1890.0,1.5,0.6058958333333289,3.6311907389097975,25.204505074797314,0.11249999532298317
1891.0,1.5,0.6057576388888845,3.631045633898074,25.204505588783064,0.11249999543000401
1892.0,1.5,0.60561944444444,3.630900528893251,25.204506096227494,0.11249999553457596
1893.0,1.5,0.6054812499999956,3.630755423895254,25.204506597213825,0.11249999563675507
1894.0,1.5,0.6053430555555512,3.6306103189040115,25.204507091824222,0.11249999573659608
1895.0,1.5,0.6052048611111068,3.63046521391945,25.204507580139808,0.11249999583415252
1896.0,1.5,0.6050666666666624,3.6303201089414996,25.20450806224067,0.11249999592947663
1897.0,1.5,0.604928472222218,3.6301750039700904,25.204508538205882,0.11249999602261951
1898.0,1.5,0.6047902777777736,3.6300298990051543,25.204509008113508,0.11249999611363107
1899.0,1.5,0.6046520833333292,3.6298847940466237,25.20450947204062,0.11249999620256007
1900.0,1.5,0.6045138888888848,3.6297396890944302,25.20450993006331,0.11249999628945417
1901.0,1.5,0.6043756944444404,3.6295945841485113,25.204510382256704,0.11249999637435995
1902.0,1.5,0.604237499999996,3.6294494792087986,25.20451082869497,0.11249999645732288
1903.0,1.5,0.6040993055555516,3.629304374275231,25.204511269451338,0.11249999653838744
1904.0,1.5,0.6039611111111072,3.6291592693477446,25.2045117045981,0.11249999661759703
1905.0,1.5,0.6038229166666628,3.6290141644262772,25.204512134206634,0.11249999669499414
1906.0,1.5,0.6036847222222184,3.628869059510768,25.204512558347407,0.11249999677062023
1907.0,1.5,0.603546527777774,3.6287239546011567,25.20451297708999,0.11249999684451582
1908.0,1.5,0.6034083333333295,3.628578849697384,25.20451339050307,0.11249999691672052
1909.0,1.5,0.6032701388888851,3.628433744799391,25.20451379865446,0.112499996987273
1910.0,1.5,0.6031319444444407,3.62828863990712,25.20451420161111,0.11249999705621108
1911.0,1.5,0.6029937499999963,3.628143535020514,25.204514599439122,0.1124999971235717
1912.0,1.5,0.6028555555555519,3.627998430139517,25.20451499220375,0.11249999718939095
1913.0,1.5,0.6027173611111075,3.627853325264073,25.20451537996943,0.1124999972537041
1914.0,1.5,0.6025791666666631,3.6277082203941284,25.204515762799765,0.11249999731654564
1915.0,1.5,0.6024409722222187,3.627563115529629,25.20451614075756,0.1124999973779492
1916.0,1.5,0.6023027777777743,3.6274180106705196,25.20451651390481,0.11249999743794772
1917.0,1.5,0.6021645833333299,3.627272905816751,25.204516882302734,0.11249999749657334
1918.0,1.5,0.6020263888888855,3.627127800968269,25.204517246011765,0.11249999755385746
1919.0,1.5,0.6018881944444411,3.626982696125023,25.204517605091567,0.1124999976098308
1920.0,1.5,0.6017499999999967,3.626837591286963,25.204517959601045,0.11249999766452334
1921.0,1.5,0.6016118055555523,3.626692486454039,25.20451830959836,0.11249999771796437
1922.0,1.5,0.6014736111111079,3.626547381626202,25.204518655140927,0.11249999777018257
1923.0,1.5,0.6013354166666635,3.626402276803404,25.204518996285433,0.1124999978212059
1924.0,1.5,0.601197222222219,3.6262571719855963,25.204519333087845,0.11249999787106169
1925.0,1.5,0.6010590277777746,3.6261120671727323,25.204519665603417,0.11249999791977666
1926.0,1.5,0.6009208333333302,3.625966962364765,25.204519993886702,0.11249999796737692
1927.0,1.5,0.6007826388888858,3.6258218575616477,25.204520317991555,0.11249999801388799
1928.0,1.5,0.6006444444444414,3.625676752763337,25.20452063797115,0.11249999805933478
1929.0,1.5,0.600506249999997,3.625531647969786,25.204520953877985,0.11249999810374163
1930.0,1.5,0.6003680555555526,3.625386543180952,25.204521265763884,0.11249999814713235
1931.0,1.5,0.6002298611111082,3.6252414383967904,25.20452157368002,0.1124999981895302
1932.0,1.5,0.6000916666666638,3.6250963336172584,25.204521877676907,0.1124999982309579
1933.0,1.5,0.5999534722222194,3.624951228842313,25.20452217780442,0.11249999827143761
1934.0,1.5,0.599815277777775,3.624806124071912,25.204522474111805,0.11249999831099108
1935.0,1.5,0.5996770833333306,3.624661019306014,25.204522766647674,0.11249999834963947
1936.0,1.5,0.5995388888888862,3.6245159145445784,25.204523055460022,0.11249999838740349
1937.0,1.5,0.5994006944444418,3.6243708097875644,25.204523340596236,0.11249999842430339
1938.0,1.5,0.5992624999999974,3.624225705034931,25.204523622103096,0.11249999846035892
1939.0,1.5,0.599124305555553,3.6240806002866397,25.204523900026793,0.11249999849558942
1940.0,1.5,0.5989861111111086,3.6239354955426513,25.204524174412924,0.11249999853001377
1941.0,1.5,0.5988479166666641,3.6237903908029265,25.20452444530651,0.11249999856365042
1942.0,1.5,0.5987097222222197,3.6236452860674273,25.204524712751997,0.1124999985965174
1943.0,1.5,0.5985715277777753,3.623500181336116,25.20452497679327,0.11249999862863228
1944.0,1.5,0.5984333333333309,3.623355076608956,25.204525237473646,0.11249999866001231
1945.0,1.5,0.5982951388888865,3.6232099718859097,25.204525494835902,0.11249999869067429
1946.0,1.5,0.5981569444444421,3.6230648671669403,25.204525748922265,0.11249999872063465
1947.0,1.5,0.5980187499999977,3.6229197624520126,25.204525999774425,0.11249999874990946
1948.0,1.5,0.5978805555555533,3.6227746577410906,25.204526247433545,0.1124999987785144
1949.0,1.5,0.5977423611111089,3.6226295530341397,25.20452649194026,0.11249999880646477
1950.0,1.5,0.5976041666666645,3.622484448331124,25.20452673333469,0.1124999988337756
1951.0,1.5,0.5974659722222201,3.62233934363201,25.204526971656442,0.11249999886046147
1952.0,1.5,0.5973277777777757,3.622194238936764,25.204527206944622,0.11249999888653672
1953.0,1.5,0.5971895833333313,3.622049134245351,25.20452743923784,0.11249999891201531
1954.0,1.5,0.5970513888888869,3.62190402955774,25.20452766857421,0.1124999989369109
1955.0,1.5,0.5969131944444425,3.6217589248738955,25.204527894991365,0.1124999989612368
1956.0,1.5,0.5967749999999981,3.621613820193786,25.204528118526458,0.11249999898500608
1957.0,1.5,0.5966368055555537,3.6214687155173806,25.204528339216168,0.11249999900823146
1958.0,1.5,0.5964986111111092,3.6213236108446463,25.204528557096708,0.11249999903092539
1959.0,1.5,0.5963604166666648,3.621178506175552,25.204528772203833,0.11249999905310004
1960.0,1.5,0.5962222222222204,3.6210334015100667,25.20452898457284,0.11249999907476727
1961.0,1.5,0.596084027777776,3.6208882968481597,25.204529194238575,0.1124999990959387
1962.0,1.5,0.5959458333333316,3.6207431921898006,25.204529401235444,0.1124999991166257
1963.0,1.5,0.5958076388888872,3.620598087534958,25.204529605597415,0.11249999913683932
1964.0,1.5,0.5956694444444428,3.6204529828836045,25.20452980735802,0.11249999915659041
1965.0,1.5,0.5955312499999984,3.620307878235709,25.204530006550375,0.11249999917588954
1966.0,1.5,0.595393055555554,3.620162773591243,25.20453020320716,0.11249999919474708
1967.0,1.5,0.5952548611111096,3.620017668950177,25.20453039736065,0.11249999921317311
1968.0,1.5,0.5951166666666652,3.619872564312484,25.204530589042704,0.11249999923117751
1969.0,1.5,0.5949784722222208,3.6197274596781335,25.20453077828478,0.11249999924876994
1970.0,1.5,0.5948402777777764,3.6195823550470987,25.204530965117932,0.1124999992659598
1971.0,1.5,0.594702083333332,3.619437250419353,25.20453114957282,0.11249999928275631
1972.0,1.5,0.5945638888888876,3.619292145794868,25.20453133167971,0.11249999929916848
1973.0,1.5,0.5944256944444432,3.619147041173616,25.204531511468492,0.11249999931520513
1974.0,1.5,0.5942874999999987,3.6190019365555717,25.204531688968665,0.11249999933087479
1975.0,1.5,0.5941493055555543,3.6188568319407084,25.20453186420936,0.1124999993461859
1976.0,1.5,0.5940111111111099,3.6187117273289986,25.204532037219337,0.11249999936114667
1977.0,1.5,0.5938729166666655,3.618566622720417,25.20453220802699,0.1124999993757651
1978.0,1.5,0.5937347222222211,3.6184215181149377,25.204532376660346,0.11249999939004902
1979.0,1.5,0.5935965277777767,3.6182764135125356,25.204532543147078,0.1124999994040061
1980.0,1.5,0.5934583333333323,3.6181313089131852,25.20453270751451,0.1124999994176438
1981.0,1.5,0.5933201388888879,3.617986204316862,25.204532869789617,0.11249999943096944
1982.0,1.5,0.5931819444444435,3.617841099723541,25.20453302999903,0.11249999944399017
1983.0,1.5,0.5930437499999991,3.6176959951331975,25.20453318816904,0.11249999945671293
1984.0,1.5,0.5929055555555547,3.617550890545807,25.204533344325608,0.11249999946914459
1985.0,1.5,0.5927673611111103,3.6174057859613464,25.20453349849436,0.11249999948129177
1986.0,1.5,0.5926291666666659,3.6172606813797916,25.204533650700597,0.112499999493161
1987.0,1.5,0.5924909722222215,3.617115576801119,25.204533800969298,0.11249999950475864
1988.0,1.5,0.5923527777777771,3.616970472225305,25.20453394932512,0.1124999995160909
1989.0,1.5,0.5922145833333327,3.616825367652327,25.204534095792418,0.11249999952716384
1990.0,1.5,0.5920763888888882,3.616680263082162,25.204534240395226,0.11249999953798343
1991.0,1.5,0.5919381944444438,3.6165351585147865,25.204534383157277,0.11249999954855541
1992.0,1.5,0.5917999999999994,3.6163900539501794,25.204534524102,0.11249999955888551
1993.0,1.5,0.591661805555555,3.616244949388318,25.204534663252527,0.11249999956897921
1994.0,1.5,0.5915236111111106,3.61609984482918,25.204534800631695,0.11249999957884196
1995.0,1.5,0.5913854166666662,3.6159547402727443,25.20453493626205,0.11249999958847902
1996.0,1.5,0.5912472222222218,3.615809635718988,25.204535070165853,0.11249999959789556
1997.0,1.5,0.5911090277777774,3.615664531167891,25.204535202365083,0.11249999960709664
1998.0,1.5,0.590970833333333,3.615519426619432,25.20453533288143,0.11249999961608716
1999.0,1.5,0.5908326388888886,3.6153743220735888,25.204535461736324,0.11249999962487196
2000.0,1.5,0.5906944444444442,3.615229217530342,25.204535588950904,0.11249999963345575
2001.0,1.5,0.5905562499999998,3.61508411298967,25.204535714546054,0.11249999964184312
2002.0,1.5,0.5904180555555554,3.614939008451553,25.204535838542384,0.11249999965003858
2003.0,1.5,0.590279861111111,3.614793903915971,25.204535960960246,0.1124999996580465
2004.0,1.5,0.5901416666666666,3.614648799382903,25.204536081819736,0.11249999966587118
2005.0,1.5,0.5900034722222222,3.6145036948523295,25.204536201140684,0.11249999967351682
2006.0,1.5,0.5898652777777778,3.614358590324231,25.20453631894268,0.11249999968098749
2007.0,1.5,0.5897270833333333,3.614213485798587,25.204536435245053,0.11249999968828724
2008.0,1.5,0.5895888888888889,3.61406838127538,25.204536550066894,0.11249999969541993
2009.0,1.5,0.5894506944444445,3.6139232767545892,25.20453666342705,0.11249999970238941
2010.0,1.5,0.5893125000000001,3.613778172236197,25.20453677534412,0.11249999970919944
2011.0,1.5,0.5891743055555557,3.6136330677201824,25.20453688583648,0.11249999971585362
2012.0,1.5,0.5890361111111113,3.613487963206529,25.20453699492226,0.11249999972235553
2013.0,1.5,0.5888979166666669,3.613342858695217,25.20453710261937,0.11249999972870867
2014.0,1.5,0.5887597222222225,3.613197754186228,25.20453720894548,0.11249999973491645
2015.0,1.5,0.5886215277777781,3.6130526496795445,25.20453731391805,0.11249999974098217
2016.0,1.5,0.5884833333333337,3.612907545175148,25.2045374175543,0.11249999974690908
2017.0,1.5,0.5883451388888893,3.612762440673021,25.204537519871245,0.11249999975270039
2018.0,1.5,0.5882069444444449,3.6126173361731455,25.204537620885677,0.11249999975835917
2019.0,1.5,0.5880687500000005,3.6124722316755036,25.204537720614177,0.11249999976388847
2020.0,1.5,0.5879305555555561,3.612327127180078,25.204537819073114,0.11249999976929123
2021.0,1.5,0.5877923611111117,3.612182022686852,25.204537916278646,0.11249999977457038
2022.0,1.5,0.5876541666666673,3.612036918195808,25.204538012246733,0.11249999977972873
2023.0,1.5,0.5875159722222228,3.6118918137069285,25.204538106993123,0.11249999978476904
2024.0,1.5,0.5873777777777784,3.6117467092201982,25.204538200533367,0.11249999978969402
2025.0,1.5,0.587239583333334,3.611601604735598,25.20453829288282,0.11249999979450631
2026.0,1.5,0.5871013888888896,3.6114565002531145,25.204538384056637,0.11249999979920847
2027.0,1.5,0.5869631944444452,3.611311395772728,25.204538474069786,0.11249999980380304
2028.0,1.5,0.5868250000000008,3.6111662912944245,25.204538562937042,0.11249999980829248
2029.0,1.5,0.5866868055555564,3.611021186818186,25.20453865067299,0.11249999981267919
2030.0,1.5,0.586548611111112,3.610876082343998,25.20453873729203,0.11249999981696551
2031.0,1.5,0.5864104166666676,3.6107309778718437,25.20453882280838,0.11249999982115376
2032.0,1.5,0.5862722222222232,3.6105858734017087,25.204538907236078,0.11249999982524618
2033.0,1.5,0.5861340277777788,3.610440768933576,25.20453899058898,0.11249999982924494
2034.0,1.5,0.5859958333333344,3.6102956644674307,25.20453907288077,0.11249999983315222
2035.0,1.5,0.58585763888889,3.6101505600032566,25.204539154124955,0.11249999983697008
2036.0,1.5,0.5857194444444456,3.6100054555410392,25.204539234334867,0.11249999984070058
2037.0,1.5,0.5855812500000012,3.6098603510807634,25.204539313523675,0.11249999984434572
2038.0,1.5,0.5854430555555568,3.6097152466224136,25.204539391704376,0.11249999984790744
2039.0,1.5,0.5853048611111124,3.609570142165975,25.204539468889806,0.11249999985138767
2040.0,1.5,0.585166666666668,3.609425037711434,25.20453954509263,0.11249999985478826
2041.0,1.5,0.5850284722222235,3.609279933258774,25.204539620325356,0.11249999985811104
2042.0,1.5,0.5848902777777791,3.6091348288079823,25.204539694600335,0.1124999998613578
2043.0,1.5,0.5847520833333347,3.608989724359043,25.20453976792976,0.11249999986453024
2044.0,1.5,0.5846138888888903,3.6088446199119426,25.204539840325666,0.1124999998676301
2045.0,1.5,0.5844756944444459,3.6086995154666672,25.204539911799937,0.11249999987065903
2046.0,1.5,0.5843375000000015,3.6085544110232015,25.204539982364306,0.11249999987361864
2047.0,1.5,0.5841993055555571,3.6084093065815335,25.204540052030353,0.11249999987651055
2048.0,1.5,0.5840611111111127,3.608264202141647,25.204540120809515,0.11249999987933626
2049.0,1.5,0.5839229166666683,3.6081190977035296,25.204540188713082,0.11249999988209733
2050.0,1.5,0.5837847222222239,3.607973993267167,25.2045402557522,0.11249999988479521
2051.0,1.5,0.5836465277777795,3.607828888832546,25.204540321937873,0.11249999988743137
2052.0,1.5,0.5835083333333351,3.6076837843996534,25.204540387280964,0.1124999998900072
2053.0,1.5,0.5833701388888907,3.6075386799684748,25.2045404517922,0.11249999989252407
2054.0,1.5,0.5832319444444463,3.607393575538999,25.204540515482176,0.11249999989498338
2055.0,1.5,0.5830937500000019,3.607248471111211,25.20454057836134,0.1124999998973864
2056.0,1.5,0.5829555555555574,3.6071033666850982,25.204540640440012,0.11249999989973443
2057.0,1.5,0.582817361111113,3.6069582622606484,25.204540701728384,0.11249999990202873
2058.0,1.5,0.5826791666666686,3.606813157837847,25.20454076223652,0.11249999990427055
2059.0,1.5,0.5825409722222242,3.6066680534166835,25.204540821974348,0.11249999990646106
2060.0,1.5,0.5824027777777798,3.606522948997144,25.204540880951676,0.11249999990860143
2061.0,1.5,0.5822645833333354,3.606377844579216,25.204540939178184,0.11249999991069284
2062.0,1.5,0.582126388888891,3.6062327401628864,25.204540996663432,0.1124999999127364
2063.0,1.5,0.5819881944444466,3.606087635748145,25.204541053416854,0.1124999999147332
2064.0,1.5,0.5818500000000022,3.605942531334977,25.204541109447767,0.1124999999166843
2065.0,1.5,0.5817118055555578,3.6057974269233717,25.20454116476537,0.11249999991859075
2066.0,1.5,0.5815736111111134,3.6056523225133157,25.20454121937874,0.11249999992045359
2067.0,1.5,0.581435416666669,3.605507218104799,25.204541273296844,0.11249999992227379
2068.0,1.5,0.5812972222222246,3.6053621136978085,25.204541326528535,0.11249999992405235
2069.0,1.5,0.5811590277777802,3.6052170092923315,25.20454137908255,0.11249999992579021
2070.0,1.5,0.5810208333333358,3.605071904888358,25.204541430967513,0.1124999999274883
2071.0,1.5,0.5808826388888914,3.6049268004858757,25.204541482191942,0.11249999992914753
2072.0,1.5,0.580744444444447,3.6047816960848724,25.204541532764246,0.11249999993076881
2073.0,1.5,0.5806062500000025,3.604636591685337,25.204541582692727,0.11249999993235298
2074.0,1.5,0.5804680555555581,3.604491487287258,25.20454163198558,0.11249999993390089
2075.0,1.5,0.5803298611111137,3.6043463828906255,25.2045416806509,0.11249999993541339
2076.0,1.5,0.5801916666666693,3.604201278495425,25.204541728696675,0.11249999993689128
2077.0,1.5,0.5800534722222249,3.6040561741016486,25.20454177613079,0.11249999993833536
2078.0,1.5,0.5799152777777805,3.6039110697092838,25.20454182296103,0.11249999993974638
2079.0,1.5,0.5797770833333361,3.6037659653183196,25.204541869195086,0.11249999994112513
2080.0,1.5,0.5796388888888917,3.6036208609287455,25.204541914840547,0.11249999994247231
2081.0,1.5,0.5795006944444473,3.60347575654055,25.204541959904905,0.11249999994378869
2082.0,1.5,0.5793625000000029,3.6033306521537227,25.204542004395556,0.11249999994507492
2083.0,1.5,0.5792243055555585,3.603185547768253,25.204542048319805,0.11249999994633175
2084.0,1.5,0.5790861111111141,3.6030404433841308,25.20454209168486,0.1124999999475598
2085.0,1.5,0.5789479166666697,3.602895339001344,25.204542134497846,0.11249999994875975
2086.0,1.5,0.5788097222222253,3.6027502346198834,25.204542176765784,0.11249999994993225
2087.0,1.5,0.5786715277777809,3.602605130239738,25.204542218495618,0.11249999995107791
2088.0,1.5,0.5785333333333365,3.602460025860899,25.204542259694193,0.11249999995219737
2089.0,1.5,0.578395138888892,3.6023149214833534,25.204542300368278,0.1124999999532912
2090.0,1.5,0.5782569444444476,3.602169817107093,25.204542340524544,0.11249999995436
2091.0,1.5,0.5781187500000032,3.602024712732108,25.20454238016959,0.11249999995540436
2092.0,1.5,0.5779805555555588,3.6018796083583866,25.204542419309917,0.1124999999564248
2093.0,1.5,0.5778423611111144,3.601734503985921,25.204542457951952,0.11249999995742191
2094.0,1.5,0.57770416666667,3.6015893996146993,25.20454249610204,0.1124999999583962
2095.0,1.5,0.5775659722222256,3.6014442952447125,25.204542533766443,0.1124999999593482
2096.0,1.5,0.5774277777777812,3.601299190875951,25.204542570951347,0.1124999999602784
2097.0,1.5,0.5772895833333368,3.601154086508405,25.20454260766285,0.11249999996118733
2098.0,1.5,0.5771513888888924,3.601008982142065,25.204542643906986,0.11249999996207545
2099.0,1.5,0.577013194444448,3.6008638777769213,25.204542679689702,0.11249999996294324
2100.0,1.5,0.5768750000000036,3.600718773412964,25.204542715016867,0.1124999999637912
2101.0,1.5,0.5767368055555592,3.600573669050184,25.204542749894287,0.11249999996461973
2102.0,1.5,0.5765986111111148,3.6004285646885723,25.204542784327685,0.11249999996542931
2103.0,1.5,0.5764604166666704,3.600283460328119,25.204542818322714,0.11249999996622037
2104.0,1.5,0.576322222222226,3.600138355968815,25.204542851884952,0.11249999996699334
2105.0,1.5,0.5761840277777815,3.5999932516106523,25.20454288501991,0.1124999999677486
2106.0,1.5,0.5760458333333371,3.5998481472536197,25.204542917733033,0.11249999996848659
2107.0,1.5,0.5759076388888927,3.5997030428977093,25.204542950029683,0.11249999996920769
2108.0,1.5,0.5757694444444483,3.599557938542912,25.204542981915168,0.11249999996991229
2109.0,1.5,0.5756312500000039,3.5994128341892186,25.20454301339472,0.11249999997060077
2110.0,1.5,0.5754930555555595,3.599267729836621,25.204543044473503,0.1124999999712735
2111.0,1.5,0.5753548611111151,3.59912262548511,25.204543075156625,0.11249999997193082
2112.0,1.5,0.5752166666666707,3.598977521134677,25.20454310544912,0.11249999997257311
2113.0,1.5,0.5750784722222263,3.598832416785311,25.204543135355962,0.1124999999732007
2114.0,1.5,0.5749402777777819,3.5986873124370073,25.20454316488206,0.11249999997381394
2115.0,1.5,0.5748020833333375,3.5985422080897544,25.20454319403226,0.11249999997441312
2116.0,1.5,0.5746638888888931,3.5983971037435447,25.204543222811353,0.11249999997499863
2117.0,1.5,0.5745256944444487,3.5982519993983706,25.204543251224056,0.11249999997557071
2118.0,1.5,0.5743875000000043,3.598106895054222,25.204543279275036,0.11249999997612971
2119.0,1.5,0.5742493055555599,3.597961790711092,25.204543306968898,0.11249999997667592
2120.0,1.5,0.5741111111111155,3.597816686368971,25.204543334310188,0.11249999997720964
2121.0,1.5,0.573972916666671,3.5976715820278518,25.204543361303397,0.11249999997773114
2122.0,1.5,0.5738347222222266,3.5975264776877256,25.204543387952953,0.1124999999782407
2123.0,1.5,0.5736965277777822,3.5973813733485844,25.204543414263235,0.11249999997873861
2124.0,1.5,0.5735583333333378,3.5972362690104203,25.204543440238556,0.11249999997922511
2125.0,1.5,0.5734201388888934,3.597091164673225,25.204543465883187,0.11249999997970049
2126.0,1.5,0.573281944444449,3.596946060336991,25.204543491201335,0.112499999980165
2127.0,1.5,0.5731437500000046,3.5968009560017085,25.204543516197155,0.11249999998061887
2128.0,1.5,0.5730055555555602,3.5966558516673732,25.204543540874752,0.11249999998106236
2129.0,1.5,0.5728673611111158,3.5965107473339737,25.204543565238176,0.1124999999814957
2130.0,1.5,0.5727291666666714,3.5963656430015036,25.20454358929143,0.11249999998191912
2131.0,1.5,0.572590972222227,3.596220538669956,25.204543613038457,0.11249999998233284
2132.0,1.5,0.5724527777777826,3.5960754343393213,25.20454363648316,0.11249999998273712
2133.0,1.5,0.5723145833333382,3.5959303300095935,25.204543659629387,0.11249999998313213
2134.0,1.5,0.5721763888888938,3.595785225680765,25.20454368248094,0.11249999998351812
2135.0,1.5,0.5720381944444494,3.5956401213528277,25.204543705041562,0.11249999998389526
2136.0,1.5,0.571900000000005,3.5954950170257733,25.204543727314967,0.11249999998426377
2137.0,1.5,0.5717618055555606,3.5953499126995956,25.204543749304804,0.11249999998462386
2138.0,1.5,0.5716236111111161,3.5952048083742865,25.204543771014688,0.1124999999849757
2139.0,1.5,0.5714854166666717,3.595059704049839,25.20454379244818,0.11249999998531948
2140.0,1.5,0.5713472222222273,3.5949145997262453,25.2045438136088,0.11249999998565541
2141.0,1.5,0.5712090277777829,3.5947694954034985,25.204543834500022,0.11249999998598365
2142.0,1.5,0.5710708333333385,3.594624391081592,25.204543855125277,0.11249999998630439
2143.0,1.5,0.5709326388888941,3.5944792867605178,25.204543875487946,0.11249999998661778
2144.0,1.5,0.5707944444444497,3.594334182440268,25.204543895591378,0.11249999998692399
2145.0,1.5,0.5706562500000053,3.5941890781208374,25.20454391543887,0.1124999999872232
2146.0,1.5,0.5705180555555609,3.5940439738022176,25.20454393503368,0.11249999998751556
2147.0,1.5,0.5703798611111165,3.593898869484402,25.204543954379027,0.11249999998780123
2148.0,1.5,0.5702416666666721,3.593753765167383,25.204543973478085,0.11249999998808037
2149.0,1.5,0.5701034722222277,3.5936086608511557,25.204543992333992,0.11249999998835312
2150.0,1.5,0.5699652777777833,3.593463556535711,25.204544010949842,0.11249999998861963
2151.0,1.5,0.5698270833333389,3.5933184522210424,25.20454402932869,0.11249999998888005
2152.0,1.5,0.5696888888888945,3.593173347907144,25.204544047473554,0.1124999999891345
2153.0,1.5,0.5695506944444501,3.593028243594008,25.204544065387413,0.11249999998938312
2154.0,1.5,0.5694125000000057,3.5928831392816285,25.204544083073205,0.11249999998962606
2155.0,1.5,0.5692743055555612,3.5927380349699987,25.204544100533838,0.11249999998986346
2156.0,1.5,0.5691361111111168,3.5925929306591122,25.204544117772176,0.1124999999900954
2157.0,1.5,0.5689979166666724,3.5924478263489616,25.20454413479105,0.11249999999032204
2158.0,1.5,0.568859722222228,3.5923027220395407,25.204544151593254,0.1124999999905435
2159.0,1.5,0.5687215277777836,3.592157617730843,25.204544168181545,0.11249999999075988
2160.0,1.5,0.5685833333333392,3.5920125134228624,25.20454418455865,0.11249999999097132
2161.0,1.5,0.5684451388888948,3.5918674091155918,25.204544200727256,0.11249999999117792
2162.0,1.5,0.5683069444444504,3.591722304809025,25.204544216690014,0.1124999999913798
2163.0,1.5,0.568168750000006,3.5915772005031568,25.204544232449546,0.11249999999157705
2164.0,1.5,0.5680305555555616,3.5914320961979787,25.204544248008443,0.11249999999176978
2165.0,1.5,0.5678923611111172,3.5912869918934853,25.204544263369257,0.11249999999195812
2166.0,1.5,0.5677541666666728,3.591141887589671,25.20454427853451,0.11249999999214214
2167.0,1.5,0.5676159722222284,3.5909967832865286,25.20454429350669,0.11249999999232194
2168.0,1.5,0.567477777777784,3.5908516789840523,25.204544308288256,0.11249999999249763
2169.0,1.5,0.5673395833333396,3.5907065746822364,25.204544322881635,0.11249999999266931
2170.0,1.5,0.5672013888888952,3.590561470381075,25.20454433728922,0.11249999999283705
2171.0,1.5,0.5670631944444507,3.5904163660805604,25.20454435151338,0.11249999999300096
2172.0,1.5,0.5669250000000063,3.5902712617806882,25.20454436555645,0.11249999999316113
2173.0,1.5,0.5667868055555619,3.5901261574814516,25.204544379420735,0.11249999999331761
2174.0,1.5,0.5666486111111175,3.589981053182844,25.20454439310851,0.11249999999347052
2175.0,1.5,0.5665104166666731,3.5898359488848612,25.204544406622023,0.11249999999361993
2176.0,1.5,0.5663722222222287,3.589690844587496,25.204544419963494,0.11249999999376592
2177.0,1.5,0.5662340277777843,3.589545740290743,25.204544433135112,0.11249999999390857
2178.0,1.5,0.5660958333333399,3.5894006359945956,25.20454444613904,0.11249999999404796
2179.0,1.5,0.5659576388888955,3.589255531699049,25.20454445897741,0.11249999999418417
2180.0,1.5,0.5658194444444511,3.5891104274040964,25.20454447165233,0.11249999999431724
2181.0,1.5,0.5656812500000067,3.5889653231097327,25.204544484165883,0.11249999999444728
2182.0,1.5,0.5655430555555623,3.588820218815952,25.204544496520125,0.11249999999457433
2183.0,1.5,0.5654048611111179,3.588675114522749,25.20454450871708,0.1124999999946985
2184.0,1.5,0.5652666666666735,3.5885300102301176,25.204544520758756,0.1124999999948198
2185.0,1.5,0.5651284722222291,3.588384905938052,25.204544532647123,0.11249999999493834
2186.0,1.5,0.5649902777777847,3.588239801646547,25.204544544384138,0.11249999999505417
2187.0,1.5,0.5648520833333402,3.5880946973555967,25.204544555971726,0.11249999999516734
2188.0,1.5,0.5647138888888958,3.587949593065196,25.204544567411787,0.11249999999527793
2189.0,1.5,0.5645756944444514,3.587804488775339,25.204544578706205,0.11249999999538599
2190.0,1.5,0.564437500000007,3.58765938448602,25.20454458985683,0.11249999999549157
2191.0,1.5,0.5642993055555626,3.5875142801972344,25.204544600865493,0.11249999999559473
2192.0,1.5,0.5641611111111182,3.587369175908975,25.204544611734,0.11249999999569554
2193.0,1.5,0.5640229166666738,3.587224071621239,25.20454462246414,0.11249999999579403
2194.0,1.5,0.5638847222222294,3.5870789673340195,25.204544633057672,0.11249999999589028
2195.0,1.5,0.563746527777785,3.586933863047311,25.204544643516332,0.11249999999598431
2196.0,1.5,0.5636083333333406,3.5867887587611085,25.20454465384184,0.11249999999607621
2197.0,1.5,0.5634701388888962,3.586643654475407,25.204544664035893,0.112499999996166
2198.0,1.5,0.5633319444444518,3.5864985501902,25.204544674100163,0.11249999999625374
2199.0,1.5,0.5631937500000074,3.586353445905484,25.2045446840363,0.11249999999633944
2200.0,1.5,0.563055555555563,3.586208341621253,25.20454469384594,0.11249999999642321
2201.0,1.5,0.5629173611111186,3.5860632373375014,25.204544703530686,0.11249999999650506
2202.0,1.5,0.5627791666666742,3.5859181330542245,25.204544713092137,0.11249999999658504
2203.0,1.5,0.5626409722222298,3.585773028771418,25.204544722531857,0.11249999999666319
2204.0,1.5,0.5625027777777853,3.5856279244890747,25.204544731851396,0.11249999999673954
2205.0,1.5,0.5623645833333409,3.585482820207191,25.204544741052285,0.11249999999681415
2206.0,1.5,0.5622263888888965,3.585337715925762,25.204544750136037,0.11249999999688705
2207.0,1.5,0.5620881944444521,3.5851926116447825,25.20454475910414,0.11249999999695828
2208.0,1.5,0.5619500000000077,3.5850475073642465,25.20454476795807,0.1124999999970279
2209.0,1.5,0.5618118055555633,3.58490240308415,25.204544776699276,0.1124999999970959
2210.0,1.5,0.5616736111111189,3.584757298804488,25.204544785329194,0.11249999999716234
2211.0,1.5,0.5615354166666745,3.584612194525255,25.204544793849244,0.11249999999722729
2212.0,1.5,0.5613972222222301,3.5844670902464464,25.204544802260823,0.11249999999729074
2213.0,1.5,0.5612590277777857,3.584321985968058,25.20454481056531,0.11249999999735273
2214.0,1.5,0.5611208333333413,3.584176881690084,25.20454481876407,0.11249999999741331
2215.0,1.5,0.5609826388888969,3.58403177741252,25.20454482685845,0.1124999999974725
2216.0,1.5,0.5608444444444525,3.583886673135361,25.204544834849777,0.11249999999753034
2217.0,1.5,0.5607062500000081,3.583741568858602,25.204544842739363,0.11249999999758685
2218.0,1.5,0.5605680555555637,3.5835964645822385,25.204544850528507,0.11249999999764207
2219.0,1.5,0.5604298611111193,3.583451360306266,25.204544858218483,0.11249999999769603
2220.0,1.5,0.5602916666666748,3.5833062560306788,25.204544865810554,0.11249999999774875
2221.0,1.5,0.5601534722222304,3.5831611517554744,25.20454487330597,0.11249999999780028
2222.0,1.5,0.560015277777786,3.583016047480645,25.20454488070596,0.1124999999978506
2223.0,1.5,0.5598770833333416,3.5828709432061885,25.204544888011736,0.11249999999789978
2224.0,1.5,0.5597388888888972,3.582725838932099,25.2045448952245,0.11249999999794785
2225.0,1.5,0.5596006944444528,3.5825807346583725,25.20454490234544,0.11249999999799482
2226.0,1.5,0.5594625000000084,3.5824356303850036,25.204544909375716,0.1124999999980407
2227.0,1.5,0.559324305555564,3.5822905261119886,25.20454491631649,0.11249999999808552
2228.0,1.5,0.5591861111111196,3.5821454218393227,25.204544923168896,0.11249999999812935
2229.0,1.5,0.5590479166666752,3.582000317567,25.204544929934062,0.11249999999817215
2230.0,1.5,0.5589097222222308,3.581855213295018,25.2045449366131,0.11249999999821397
2231.0,1.5,0.5587715277777864,3.581710109023372,25.204544943207104,0.11249999999825484
2232.0,1.5,0.558633333333342,3.5815650047520564,25.204544949717157,0.11249999999829477
2233.0,1.5,0.5584951388888976,3.5814199004810674,25.20454495614433,0.1124999999983338
2234.0,1.5,0.5583569444444532,3.5812747962103995,25.204544962489674,0.11249999999837193
2235.0,1.5,0.5582187500000088,3.5811296919400504,25.204544968754234,0.11249999999840918
2236.0,1.5,0.5580805555555644,3.5809845876700135,25.20454497493904,0.1124999999984456
2237.0,1.5,0.5579423611111199,3.5808394834002857,25.204544981045103,0.11249999999848116
2238.0,1.5,0.5578041666666755,3.5806943791308625,25.20454498707343,0.11249999999851593
2239.0,1.5,0.5576659722222311,3.5805492748617387,25.204544993025007,0.11249999999854988
2240.0,1.5,0.5575277777777867,3.580404170592911,25.20454499890081,0.11249999999858307
2241.0,1.5,0.5573895833333423,3.5802590663243747,25.20454500470181,0.11249999999861549
2242.0,1.5,0.5572513888888979,3.5801139620561258,25.204545010428955,0.11249999999864718
2243.0,1.5,0.5571131944444535,3.5799688577881597,25.204545016083184,0.11249999999867813
2244.0,1.5,0.5569750000000091,3.5798237535204716,25.204545021665428,0.11249999999870838
2245.0,1.5,0.5568368055555647,3.5796786492530583,25.204545027176604,0.11249999999873794
2246.0,1.5,0.5566986111111203,3.5795335449859147,25.204545032617613,0.11249999999876684
2247.0,1.5,0.5565604166666759,3.5793884407190366,25.20454503798935,0.11249999999879505
2248.0,1.5,0.5564222222222315,3.5792433364524205,25.2045450432927,0.11249999999882263
2249.0,1.5,0.5562840277777871,3.5790982321860616,25.20454504852853,0.11249999999884956
2250.0,1.5,0.5561458333333427,3.5789531279199567,25.2045450536977,0.11249999999887589
2251.0,1.5,0.5560076388888983,3.578808023654101,25.20454505880106,0.11249999999890162
2252.0,1.5,0.5558694444444539,3.5786629193884893,25.204545063839447,0.11249999999892675
2253.0,1.5,0.5557312500000094,3.5785178151231194,25.204545068813687,0.11249999999895131
2254.0,1.5,0.555593055555565,3.5783727108579857,25.2045450737246,0.11249999999897531
2255.0,1.5,0.5554548611111206,3.5782276065930843,25.204545078572988,0.11249999999899876
2256.0,1.5,0.5553166666666762,3.578082502328412,25.20454508335965,0.11249999999902167
2257.0,1.5,0.5551784722222318,3.577937398063964,25.204545088085375,0.11249999999904406
2258.0,1.5,0.5550402777777874,3.5777922937997375,25.204545092750934,0.11249999999906593
2259.0,1.5,0.554902083333343,3.577647189535726,25.20454509735709,0.1124999999990873
2260.0,1.5,0.5547638888888986,3.5775020852719277,25.204545101904607,0.1124999999991082
2261.0,1.5,0.5546256944444542,3.577356981008337,25.204545106394228,0.1124999999991286
2262.0,1.5,0.5544875000000098,3.577211876744952,25.20454511082669,0.11249999999914854
2263.0,1.5,0.5543493055555654,3.5770667724817664,25.20454511520272,0.11249999999916803
2264.0,1.5,0.554211111111121,3.5769216682187777,25.204545119523036,0.11249999999918707
2265.0,1.5,0.5540729166666766,3.576776563955982,25.20454512378835,0.11249999999920568
2266.0,1.5,0.5539347222222322,3.5766314596933735,25.20454512799936,0.11249999999922386
2267.0,1.5,0.5537965277777878,3.576486355430951,25.204545132156756,0.11249999999924162
2268.0,1.5,0.5536583333333434,3.5763412511687083,25.204545136261224,0.11249999999925897
2269.0,1.5,0.553520138888899,3.576196146906643,25.204545140313435,0.11249999999927593
2270.0,1.5,0.5533819444444545,3.57605104264475,25.204545144314057,0.1124999999992925
2271.0,1.5,0.5532437500000101,3.575905938383027,25.204545148263747,0.1124999999993087
2272.0,1.5,0.5531055555555657,3.5757608341214686,25.204545152163153,0.11249999999932452
2273.0,1.5,0.5529673611111213,3.575615729860071,25.204545156012912,0.11249999999933996
2274.0,1.5,0.5528291666666769,3.575470625598832,25.20454515981366,0.11249999999935507
2275.0,1.5,0.5526909722222325,3.5753255213377466,25.204545163566017,0.11249999999936983
2276.0,1.5,0.5525527777777881,3.575180417076811,25.204545167270602,0.11249999999938426
2277.0,1.5,0.5524145833333437,3.5750353128160204,25.20454517092802,0.11249999999939835
2278.0,1.5,0.5522763888888993,3.574890208555373,25.20454517453888,0.11249999999941211
2279.0,1.5,0.5521381944444549,3.574745104294864,25.204545178103764,0.11249999999942556
2280.0,1.5,0.5520000000000105,3.5746000000344886,25.204545181623264,0.11249999999943872
2281.0,1.5,0.5518618055555661,3.5744548957742457,25.204545185097956,0.11249999999945155
2282.0,1.5,0.5517236111111217,3.574309791514129,25.20454518852841,0.11249999999946411
2283.0,1.5,0.5515854166666773,3.5741646872541355,25.204545191915187,0.11249999999947638
2284.0,1.5,0.5514472222222329,3.5740195829942616,25.20454519525885,0.11249999999948836
2285.0,1.5,0.5513090277777885,3.5738744787345045,25.204545198559938,0.11249999999950007
2286.0,1.5,0.551170833333344,3.5737293744748597,25.204545201819002,0.11249999999951152
2287.0,1.5,0.5510326388888996,3.573584270215322,25.204545205036574,0.11249999999952269
2288.0,1.5,0.5508944444444552,3.5734391659558904,25.20454520821318,0.11249999999953361
2289.0,1.5,0.5507562500000108,3.573294061696559,25.204545211349345,0.1124999999995443
2290.0,1.5,0.5506180555555664,3.5731489574373256,25.20454521444558,0.11249999999955472
2291.0,1.5,0.550479861111122,3.573003853178186,25.204545217502396,0.1124999999995649
2292.0,1.5,0.5503416666666776,3.572858748919137,25.204545220520295,0.11249999999957486
2293.0,1.5,0.5502034722222332,3.572713644660173,25.20454522349977,0.1124999999995846
2294.0,1.5,0.5500652777777888,3.5725685404012935,25.204545226441315,0.1124999999995941
2295.0,1.5,0.5499270833333444,3.5724234361424925,25.20454522934541,0.11249999999960339
2296.0,1.5,0.5497888888889,3.572278331883766,25.20454523221253,0.11249999999961247
2297.0,1.5,0.5496506944444556,3.572133227625113,25.20454523504315,0.11249999999962133
2298.0,1.5,0.5495125000000112,3.5719881233665274,25.20454523783773,0.11249999999963001
2299.0,1.5,0.5493743055555668,3.5718430191080066,25.204545240596733,0.11249999999963847
2300.0,1.5,0.5492361111111224,3.571697914849547,25.20454524332061,0.11249999999964674
2301.0,1.5,0.549097916666678,3.571552810591145,25.204545246009808,0.11249999999965483
2302.0,1.5,0.5489597222222335,3.5714077063327974,25.20454524866477,0.11249999999966273
2303.0,1.5,0.5488215277777891,3.5712626020744995,25.204545251285925,0.11249999999967045
2304.0,1.5,0.5486833333333447,3.5711174978162488,25.20454525387371,0.112499999999678
2305.0,1.5,0.5485451388889003,3.5709723935580406,25.204545256428553,0.11249999999968535
2306.0,1.5,0.5484069444444559,3.5708272892998725,25.204545258950866,0.11249999999969257
2307.0,1.5,0.5482687500000115,3.5706821850417403,25.204545261441066,0.11249999999969959
2308.0,1.5,0.5481305555555671,3.570537080783641,25.204545263899565,0.11249999999970647
2309.0,1.5,0.5479923611111227,3.5703919765255714,25.20454526632676,0.11249999999971319
2310.0,1.5,0.5478541666666783,3.5702468722675262,25.204545268723056,0.11249999999971975
2311.0,1.5,0.5477159722222339,3.5701017680095033,25.204545271088843,0.11249999999972617
2312.0,1.5,0.5475777777777895,3.5699566637514986,25.20454527342451,0.11249999999973244
2313.0,1.5,0.5474395833333451,3.5698115594935094,25.204545275730442,0.11249999999973856
2314.0,1.5,0.5473013888889007,3.5696664552355313,25.204545278007018,0.11249999999974455
2315.0,1.5,0.5471631944444563,3.569521350977561,25.204545280254607,0.1124999999997504
2316.0,1.5,0.5470250000000119,3.5693762467195955,25.204545282473582,0.1124999999997561
2317.0,1.5,0.5468868055555675,3.569231142461631,25.204545284664306,0.1124999999997617
2318.0,1.5,0.546748611111123,3.5690860382036638,25.204545286827138,0.11249999999976715
2319.0,1.5,0.5466104166666786,3.568940933945691,25.204545288962436,0.11249999999977248
2320.0,1.5,0.5464722222222342,3.5687958296877076,25.20454529107055,0.1124999999997777
2321.0,1.5,0.5463340277777898,3.5686507254297117,25.20454529315182,0.11249999999978277
2322.0,1.5,0.5461958333333454,3.5685056211717,25.204545295206596,0.11249999999978774
2323.0,1.5,0.546057638888901,3.5683605169136685,25.20454529723521,0.11249999999979261
2324.0,1.5,0.5459194444444566,3.568215412655613,25.204545299238,0.11249999999979736
2325.0,1.5,0.5457812500000122,3.5680703083975307,25.204545301215287,0.112499999999802
2326.0,1.5,0.5456430555555678,3.567925204139418,25.204545303167404,0.11249999999980653
2327.0,1.5,0.5455048611111234,3.5677800998812716,25.204545305094666,0.11249999999981096
2328.0,1.5,0.545366666666679,3.5676349956230884,25.204545306997392,0.11249999999981529
2329.0,1.5,0.5452284722222346,3.567489891364864,25.204545308875893,0.11249999999981952
2330.0,1.5,0.5450902777777902,3.567344787106596,25.204545310730477,0.11249999999982366
2331.0,1.5,0.5449520833333458,3.56719968284828,25.20454531256145,0.11249999999982768
2332.0,1.5,0.5448138888889014,3.567054578589914,25.204545314369113,0.11249999999983162
2333.0,1.5,0.544675694444457,3.5669094743314926,25.204545316153762,0.11249999999983548
2334.0,1.5,0.5445375000000126,3.566764370073014,25.204545317915688,0.11249999999983926
2335.0,1.5,0.5443993055555681,3.5666192658144737,25.204545319655182,0.11249999999984293
2336.0,1.5,0.5442611111111237,3.5664741615558695,25.20454532137253,0.11249999999984653
2337.0,1.5,0.5441229166666793,3.566329057297197,25.204545323068018,0.11249999999985005
2338.0,1.5,0.5439847222222349,3.5661839530384527,25.204545324741918,0.11249999999985348
2339.0,1.5,0.5438465277777905,3.566038848779634,25.204545326394506,0.11249999999985684
2340.0,1.5,0.5437083333333461,3.565893744520736,25.204545328026054,0.11249999999986011
2341.0,1.5,0.5435701388889017,3.5657486402617575,25.20454532963683,0.11249999999986332
2342.0,1.5,0.5434319444444573,3.5656035360026936,25.2045453312271,0.11249999999986644
2343.0,1.5,0.5432937500000129,3.56545843174354,25.20454533279712,0.11249999999986951
2344.0,1.5,0.5431555555555685,3.5653133274842963,25.204545334347156,0.1124999999998725
2345.0,1.5,0.5430173611111241,3.5651682232249553,25.204545335877455,0.11249999999987541
2346.0,1.5,0.5428791666666797,3.5650231189655166,25.20454533738827,0.11249999999987825
2347.0,1.5,0.5427409722222353,3.5648780147059758,25.204545338879853,0.11249999999988106
2348.0,1.5,0.5426027777777909,3.5647329104463292,25.204545340352446,0.11249999999988378
2349.0,1.5,0.5424645833333465,3.564587806186574,25.20454534180629,0.11249999999988644
2350.0,1.5,0.5423263888889021,3.5644427019267058,25.204545343241627,0.11249999999988904
2351.0,1.5,0.5421881944444576,3.5642975976667217,25.204545344658687,0.11249999999989158
2352.0,1.5,0.5420500000000132,3.5641524934066187,25.204545346057706,0.11249999999989406
2353.0,1.5,0.5419118055555688,3.564007389146394,25.204545347438913,0.11249999999989649
2354.0,1.5,0.5417736111111244,3.5638622848860417,25.204545348802537,0.11249999999989885
2355.0,1.5,0.54163541666668,3.563717180625561,25.2045453501488,0.11249999999990118
2356.0,1.5,0.5414972222222356,3.563572076364947,25.204545351477922,0.11249999999990343
2357.0,1.5,0.5413590277777912,3.563426972104197,25.204545352790124,0.11249999999990565
2358.0,1.5,0.5412208333333468,3.5632818678433074,25.204545354085617,0.11249999999990781
2359.0,1.5,0.5410826388889024,3.563136763582275,25.20454535536462,0.11249999999990992
2360.0,1.5,0.540944444444458,3.5629916593210957,25.204545356627335,0.11249999999991198
2361.0,1.5,0.5408062500000136,3.562846555059767,25.204545357873975,0.112499999999914
2362.0,1.5,0.5406680555555692,3.5627014507982846,25.204545359104745,0.11249999999991597
2363.0,1.5,0.5405298611111248,3.5625563465366463,25.204545360319845,0.11249999999991789
2364.0,1.5,0.5403916666666804,3.5624112422748473,25.204545361519475,0.11249999999991978
2365.0,1.5,0.540253472222236,3.5622661380128853,25.204545362703833,0.11249999999992161
2366.0,1.5,0.5401152777777916,3.562121033750756,25.204545363873113,0.11249999999992341
2367.0,1.5,0.5399770833333472,3.5619759294884576,25.204545365027503,0.11249999999992516
2368.0,1.5,0.5398388888889027,3.5618308252259836,25.204545366167196,0.11249999999992687
2369.0,1.5,0.5397006944444583,3.5616857209633337,25.20454536729238,0.11249999999992855
2370.0,1.5,0.5395625000000139,3.561540616700503,25.204545368403238,0.11249999999993018
2371.0,1.5,0.5394243055555695,3.561395512437488,25.204545369499954,0.11249999999993178
2372.0,1.5,0.5392861111111251,3.5612504081742857,25.204545370582707,0.11249999999993335
2373.0,1.5,0.5391479166666807,3.561105303910893,25.204545371651676,0.11249999999993487
2374.0,1.5,0.5390097222222363,3.560960199647306,25.204545372707035,0.11249999999993636
2375.0,1.5,0.5388715277777919,3.5608150953835214,25.204545373748957,0.11249999999993782
2376.0,1.5,0.5387333333333475,3.5606699911195356,25.204545374777613,0.11249999999993925
2377.0,1.5,0.5385951388889031,3.5605248868553447,25.204545375793174,0.11249999999994065
2378.0,1.5,0.5384569444444587,3.560379782590946,25.204545376795807,0.112499999999942
2379.0,1.5,0.5383187500000143,3.5602346783263363,25.204545377785674,0.11249999999994333
2380.0,1.5,0.5381805555555699,3.5600895740615113,25.204545378762937,0.11249999999994462
2381.0,1.5,0.5380423611111255,3.559944469796469,25.204545379727758,0.1124999999999459
2382.0,1.5,0.5379041666666811,3.5597993655312035,25.204545380680297,0.11249999999994714
2383.0,1.5,0.5377659722222367,3.5596542612657136,25.204545381620708,0.11249999999994835
2384.0,1.5,0.5376277777777922,3.5595091569999946,25.204545382549146,0.11249999999994953
2385.0,1.5,0.5374895833333478,3.5593640527340433,25.204545383465764,0.1124999999999507
2386.0,1.5,0.5373513888889034,3.559218948467857,25.20454538437071,0.11249999999995182
2387.0,1.5,0.537213194444459,3.5590738442014316,25.204545385264137,0.11249999999995292
2388.0,1.5,0.5370750000000146,3.558928739934763,25.20454538614619,0.112499999999954
2389.0,1.5,0.5369368055555702,3.5587836356678486,25.204545387017014,0.11249999999995505
2390.0,1.5,0.5367986111111258,3.558638531400685,25.20454538787675,0.11249999999995608
2391.0,1.5,0.5366604166666814,3.558493427133268,25.20454538872554,0.11249999999995709
2392.0,1.5,0.536522222222237,3.5583483228655943,25.204545389563524,0.11249999999995808
2393.0,1.5,0.5363840277777926,3.558203218597661,25.20454539039084,0.11249999999995904
2394.0,1.5,0.5362458333333482,3.5580581143294636,25.204545391207624,0.11249999999995998
2395.0,1.5,0.5361076388889038,3.5579130100609997,25.20454539201401,0.1124999999999609
2396.0,1.5,0.5359694444444594,3.557767905792265,25.204545392810125,0.1124999999999618
2397.0,1.5,0.535831250000015,3.557622801523256,25.204545393596106,0.11249999999996266
2398.0,1.5,0.5356930555555706,3.5574776972539697,25.20454539437208,0.11249999999996352
2399.0,1.5,0.5355548611111262,3.5573325929844017,25.204545395138176,0.11249999999996435
2400.0,0.0,0.5354166666666818,3.60518748871455,25.204545395894517,0.0
2401.0,0.0,0.5354166666666818,3.605805310413061,25.20194122997456,0.0
2402.0,0.0,0.5354166666666818,3.6064089949393074,25.199370218944793,0.0
2403.0,0.0,0.5354166666666818,3.6069988657840955,25.196831940694338,0.0
2404.0,0.0,0.5354166666666818,3.607575239036023,25.194325978486425,0.0
2405.0,0.0,0.5354166666666818,3.6081384235508587,25.191851920889956,0.0
2406.0,0.0,0.5354166666666818,3.6086887211170455,25.18940936171196,0.0
2407.0,0.0,0.5354166666666818,3.609226426617416,25.186997899930905,0.0
2408.0,0.0,0.5354166666666818,3.609751828187211,25.18461713963086,0.0
2409.0,0.0,0.5354166666666818,3.6102652073684784,25.182266689936483,0.0
2410.0,0.0,0.5354166666666818,3.61076683926094,25.179946164948866,0.0
2411.0,0.0,0.5354166666666818,3.611256992669408,25.177655183682155,0.0
2412.0,0.0,0.5354166666666818,3.6117359302478262,25.175393370001018,0.0
2413.0,0.0,0.5354166666666818,3.6122039086400153,25.173160352558874,0.0
2414.0,0.0,0.5354166666666818,3.6126611786172,25.170955764736945,0.0
2415.0,0.0,0.5354166666666818,3.613107985212385,25.168779244584044,0.0
2416.0,0.0,0.5354166666666818,3.613544567851661,25.166630434757163,0.0
2417.0,0.0,0.5354166666666818,3.613971160482502,25.164508982462802,0.0
2418.0,0.0,0.5354166666666818,3.61438799169913,25.16241453939904,0.0
2419.0,0.0,0.5354166666666818,3.614795284865008,25.16034676169836,0.0
2420.0,0.0,0.5354166666666818,3.615193258232533,25.15830530987118,0.0
2421.0,0.0,0.5354166666666818,3.615582125059988,25.156289848750138,0.0
2422.0,0.0,0.5354166666666818,3.6159620937258192,25.154300047435033,0.0
2423.0,0.0,0.5354166666666818,3.6163333678402987,25.15233557923852,0.0
2424.0,0.0,0.5354166666666818,3.6166961463546294,25.150396121632475,0.0
2425.0,0.0,0.5354166666666818,3.6170506236675557,25.148481356195024,0.0
2426.0,0.0,0.5354166666666818,3.617396989729536,25.146590968558282,0.0
2427.0,0.0,0.5354166666666818,3.6177354301445264,25.14472464835673,0.0
2428.0,0.0,0.5354166666666818,3.6180661262694414,25.14288208917626,0.0
2429.0,0.0,0.5354166666666818,3.618389255311335,25.14106298850388,0.0
2430.0,0.0,0.5354166666666818,3.618704990422358,25.13926704767802,0.0
2431.0,0.0,0.5354166666666818,3.619013500792545,25.137493971839525,0.0
2432.0,0.0,0.5354166666666818,3.6193149517404755,25.135743469883234,0.0
2433.0,0.0,0.5354166666666818,3.619609504801863,25.134015254410183,0.0
2434.0,0.0,0.5354166666666818,3.619897317816114,25.132309041680426,0.0
2435.0,0.0,0.5354166666666818,3.6201785450109085,25.130624551566438,0.0
2436.0,0.0,0.5354166666666818,3.6204533370848457,25.128961507507142,0.0
2437.0,0.0,0.5354166666666818,3.6207218412881956,25.12731963646249,0.0
2438.0,0.0,0.5354166666666818,3.6209842015018054,25.12569866886864,0.0
2439.0,0.0,0.5354166666666818,3.621240558314201,25.124098338593694,0.0
2440.0,0.0,0.5354166666666818,3.62149104909692,25.122518382894004,0.0
2441.0,0.0,0.5354166666666818,3.621735808078127,25.12095854237105,0.0
2442.0,0.0,0.5354166666666818,3.621974966414537,25.119418560928825,0.0
2443.0,0.0,0.5354166666666818,3.6222086522617025,25.117898185731814,0.0
2444.0,0.0,0.5354166666666818,3.6224369908426826,25.11639716716347,0.0
2445.0,0.0,0.5354166666666818,3.622660104515146,25.11491525878523,0.0
2446.0,0.0,0.5354166666666818,3.62287811283694,25.113452217296068,0.0
2447.0,0.0,0.5354166666666818,3.6230911326301536,25.11200780249253,0.0
2448.0,0.0,0.5354166666666818,3.6232992780437208,25.110581777229317,0.0
2449.0,0.0,0.5354166666666818,3.6235026606145864,25.10917390738033,0.0
2450.0,0.0,0.5354166666666818,3.6237013893274748,25.10778396180026,0.0
2451.0,0.0,0.5354166666666818,3.6238955706732914,25.106411712286597,0.0
2452.0,0.0,0.5354166666666818,3.624085308706186,25.10505693354221,0.0
2453.0,0.0,0.5354166666666818,3.624270705099312,25.103719403138314,0.0
2454.0,0.0,0.5354166666666818,3.6244518591993082,25.102398901477986,0.0
2455.0,0.0,0.5354166666666818,3.6246288680795358,25.101095211760097,0.0
2456.0,0.0,0.5354166666666818,3.624801826592096,25.099808119943706,0.0
2457.0,0.0,0.5354166666666818,3.6249708274186556,25.09853741471294,0.0
2458.0,0.0,0.5354166666666818,3.625135961120115,25.09728288744229,0.0
2459.0,0.0,0.5354166666666818,3.6252973161851325,25.096044332162354,0.0
2460.0,0.0,0.5354166666666818,3.6254549790775457,25.094821545526028,0.0
2461.0,0.0,0.5354166666666818,3.6256090342826996,25.093614326775118,0.0
2462.0,0.0,0.5354166666666818,3.625759564352724,25.09242247770738,0.0
2463.0,0.0,0.5354166666666818,3.6259066499507653,25.091245802643975,0.0
2464.0,0.0,0.5354166666666818,3.6260503698942137,25.09008410839735,0.0
2465.0,0.0,0.5354166666666818,3.626190801196937,25.088937204239514,0.0
2466.0,0.0,0.5354166666666818,3.6263280191105505,25.087804901870722,0.0
2467.0,0.0,0.5354166666666818,3.6264620971647394,25.086687015388573,0.0
2468.0,0.0,0.5354166666666818,3.626593107206663,25.08558336125747,0.0
2469.0,0.0,0.5354166666666818,3.6267211194394524,25.084493758278498,0.0
2470.0,0.0,0.5354166666666818,3.6268462024598307,25.083418027559674,0.0
2471.0,0.0,0.5354166666666818,3.626968423294872,25.082355992486576,0.0
2472.0,0.0,0.5354166666666818,3.627087847437917,25.081307478693343,0.0
2473.0,0.0,0.5354166666666818,3.627204538883669,25.080272314034055,0.0
2474.0,0.0,0.5354166666666818,3.6273185601624878,25.079250328554455,0.0
2475.0,0.0,0.5354166666666818,3.6274299723738936,25.078241354464062,0.0
2476.0,0.0,0.5354166666666818,3.6275388352193105,25.077245226108616,0.0
2477.0,0.0,0.5354166666666818,3.627645207034059,25.076261779942882,0.0
2478.0,0.0,0.5354166666666818,3.6277491448186128,25.075290854503795,0.0
2479.0,0.0,0.5354166666666818,3.6278507042691444,25.074332290383953,0.0
2480.0,0.0,0.5354166666666818,3.627949939807371,25.073385930205454,0.0
2481.0,0.0,0.5354166666666818,3.6280469046097172,25.07245161859404,0.0
2482.0,0.0,0.5354166666666818,3.6281416506358086,25.071529202153606,0.0
2483.0,0.0,0.5354166666666818,3.6282342286563156,25.070618529441003,0.0
2484.0,0.0,0.5354166666666818,3.628324688280161,25.069719450941175,0.0
2485.0,0.0,0.5354166666666818,3.628413077981101,25.068831819042618,0.0
2486.0,0.0,0.5354166666666818,3.6284994451237007,25.06795548801314,0.0
2487.0,0.0,0.5354166666666818,3.628583835988718,25.067090313975935,0.0
2488.0,0.0,0.5354166666666818,3.6286662957979,25.066236154885964,0.0
2489.0,0.0,0.5354166666666818,3.628746868738216,25.065392870506628,0.0
2490.0,0.0,0.5354166666666818,3.6288255979855384,25.06456032238675,0.0
2491.0,0.0,0.5354166666666818,3.628902525727775,25.063738373837843,0.0
2492.0,0.0,0.5354166666666818,3.6289776931874798,25.062926889911665,0.0
2493.0,0.0,0.5354166666666818,3.6290511406439387,25.062125737378068,0.0
2494.0,0.0,0.5354166666666818,3.629122907454757,25.061334784703117,0.0
2495.0,0.0,0.5354166666666818,3.629193032076947,25.0605539020275,0.0
2496.0,0.0,0.5354166666666818,3.629261552087538,25.059782961145206,0.0
2497.0,0.0,0.5354166666666818,3.629328504203709,25.05902183548248,0.0
2498.0,0.0,0.5354166666666818,3.629393924302468,25.05827040007703,0.0
2499.0,0.0,0.5354166666666818,3.629457847439874,25.057528531557534,0.0
2500.0,0.0,0.5354166666666818,3.6295203078698237,25.05679610812335,0.0
2501.0,0.0,0.5354166666666818,3.6295813390624057,25.056073009524557,0.0
2502.0,0.0,0.5354166666666818,3.6296409737218367,25.055359117042183,0.0
2503.0,0.0,0.5354166666666818,3.6296992438039877,25.05465431346873,0.0
2504.0,0.0,0.5354166666666818,3.629756180533504,25.05395848308892,0.0
2505.0,0.0,0.5354166666666818,3.6298118144205413,25.053271511660704,0.0
2506.0,0.0,0.5354166666666818,3.629866175277112,25.052593286396505,0.0
2507.0,0.0,0.5354166666666818,3.6299192922330636,25.051923695944698,0.0
2508.0,0.0,0.5354166666666818,3.6299711937516834,25.051262630371326,0.0
2509.0,0.0,0.5354166666666818,3.6300219076449554,25.050609981142063,0.0
2510.0,0.0,0.5354166666666818,3.6300714610884617,25.049965641104375,0.0
2511.0,0.0,0.5354166666666818,3.6301198806359443,25.049329504469945,0.0
2512.0,0.0,0.5354166666666818,3.6301671922335355,25.048701466797294,0.0
2513.0,0.0,0.5354166666666818,3.6302134212336608,25.048081424974644,0.0
2514.0,0.0,0.5354166666666818,3.630258592408624,25.047469277202975,0.0
2515.0,0.0,0.5354166666666818,3.630302729963882,25.046864922979324,0.0
2516.0,0.0,0.5354166666666818,3.6303458575510157,25.046268263080282,0.0
2517.0,0.0,0.5354166666666818,3.6303879982804035,25.045679199545695,0.0
2518.0,0.0,0.5354166666666818,3.630429174733606,25.04509763566259,0.0
2519.0,0.0,0.5354166666666818,3.6304694089754657,25.044523475949294,0.0
2520.0,0.0,0.5354166666666818,3.630508722565931,25.043956626139753,0.0
2521.0,0.0,0.5354166666666818,3.63054713657161,25.043396993168066,0.0
2522.0,0.0,0.5354166666666818,3.6305846715770578,25.042844485153196,0.0
2523.0,0.0,0.5354166666666818,3.6306213476958087,25.042299011383886,0.0
2524.0,0.0,0.5354166666666818,3.630657184581153,25.04176048230377,0.0
2525.0,0.0,0.5354166666666818,3.6306922014366685,25.041228809496662,0.0
2526.0,0.0,0.5354166666666818,3.6307264170265117,25.04070390567205,0.0
2527.0,0.0,0.5354166666666818,3.6307598496854725,25.040185684650762,0.0
2528.0,0.0,0.5354166666666818,3.630792517328798,25.03967406135081,0.0
2529.0,0.0,0.5354166666666818,3.6308244374617944,25.039168951773426,0.0
2530.0,0.0,0.5354166666666818,3.6308556271892063,25.038670272989275,0.0
2531.0,0.0,0.5354166666666818,3.6308861032243827,25.03817794312483,0.0
2532.0,0.0,0.5354166666666818,3.630915881898232,25.037691881348934,0.0
2533.0,0.0,0.5354166666666818,3.630944979167976,25.037212007859537,0.0
2534.0,0.0,0.5354166666666818,3.630973410625697,25.036738243870584,0.0
2535.0,0.0,0.5354166666666818,3.6310011915066958,25.036270511599085,0.0
2536.0,0.0,0.5354166666666818,3.6310283366976543,25.03580873425234,0.0
2537.0,0.0,0.5354166666666818,3.6310548607446136,25.035352836015328,0.0
2538.0,0.0,0.5354166666666818,3.631080777860767,25.03490274203828,0.0
2539.0,0.0,0.5354166666666818,3.6311061019340793,25.034458378424368,0.0
2540.0,0.0,0.5354166666666818,3.6311308465347256,25.034019672217575,0.0
2541.0,0.0,0.5354166666666818,3.6311550249223643,25.03358655139073,0.0
2542.0,0.0,0.5354166666666818,3.631178650053243,25.033158944833673,0.0
2543.0,0.0,0.5354166666666818,3.631201734587141,25.032736782341576,0.0
2544.0,0.0,0.5354166666666818,3.631224290894152,25.03231999460343,0.0
2545.0,0.0,0.5354166666666818,3.6312463310613143,25.031908513190654,0.0
2546.0,0.0,0.5354166666666818,3.6312678668990874,25.031502270545865,0.0
2547.0,0.0,0.5354166666666818,3.63128890994768,25.031101199971786,0.0
2548.0,0.0,0.5354166666666818,3.631309471483235,25.030705235620292,0.0
2549.0,0.0,0.5354166666666818,3.63132956252387,25.030314312481607,0.0
2550.0,0.0,0.5354166666666818,3.6313491938355855,25.029928366373625,0.0
2551.0,0.0,0.5354166666666818,3.6313683759380284,25.02954733393137,0.0
2552.0,0.0,0.5354166666666818,3.631387119110134,25.029171152596593,0.0
2553.0,0.0,0.5354166666666818,3.6314054333956314,25.028799760607516,0.0
2554.0,0.0,0.5354166666666818,3.6314233286084256,25.02843309698867,0.0
2555.0,0.0,0.5354166666666818,3.6314408143378585,25.0280711015409,0.0
2556.0,0.0,0.5354166666666818,3.6314578999538445,25.027713714831467,0.0
2557.0,0.0,0.5354166666666818,3.6314745946118943,25.027360878184307,0.0
2558.0,0.0,0.5354166666666818,3.6314909072580184,25.027012533670387,0.0
2559.0,0.0,0.5354166666666818,3.6315068466335223,25.026668624098196,0.0
2560.0,0.0,0.5354166666666818,3.6315224212796915,25.026329093004353,0.0
2561.0,0.0,0.5354166666666818,3.631537639542366,25.025993884644343,0.0
2562.0,0.0,0.5354166666666818,3.631552509576415,25.025662943983363,0.0
2563.0,0.0,0.5354166666666818,3.631567039350105,25.02533621668728,0.0
2564.0,0.0,0.5354166666666818,3.6315812366493705,25.025013649113713,0.0
2565.0,0.0,0.5354166666666818,3.631595109081986,25.024695188303237,0.0
2566.0,0.0,0.5354166666666818,3.631608664081643,25.024380781970674,0.0
2567.0,0.0,0.5354166666666818,3.631621908911933,25.02407037849651,0.0
2568.0,0.0,0.5354166666666818,3.6316348506702396,25.02376392691843,0.0
2569.0,0.0,0.5354166666666818,3.6316474962915426,25.023461376922942,0.0
2570.0,0.0,0.5354166666666818,3.6316598525521337,25.023162678837117,0.0
2571.0,0.0,0.5354166666666818,3.6316719260732464,25.02286778362044,0.0
2572.0,0.0,0.5354166666666818,3.6316837233246066,25.022576642856755,0.0
2573.0,0.0,0.5354166666666818,3.631695250627897,25.02228920874631,0.0
2574.0,0.0,0.5354166666666818,3.6317065141601477,25.02200543409792,0.0
2575.0,0.0,0.5354166666666818,3.631717519957041,25.02172527232121,0.0
2576.0,0.0,0.5354166666666818,3.6317282739161523,25.02144867741897,0.0
2577.0,0.0,0.5354166666666818,3.6317387818001046,25.021175603979607,0.0
2578.0,0.0,0.5354166666666818,3.63174904923966,25.020906007169682,0.0
2579.0,0.0,0.5354166666666818,3.6317590817367362,25.02063984272655,0.0
2580.0,0.0,0.5354166666666818,3.6317688846673537,25.020377066951095,0.0
2581.0,0.0,0.5354166666666818,3.6317784632845176,25.02011763670056,0.0
2582.0,0.0,0.5354166666666818,3.6317878227210327,25.019861509381457,0.0
2583.0,0.0,0.5354166666666818,3.6317969679922526,25.019608642942572,0.0
2584.0,0.0,0.5354166666666818,3.6318059039987687,25.01935899586807,0.0
2585.0,0.0,0.5354166666666818,3.631814635529036,25.019112527170677,0.0
2586.0,0.0,0.5354166666666818,3.6318231672619383,25.018869196384937,0.0
2587.0,0.0,0.5354166666666818,3.631831503769295,25.01862896356059,0.0
2588.0,0.0,0.5354166666666818,3.631839649518314,25.018391789256,0.0
2589.0,0.0,0.5354166666666818,3.631847608873981,25.018157634531676,0.0
2590.0,0.0,0.5354166666666818,3.6318553861014027,25.017926460943887,0.0
2591.0,0.0,0.5354166666666818,3.6318629853680884,25.01769823053835,0.0
2592.0,0.0,0.5354166666666818,3.6318704107461874,25.017472905843995,0.0
2593.0,0.0,0.5354166666666818,3.6318776662146672,25.017250449866815,0.0
2594.0,0.0,0.5354166666666818,3.631884755661449,25.017030826083786,0.0
2595.0,0.0,0.5354166666666818,3.6318916828854877,25.016813998436888,0.0
2596.0,0.0,0.5354166666666818,3.631898451598811,25.01659993132716,0.0
2597.0,0.0,0.5354166666666818,3.631905065428506,25.016388589608876,0.0
2598.0,0.0,0.5354166666666818,3.631911527918664,25.016179938583765,0.0
2599.0,0.0,0.5354166666666818,3.6319178425322796,25.015973943995313,0.0
2600.0,0.0,0.5354166666666818,3.631924012653106,25.01577057202315,0.0
2601.0,0.0,0.5354166666666818,3.6319300415874682,25.015569789277485,0.0
2602.0,0.0,0.5354166666666818,3.631935932566036,25.01537156279363,0.0
2603.0,0.0,0.5354166666666818,3.6319416887455516,25.01517586002658,0.0
2604.0,0.0,0.5354166666666818,3.6319473132105267,25.014982648845688,0.0
2605.0,0.0,0.5354166666666818,3.6319528089748907,25.014791897529367,0.0
2606.0,0.0,0.5354166666666818,3.631958178983607,25.014603574759896,0.0
2607.0,0.0,0.5354166666666818,3.631963426114253,25.014417649618277,0.0
2608.0,0.0,0.5354166666666818,3.6319685531785595,25.014234091579155,0.0
2609.0,0.0,0.5354166666666818,3.6319735629239185,25.01405287050581,0.0
2610.0,0.0,0.5354166666666818,3.631978458034856,25.013873956645206,0.0
2611.0,0.0,0.5354166666666818,3.6319832411344692,25.013697320623102,0.0
2612.0,0.0,0.5354166666666818,3.631987914785833,25.013522933439244,0.0
2613.0,0.0,0.5354166666666818,3.631992481493374,25.013350766462587,0.0
2614.0,0.0,0.5354166666666818,3.631996943704211,25.013180791426606,0.0
2615.0,0.0,0.5354166666666818,3.632001303809467,25.013012980424648,0.0
2616.0,0.0,0.5354166666666818,3.6320055641455515,25.012847305905353,0.0
2617.0,0.0,0.5354166666666818,3.632009726995411,25.012683740668134,0.0
2618.0,0.0,0.5354166666666818,3.632013794589753,25.012522257858702,0.0
2619.0,0.0,0.5354166666666818,3.6320177691082414,25.01236283096467,0.0
2620.0,0.0,0.5354166666666818,3.6320216526806646,25.012205433811182,0.0
2621.0,0.0,0.5354166666666818,3.6320254473880764,25.01205004055664,0.0
2622.0,0.0,0.5354166666666818,3.6320291552639112,25.011896625688443,0.0
2623.0,0.0,0.5354166666666818,3.6320327782950734,25.011745164018798,0.0
2624.0,0.0,0.5354166666666818,3.6320363184230042,25.011595630680596,0.0
2625.0,0.0,0.5354166666666818,3.632039777544718,25.01144800112332,0.0
2626.0,0.0,0.5354166666666818,3.6320431575138223,25.01130225110902,0.0
2627.0,0.0,0.5354166666666818,3.63204646014151,25.011158356708325,0.0
2628.0,0.0,0.5354166666666818,3.6320496871975294,25.011016294296528,0.0
2629.0,0.0,0.5354166666666818,3.6320528404111325,25.010876040549697,0.0
2630.0,0.0,0.5354166666666818,3.6320559214720034,25.010737572440846,0.0
2631.0,0.0,0.5354166666666818,3.6320589320311605,25.01060086723616,0.0
2632.0,0.0,0.5354166666666818,3.6320618737018444,25.010465902491255,0.0
2633.0,0.0,0.5354166666666818,3.6320647480603814,25.0103326560475,0.0
2634.0,0.0,0.5354166666666818,3.6320675566470264,25.010201106028376,0.0
2635.0,0.0,0.5354166666666818,3.632070300966791,25.010071230835884,0.0
2636.0,0.0,0.5354166666666818,3.6320729824902487,25.009943009147,0.0
2637.0,0.0,0.5354166666666818,3.632075602654322,25.009816419910177,0.0
2638.0,0.0,0.5354166666666818,3.6320781628630536,25.009691442341875,0.0
2639.0,0.0,0.5354166666666818,3.632080664488359,25.00956805592317,0.0
2640.0,0.0,0.5354166666666818,3.632083108870761,25.00944624039637,0.0
2641.0,0.0,0.5354166666666818,3.6320854973201078,25.009325975761694,0.0
2642.0,0.0,0.5354166666666818,3.6320878311162756,25.009207242273988,0.0
2643.0,0.0,0.5354166666666818,3.6320901115098545,25.00909002043948,0.0
2644.0,0.0,0.5354166666666818,3.6320923397228166,25.00897429101259,0.0
2645.0,0.0,0.5354166666666818,3.632094516949175,25.008860034992754,0.0
2646.0,0.0,0.5354166666666818,3.632096644355619,25.008747233621317,0.0
2647.0,0.0,0.5354166666666818,3.6320987230821418,25.00863586837845,0.0
2648.0,0.0,0.5354166666666818,3.6321007542426518,25.008525920980116,0.0
2649.0,0.0,0.5354166666666818,3.632102738925568,25.008417373375046,0.0
2650.0,0.0,0.5354166666666818,3.6321046781944033,25.0083102077418,0.0
2651.0,0.0,0.5354166666666818,3.6321065730883366,25.008204406485827,0.0
2652.0,0.0,0.5354166666666818,3.632108424622767,25.008099952236588,0.0
2653.0,0.0,0.5354166666666818,3.6321102337898576,25.007996827844686,0.0
2654.0,0.0,0.5354166666666818,3.6321120015590718,25.00789501637907,0.0
2655.0,0.0,0.5354166666666818,3.6321137288776866,25.007794501124245,0.0
2656.0,0.0,0.5354166666666818,3.6321154166713043,25.007695265577524,0.0
2657.0,0.0,0.5354166666666818,3.6321170658443473,25.00759729344633,0.0
2658.0,0.0,0.5354166666666818,3.6321186772805425,25.007500568645508,0.0
2659.0,0.0,0.5354166666666818,3.632120251843395,25.007405075294695,0.0
2660.0,0.0,0.5354166666666818,3.6321217903766514,25.00731079771571,0.0
2661.0,0.0,0.5354166666666818,3.632123293704751,25.007217720429978,0.0
2662.0,0.0,0.5354166666666818,3.632124762633269,25.007125828155985,0.0
2663.0,0.0,0.5354166666666818,3.6321261979493453,25.00703510580678,0.0
2664.0,0.0,0.5354166666666818,3.63212760042211,25.00694553848748,0.0
2665.0,0.0,0.5354166666666818,3.6321289708030933,25.006857111492845,0.0
2666.0,0.0,0.5354166666666818,3.6321303098266275,25.006769810304856,0.0
2667.0,0.0,0.5354166666666818,3.632131618210244,25.006683620590326,0.0
2668.0,0.0,0.5354166666666818,3.6321328966550532,25.006598528198552,0.0
2669.0,0.0,0.5354166666666818,3.6321341458461243,25.006514519158987,0.0
2670.0,0.0,0.5354166666666818,3.6321353664528484,25.006431579678953,0.0
2671.0,0.0,0.5354166666666818,3.632136559129302,25.006349696141374,0.0
2672.0,0.0,0.5354166666666818,3.6321377245145925,25.006268855102537,0.0
2673.0,0.0,0.5354166666666818,3.632138863233205,25.00618904328989,0.0
2674.0,0.0,0.5354166666666818,3.632139975895333,25.006110247599857,0.0
2675.0,0.0,0.5354166666666818,3.632141063097209,25.006032455095692,0.0
2676.0,0.0,0.5354166666666818,3.6321421254214217,25.005955653005355,0.0
2677.0,0.0,0.5354166666666818,3.632143163437229,25.005879828719408,0.0
2678.0,0.0,0.5354166666666818,3.6321441777008627,25.00580496978895,0.0
2679.0,0.0,0.5354166666666818,3.6321451687558266,25.005731063923584,0.0
2680.0,0.0,0.5354166666666818,3.6321461371331885,25.00565809898937,0.0
2681.0,0.0,0.5354166666666818,3.632147083351863,25.005586063006866,0.0
2682.0,0.0,0.5354166666666818,3.632148007918892,25.00551494414914,0.0
2683.0,0.0,0.5354166666666818,3.632148911329715,25.005444730739836,0.0
2684.0,0.0,0.5354166666666818,3.632149794068434,25.00537541125125,0.0
2685.0,0.0,0.5354166666666818,3.632150656608074,25.00530697430245,0.0
2686.0,0.0,0.5354166666666818,3.6321514994108357,25.005239408657395,0.0
2687.0,0.0,0.5354166666666818,3.632152322928344,25.0051727032231,0.0
2688.0,0.0,0.5354166666666818,3.6321531276018906,25.005106847047806,0.0
2689.0,0.0,0.5354166666666818,3.632153913862667,25.005041829319186,0.0
2690.0,0.0,0.5354166666666818,3.6321546821320005,25.004977639362576,0.0
2691.0,0.0,0.5354166666666818,3.6321554328215764,25.004914266639208,0.0
2692.0,0.0,0.5354166666666818,3.632156166333659,25.004851700744496,0.0
2693.0,0.0,0.5354166666666818,3.6321568830613087,25.004789931406314,0.0
2694.0,0.0,0.5354166666666818,3.6321575833885924,25.00472894848332,0.0
2695.0,0.0,0.5354166666666818,3.6321582676907873,25.004668741963275,0.0
2696.0,0.0,0.5354166666666818,3.632158936334584,25.004609301961427,0.0
2697.0,0.0,0.5354166666666818,3.6321595896782832,25.004550618718863,0.0
2698.0,0.0,0.5354166666666818,3.6321602280719856,25.004492682600915,0.0
2699.0,0.0,0.5354166666666818,3.632160851857781,25.00443548409558,0.0
2700.0,4.5,0.5354166666666818,3.488161461369932,25.004379013811956,0.6481171230506766
2701.0,4.5,0.5350020833333484,3.4858732790282176,25.01932597366043,0.6564550359375432
2702.0,4.5,0.5345875000000151,3.4836274945727173,25.03427564380914,0.6646021583243428
2703.0,4.5,0.5341729166666818,3.4814231378427496,25.049223573305188,0.672562855933698
2704.0,4.5,0.5337583333333484,3.4792592608771287,25.064165468921296,0.6803413945905219
2705.0,4.5,0.5333437500000151,3.4771349374061784,25.079097190835274,0.6879419425079052
2706.0,4.5,0.5329291666666818,3.4750492623553906,25.094014748417415,0.6953685725206982
2707.0,4.5,0.5325145833333484,3.4730013513604243,25.108914296123228,0.7026252642679829
2708.0,4.5,0.5321000000000151,3.4709903402932163,25.123792129488972,0.7097159063256054
2709.0,4.5,0.5316854166666818,3.469015384798922,25.138644681227554,0.7166442982899102
2710.0,4.5,0.5312708333333485,3.4670756598434616,25.15346851742234,0.7234141528137947
2711.0,4.5,0.5308562500000151,3.465170359271421,25.168260333816587,0.730029097596175
2712.0,4.5,0.5304416666666818,3.463298695374057,25.183016952196148,0.7364926773259249
2713.0,4.5,0.5300270833333485,3.4614598984672016,25.197735316863234,0.7428083555813381
2714.0,4.5,0.5296125000000151,3.459653216478815,25.212412491199036,0.748979516686121
2715.0,4.5,0.5291979166666818,3.4578779145459824,25.227045654313077,0.7550094675229208
2716.0,4.5,0.5287833333333485,3.456133274621127,25.241632097777213,0.7609014393053526
2717.0,4.5,0.5283687500000152,3.4544185950872386,25.25616922244221,0.7666585893094806
2718.0,4.5,0.5279541666666818,3.4527331903819025,25.27065453533495,0.7722840025656776
2719.0,4.5,0.5275395833333485,3.4510763906299387,25.285085646634286,0.7777806935117719
2720.0,4.5,0.5271250000000152,3.4494475412844343,25.299460266723706,0.7831516076083658
2721.0,4.5,0.5267104166666818,3.4478460027760054,25.313776203318852,0.7883996229171923
2722.0,4.5,0.5262958333333485,3.446271150170071,25.3280313586682,0.7935275516433554
2723.0,4.5,0.5258812500000152,3.444722372831979,25.342223726825047,0.7985381416422798
2724.0,4.5,0.5254666666666818,3.4431990740997893,25.356351390989133,0.8034340778921789
2725.0,4.5,0.5250520833333485,3.4417006709645457,25.370412520916172,0.8082179839328293
2726.0,4.5,0.5246375000000152,3.4402265937578664,25.384405370393694,0.8128924232714221
2727.0,4.5,0.5242229166666819,3.4387762858466804,25.398328274781537,0.8174599007562461
2728.0,4.5,0.5238083333333485,3.4373492033349478,25.41217964861548,0.8219228639189371
2729.0,4.5,0.5233937500000152,3.435944814772209,25.425957983272436,0.8262837042860145
2730.0,4.5,0.5229791666666819,3.4345626008688033,25.439661844695728,0.8305447586604058
2731.0,4.5,0.5225645833333485,3.4332020542175967,25.45328987117901,0.8347083103736475
2732.0,4.5,0.5221500000000152,3.4318626790220867,25.46684077120737,0.8387765905094331
2733.0,4.5,0.5217354166666819,3.4305439908307256,25.480313321354252,0.8427517790991627
2734.0,4.5,0.5213208333333486,3.4292455162773163,25.493706364232825,0.8466360062901362
2735.0,4.5,0.5209062500000152,3.427966792827359,25.507018806500465,0.850431353487016
2736.0,4.5,0.5204916666666819,3.426707368530196,25.520249616915088,0.8541398544671692
2737.0,4.5,0.5200770833333486,3.425466801776828,25.53339782444203,0.8577634964704896
2738.0,4.5,0.5196625000000152,3.424244661063275,25.546462516410255,0.8613042212642805
2739.0,4.5,0.5192479166666819,3.423040524759347,25.559442836716705,0.864763926183773
2740.0,4.5,0.5188333333333486,3.4218539808827133,25.572337984077574,0.8681444651488317
2741.0,4.5,0.5184187500000152,3.420684626878135,25.585147210325403,0.8714476496573986
2742.0,4.5,0.5180041666666819,3.4195320694017517,25.59786981875083,0.8746752497562034
2743.0,4.5,0.5175895833333486,3.418395924110303,25.610505162487943,0.8778289949892614
2744.0,4.5,0.5171750000000153,3.417275815455178,25.62305264294213,0.880910575324669
2745.0,4.5,0.5167604166666819,3.4161713764811688,25.63551170825941,0.8839216420601906
2746.0,4.5,0.5163458333333486,3.4150822486298353,25.647881851836207,0.8868638087081244
2747.0,4.5,0.5159312500000153,3.41400808154737,25.66016261086857,0.8897386518599202
2748.0,4.5,0.5155166666666819,3.4129485328968547,25.672353564939918,0.8925477120310121
2749.0,4.5,0.5151020833333486,3.411903268174817,25.68445433464626,0.8952924944863218
2750.0,4.5,0.5146875000000153,3.41087196053198,25.696464580258088,0.897974470046869
2751.0,4.5,0.514272916666682,3.4098542905981235,25.708384000417922,0.900595075877928
2752.0,4.5,0.5138583333333486,3.4088499463109385,25.720212330872737,0.903155716259147
2753.0,4.5,0.5134437500000153,3.407858622748809,25.73194934324031,0.9056577633370476
2754.0,4.5,0.513029166666682,3.4068800219674182,25.743594843808708,0.9081025578603028
2755.0,4.5,0.5126145833333486,3.405913852840087,25.755148672368094,0.9104914098981924
2756.0,4.5,0.5122000000000153,3.4049598309017757,25.766610701074015,0.9128255995426175
2757.0,4.5,0.511785416666682,3.4040176781966465,25.77798083334142,0.9151063775940513
2758.0,4.5,0.5113708333333487,3.4030871231291218,25.78925900276865,0.9173349662317938
2759.0,4.5,0.5109562500000153,3.402167900318343,25.80044517209062,0.9195125596688898
2760.0,4.5,0.510541666666682,3.401259750455965,25.811539332160503,0.9216403247920608
2761.0,4.5,0.5101270833333487,3.400362420167205,25.8225415009592,0.9237194017869936
2762.0,4.5,0.5097125000000153,3.3994756618750652,25.83345172263187,0.9257509047493211
2763.0,4.5,0.509297916666682,3.39859923366767,25.844270066550894,0.927735922281622
2764.0,4.5,0.5088833333333487,3.3977328991686306,25.854996626404567,0.9296755180767606
2765.0,4.5,0.5084687500000153,3.3968764274103838,25.865631519310917,0.9315707314878777
2766.0,4.5,0.508054166666682,3.396029592710426,25.876174884955983,0.9334225780853395
2767.0,4.5,0.5076395833333487,3.395192174550375,25.886626884755973,0.9352320502009408
2768.0,4.5,0.5072250000000154,3.3943639574578057,25.896987701042665,0.9370001174596583
2769.0,4.5,0.506810416666682,3.3935447308907882,25.907257536271512,0.9387277272992325
2770.0,4.5,0.5063958333333487,3.392734289125064,25.917436612251834,0.940415805477864
2771.0,4.5,0.5059812500000154,3.391932431143805,25.927525169398578,0.9420652565702903
2772.0,4.5,0.505566666666682,3.3911389605299043,25.937523466005086,0.9436769644525116
2773.0,4.5,0.5051520833333487,3.390353685360714,25.94743177753633,0.9452517927754256
2774.0,4.5,0.5047375000000154,3.3895764181052095,25.95725039594213,0.9467905854276237
2775.0,4.5,0.504322916666682,3.3888069755234933,25.9669796289898,0.9482941669875982
2776.0,4.5,0.5039083333333487,3.388045178568609,25.9766197996158,0.949763343165601
2777.0,4.5,0.5034937500000154,3.387290852290593,25.98617124529582,0.9511989012353925
2778.0,4.5,0.5030791666666821,3.3865438257427276,25.99563431743292,0.9526016104561102
2779.0,4.5,0.5026645833333487,3.3858039318899373,26.005009380763198,0.9539722224844851
2780.0,4.5,0.5022500000000154,3.3850710075192816,26.014296812778586,0.9553114717776239
2781.0,4.5,0.5018354166666821,3.3843448931524964,26.0234970031663,0.9566200759865768
2782.0,4.5,0.5014208333333487,3.383625432960532,26.03261035326457,0.9578987363408982
2783.0,4.5,0.5010062500000154,3.3829124746800563,26.04163727553414,0.9591481380244073
2784.0,4.5,0.5005916666666821,3.3822058695318584,26.050578193045265,0.9603689505423525
2785.0,4.5,0.5001770833333488,3.381505472141126,26.059433538979697,0.9615618280801717
2786.0,4.5,0.49976250000001543,3.380811140459543,26.06820375614732,0.9627274098540453
2787.0,4.5,0.4993479166666821,3.3801227356891754,26.076889296517066,0.9638663204534267
2788.0,4.5,0.49893333333334877,3.3794401222080896,26.08549062076172,0.9649791701757354
2789.0,4.5,0.49851875000001544,3.3787631674976812,26.094008197816276,0.9660665553533914
2790.0,4.5,0.4981041666666821,3.378091742071663,26.10244250444948,0.9671290586733658
2791.0,4.5,0.4976895833333488,3.3774257194066806,26.110794024848236,0.9681672494894212
2792.0,4.5,0.49727500000001545,3.376764975874509,26.119063250214506,0.9691816841272041
2793.0,4.5,0.4968604166666821,3.3761093906758077,26.12725067837444,0.9701729061823595
2794.0,4.5,0.4964458333333488,3.3754588457753902,26.13535681339936,0.9711414468118216
2795.0,4.5,0.49603125000001547,3.374813225838972,26.143382165238297,0.9720878250184402
2796.0,4.5,0.49561666666668214,3.37417241817137,26.15132724936185,0.9730125479290942
2797.0,4.5,0.4952020833333488,3.373536312656108,26.159192586416943,0.9739161110664403
2798.0,4.5,0.4947875000000155,3.3729048016964174,26.16697870189234,0.9747989986144445
2799.0,4.5,0.49437291666668215,3.3722777801575736,26.17468612579451,0.9756616836778376
2800.0,4.5,0.4939583333333488,3.371655145310564,26.18231539233365,0.9765046285356327
2801.0,4.5,0.4935437500000155,3.3710367967770347,26.18986703961958,0.9773282848888427
2802.0,4.5,0.49312916666668216,3.3704226364755057,26.197341609367218,0.9781330941025296
2803.0,4.5,0.49271458333334883,3.3698125685688107,26.204739646611444,0.9789194874423135
2804.0,4.5,0.4923000000000155,3.3692064994127437,26.21206169943103,0.979687886305472
2805.0,4.5,0.4918854166666822,3.368604337505875,26.219308318681456,0.9804387024467502
2806.0,4.5,0.49147083333334884,3.3680059934405264,26.226480057736364,0.9811723381990034
2807.0,4.5,0.4910562500000155,3.3674113798548526,26.233577472237382,0.9818891866887918
2808.0,4.5,0.4906416666666822,3.3668204113860343,26.240601119852155,0.982589632047042
2809.0,4.5,0.49022708333334886,3.3662330046245326,26.24755156004031,0.9832740496148866
2810.0,4.5,0.4898125000000155,3.365649078069393,26.254429353827177,0.9839428061447957
2811.0,4.5,0.4893979166666822,3.3650685520845736,26.261235063585044,0.984596259997105
2812.0,4.5,0.48898333333334887,3.364491348856272,26.267969252821743,0.9852347613320462
2813.0,4.5,0.48856875000001554,3.3639173923512247,26.274632485976376,0.9858586522973856
2814.0,4.5,0.4881541666666822,3.363346608275968,26.281225328221986,0.9864682672117657
2815.0,4.5,0.4877395833333489,3.362778924037026,26.287748345274988,0.9870639327438557
2816.0,4.5,0.48732500000001555,3.3622142687020076,26.29420210321116,0.9876459680873981
2817.0,4.5,0.4869104166666822,3.3616525729616025,26.30058716828804,0.988214685132254
2818.0,4.5,0.4864958333333489,3.361093769092435,26.306904106773544,0.988770388631531
2819.0,4.5,0.48608125000001556,3.360537790920778,26.313153484780628,0.9893133763648898
2820.0,4.5,0.48566666666668223,3.359984573787093,26.31933586810784,0.9898439392981118
2821.0,4.5,0.4852520833333489,3.359434054511378,26.32545182208559,0.9903623617390164
2822.0,4.5,0.4848375000000156,3.3588861713593183,26.331501911427996,0.9908689214898103
2823.0,4.5,0.48442291666668225,3.3583408640092,26.337486700090135,0.9913638899959512
2824.0,4.5,0.4840083333333489,3.357798073519587,26.343406751130562,0.9918475324916041
2825.0,4.5,0.4835937500000156,3.35725774229774,26.349262626578938,0.9923201081417705
2826.0,4.5,0.48317916666668226,3.3567198140687515,26.355054887308643,0.9927818701811644
2827.0,4.5,0.48276458333334893,3.3561842338453927,26.36078409291423,0.9932330660499105
2828.0,4.5,0.4823500000000156,3.3556509478986456,26.36645080159356,0.9936739375261384
2829.0,4.5,0.48193541666668227,3.3551199037289146,26.372055570034526,0.9941047208555416
2830.0,4.5,0.48152083333334894,3.354591050037893,26.377598953306205,0.9945256468779722
2831.0,4.5,0.4811062500000156,3.3540643367010747,26.383081504754344,0.9949369411511388
2832.0,4.5,0.4806916666666823,3.3535397147408927,26.388503775901015,0.9953388240714744
2833.0,4.5,0.48027708333334895,3.3530171363004775,26.393866316348372,0.9957315109922381
2834.0,4.5,0.4798625000000156,3.352496554618009,26.39916967368635,0.996115212338914
2835.0,4.5,0.4794479166666823,3.351977924001664,26.40441439340421,0.9964901337219705
2836.0,4.5,0.47903333333334897,3.351461199805125,26.409601018805823,0.9968564760470384
2837.0,4.5,0.47861875000001564,3.3509463384036597,26.414730090928597,0.997214435622569
2838.0,4.5,0.4782041666666823,3.3504332971707482,26.41980214846591,0.9975642042650272
2839.0,4.5,0.477789583333349,3.349922034455234,26.424817727692965,0.9979059694016792
2840.0,4.5,0.47737500000001565,3.3494125095590097,26.429777362395985,0.9982399141710268
2841.0,4.5,0.4769604166666823,3.3489046827152076,26.434681583804625,0.9985662175209444
2842.0,4.5,0.476545833333349,3.3483985150668887,26.439530920527506,0.9988850543045704
2843.0,4.5,0.47613125000001566,3.3478939686462255,26.444325898490803,0.9991965953740036
2844.0,4.5,0.47571666666668233,3.3473910063541505,26.449067040879786,0.9995010076718562
2845.0,4.5,0.475302083333349,3.3468895919404815,26.453754868083212,0.9997984543207121
2846.0,4.5,0.47488750000001567,3.3463896899844934,26.458389897640505,1.000089094710538
2847.0,4.5,0.47447291666668234,3.3458912658759417,26.462972644191623,1.0003730845840937
2848.0,4.5,0.474058333333349,3.3453942857965115,26.467503619429557,1.0006505761203885
2849.0,4.5,0.4736437500000157,3.3448987167017004,26.47198333205535,1.0009217180162289
2850.0,4.5,0.47322916666668235,3.3444045263031073,26.476412287735574,1.0011866555658977
2851.0,4.5,0.472814583333349,3.343911683051134,26.480790989062225,1.0014455307390135
2852.0,4.5,0.4724000000000157,3.343420156118077,26.48511993551488,1.0016984822566048
2853.0,4.5,0.47198541666668237,3.3429299153816103,26.489399623425147,1.0019456456654465
2854.0,4.5,0.47157083333334904,3.342440931408641,26.49363054594324,1.0021871534106934
2855.0,4.5,0.4711562500000157,3.341953175439542,26.49781319300671,1.0024231349068526
2856.0,4.5,0.4707416666666824,3.341466619372737,26.50194805131118,1.002653716607131
2857.0,4.5,0.47032708333334905,3.340981235749646,26.506035604283078,1.002879022071198
2858.0,4.5,0.4699125000000157,3.340496997739965,26.51007633205427,1.0030991720313949
2859.0,4.5,0.4694979166666824,3.3400138791272975,26.514070711438563,1.0033142844574312
2860.0,4.5,0.46908333333334906,3.339531854295101,26.518019215910005,1.0035244746195997
2861.0,4.5,0.46866875000001573,3.3390508982129607,26.521922315582902,1.0037298551505462
2862.0,4.5,0.4682541666666824,3.338570986423179,26.52578047719355,1.0039305361056234
2863.0,4.5,0.4678395833333491,3.338092095027667,26.529594164083576,1.0041266250218661
2864.0,4.5,0.46742500000001574,3.3376142006751435,26.533363836184872,1.0043182269756168
2865.0,4.5,0.4670104166666824,3.337137280548615,26.537089950006028,1.0045054446388302
2866.0,4.5,0.4665958333333491,3.336661312353155,26.540772958620277,1.0046883783340925
2867.0,4.5,0.46618125000001576,3.3361862743039574,26.544413311654836,1.00486712608838
2868.0,4.5,0.4657666666666824,3.3357121451146585,26.548011455281646,1.0050417836855874
2869.0,4.5,0.4653520833333491,3.335238903985935,26.55156783220944,1.0052124447178554
2870.0,4.5,0.46493750000001577,3.3347665305943575,26.555082881677095,1.0053792006357225
2871.0,4.5,0.46452291666668244,3.334295005081499,26.558557039448235,1.0055421407971297
2872.0,4.5,0.4641083333333491,3.3338243080432957,26.561990737807047,1.0057013525153047
2873.0,4.5,0.4636937500000158,3.3333544205196484,26.56538440555523,1.0058569211055481
2874.0,4.5,0.46327916666668245,3.332885323984263,26.568738468010093,1.0060089299309525
2875.0,4.5,0.4628645833333491,3.3324170003347238,26.572053347003735,1.0061574604470715
2876.0,4.5,0.4624500000000158,3.3319494318827934,26.57532946088325,1.0063025922455704
2877.0,4.5,0.46203541666668246,3.3314826013449306,26.57856722451195,1.0064444030968744
2878.0,4.5,0.46162083333334913,3.3310164918330383,26.581767049271562,1.0065829689918444
2879.0,4.5,0.4612062500000158,3.330551086845404,26.58492934306537,1.0067183641824964
2880.0,4.5,0.4607916666666825,3.330086370257864,26.588054510322234,1.0068506612217907
2881.0,4.5,0.46037708333334915,3.3296223263151616,26.591142952001505,1.00697993100251
2882.0,4.5,0.4599625000000158,3.329158939622505,26.594195065598765,1.0071062427952482
2883.0,4.5,0.4595479166666825,3.3286961951373164,26.597211245152373,1.0072296642855294
2884.0,4.5,0.45913333333334916,3.328234078161174,26.600191881250794,1.0073502616100791
2885.0,4.5,0.45871875000001583,3.3277725743319357,26.60313736104066,1.0074680993922625
2886.0,4.5,0.4583041666666825,3.327311669616042,26.606048068235562,1.007583240776715
2887.0,4.5,0.45788958333334917,3.3268513503009975,26.608924383125544,1.0076957474631778
2888.0,4.5,0.45747500000001584,3.3263916029880223,26.611766682587213,1.0078056797395623
2889.0,4.5,0.4570604166666825,3.325932414584875,26.614575340094543,1.0079130965142533
2890.0,4.5,0.4566458333333492,3.3254737722988343,26.617350725730244,1.0080180553476783
2891.0,4.5,0.45623125000001585,3.3250156636298445,26.620093206197744,1.0081206124831499
2892.0,4.5,0.4558166666666825,3.3245580763638203,26.622803144833725,1.0082208228770053
2893.0,4.5,0.4554020833333492,3.3241009985661014,26.625480901621188,1.0083187402280558
2894.0,4.5,0.45498750000001587,3.3236444185750544,26.628126833203048,1.0084144170063603
2895.0,4.5,0.45457291666668254,3.3231883249958285,26.63074129289621,1.0085079044813432
2896.0,4.5,0.4541583333333492,3.322732706694247,26.633324630706127,1.0085992527492675
2897.0,4.5,0.4537437500000159,3.3222775527908426,26.635877193341795,1.008688510760079
2898.0,4.5,0.45332916666668255,3.321822852655028,26.638399324231194,1.008775726343637
2899.0,4.5,0.4529145833333492,3.3213685958993984,26.640891363537133,1.0088609462353442
2900.0,4.5,0.4525000000000159,3.3209147723741688,26.643353648173473,1.0089442161011908
2901.0,4.5,0.45208541666668256,3.3204613721617324,26.645786511821754,1.0090255805622241
2902.0,4.5,0.45167083333334923,3.320008385571347,26.64819028494815,1.0091050832184607
2903.0,4.5,0.4512562500000159,3.3195558031339467,26.650565294820765,1.0091827666722488
2904.0,4.5,0.4508416666666826,3.3191036155970624,26.652911865527265,1.0092586725510972
2905.0,4.5,0.45042708333334924,3.3186518139198666,26.6552303179928,1.009332841529983
2906.0,4.5,0.4500125000000159,3.318200389268332,26.657520969998217,1.0094053133531458
2907.0,4.5,0.4495979166666826,3.317749333010493,26.659784136198542,1.0094761268553873
2908.0,4.5,0.44918333333334926,3.317298636711827,26.66202012814174,1.0095453199828794
2909.0,4.5,0.4487687500000159,3.316848292130728,26.664229254287687,1.0096129298134993
2910.0,4.5,0.4483541666666826,3.3163982912140972,26.666411820027392,1.0096789925766974
2911.0,4.5,0.44793958333334927,3.315948626093025,26.66856812770243,1.0097435436729114
2912.0,4.5,0.44752500000001594,3.315499289078575,26.670698476624572,1.0098066176925362
2913.0,4.5,0.4471104166666826,3.315050272657664,26.672803163095615,1.0098682484344599
2914.0,4.5,0.4466958333333493,3.3146015694890396,26.67488248042737,1.009928468924174
2915.0,4.5,0.44628125000001595,3.314153172399344,26.67693671896184,1.009987311431472
2916.0,4.5,0.4458666666666826,3.31370507437927,26.678966166091527,1.01004480748774
2917.0,4.5,0.4454520833333493,3.313257268579808,26.680971106279895,1.0101009879028546
2918.0,4.5,0.44503750000001596,3.3128097483085766,26.682951821081954,1.010155882781692
2919.0,4.5,0.44462291666668263,3.312362507026234,26.684908589164976,1.0102095215402596
2920.0,4.5,0.4442083333333493,3.3119155383429777,26.686841686329316,1.0102619329214595
2921.0,4.5,0.443793750000016,3.31146883601512,26.688751385529326,1.010313145010491
2922.0,4.5,0.44337916666668264,3.3110223939417414,26.690637956894356,1.0103631852498989
2923.0,4.5,0.4429645833333493,3.3105762061614254,26.692501667749866,1.0104120804542809
2924.0,4.5,0.442550000000016,3.3101302668490606,26.694342782638568,1.0104598568246548
2925.0,4.5,0.44213541666668266,3.309684570312724,26.696161563341658,1.010506539962499
2926.0,4.5,0.4417208333333493,3.3092391109906267,26.6979582689001,1.0105521548834724
2927.0,4.5,0.441306250000016,3.308793883448141,26.69973315563594,1.010596726030818
2928.0,4.5,0.44089166666668267,3.3083488823748826,26.701486477173695,1.0106402772884615
2929.0,4.5,0.44047708333334934,3.307904102581869,26.703218484461726,1.0106828319938095
2930.0,4.5,0.440062500000016,3.307459538998739,26.704929425793665,1.0107244129502564
2931.0,4.5,0.4396479166666827,3.3070151866710367,26.706619546829863,1.010765042439402
2932.0,4.5,0.43923333333334935,3.306571040757556,26.70828909061882,1.010804742232992
2933.0,4.5,0.438818750000016,3.3061270965277494,26.70993829761865,1.0108435336045858
2934.0,4.5,0.4384041666666827,3.305683349359193,26.71156740571852,1.0108814373409538
2935.0,4.5,0.43798958333334936,3.3052397947351078,26.71317665026009,1.010918473753219
2936.0,4.5,0.43757500000001603,3.304796428241945,26.714766264058934,1.0109546626877384
2937.0,4.5,0.4371604166666827,3.3043532455670195,26.716336477425955,1.0109900235367397
2938.0,4.5,0.4367458333333494,3.303910242496197,26.717887518188743,1.0110245752487117
2939.0,4.5,0.43633125000001605,3.303467414911642,26.71941961171293,1.0110583363385586
2940.0,4.5,0.4359166666666827,3.3030247587896056,26.720932980923497,1.0110913248975213
2941.0,4.5,0.4355020833333494,3.3025822701982794,26.722427846326035,1.011123558602872
2942.0,4.5,0.43508750000001606,3.3021399452956794,26.723904426027968,1.0111550547273858
2943.0,4.5,0.43467291666668273,3.301697780327595,26.725362935759726,1.011185830148598
2944.0,4.5,0.4342583333333494,3.3012557716255753,26.726803588895855,1.011215901357847
2945.0,4.5,0.43384375000001607,3.300813915604966,26.728226596476066,1.011245284469112
2946.0,4.5,0.43342916666668274,3.3003722087629868,26.729632167226235,1.0112739952276466
2947.0,4.5,0.4330145833333494,3.2999306476768595,26.73102050757932,1.0113020490184186
2948.0,4.5,0.4326000000000161,3.299489229001971,26.732391821696215,1.011329460874351
2949.0,4.5,0.43218541666668275,3.2990479494700837,26.733746311486527,1.0113562454843799
2950.0,4.5,0.4317708333333494,3.298606805887586,26.735084176629275,1.011382417201325
2951.0,4.5,0.4313562500000161,3.29816579513378,26.736405614593515,1.0114079900495807
2952.0,4.5,0.43094166666668277,3.2977249141592124,26.737710820658865,1.0114329777326312
2953.0,4.5,0.43052708333334944,3.2972841599840415,26.738999987935955,1.0114573936403932
2954.0,4.5,0.4301125000000161,3.2968435296964382,26.74027330738678,1.011481250856392
2955.0,4.5,0.4296979166666828,3.2964030204510317,26.741530967844966,1.011504562164772
2956.0,4.5,0.42928333333334945,3.2959626294673825,26.742773156035938,1.011527340057147
2957.0,4.5,0.4288687500000161,3.295522354028494,26.744000056596988,1.0115495967392938
2958.0,4.5,0.4284541666666828,3.2950821914793607,26.745211852097242,1.011571344137694
2959.0,4.5,0.42803958333334946,3.2946421392255423,26.746408723057524,1.011592593905923
2960.0,4.5,0.42762500000001613,3.2942021947317772,26.747590847970123,1.011613357430896
2961.0,4.5,0.4272104166666828,3.293762355520626,26.74875840331844,1.011633645838971
2962.0,4.5,0.4267958333333495,3.293322619171143,26.749911563596537,1.011653470001907
2963.0,4.5,0.42638125000001614,3.2928829833175826,26.75105050132857,1.0116728405426947
2964.0,4.5,0.4259666666666828,3.2924434456481304,26.75217538708811,1.0116917678412447
2965.0,4.5,0.4255520833333495,3.2920040039036658,26.75328638951734,1.0117102620399527
2966.0,4.5,0.42513750000001616,3.2915646558765568,26.75438367534617,1.0117283330491325
2967.0,4.5,0.4247229166666828,3.2911253994094745,26.755467409411185,1.0117459905523276
2968.0,4.5,0.4243083333333495,3.290686232394238,26.756537754674522,1.0117632440115
2969.0,4.5,0.42389375000001617,3.2902471527706902,26.75759487224259,1.0117801026721
2970.0,4.5,0.42347916666668284,3.2898081585255916,26.758638921384687,1.0117965755680214
2971.0,4.5,0.4230645833333495,3.289369247691543,26.759670059551503,1.0118126715264413
2972.0,4.5,0.4226500000000162,3.2889304183459362,26.760688442393473,1.0118283991725514
2973.0,4.5,0.42223541666668285,3.2884916686099213,26.76169422377903,1.0118437669341787
2974.0,4.5,0.4218208333333495,3.2880529966474037,26.76268755581273,1.0118587830463024
2975.0,4.5,0.4214062500000162,3.287614400664062,26.76366858885322,1.0118734555554671
2976.0,4.5,0.42099166666668286,3.2871758789063867,26.76463747153114,1.0118877923240936
2977.0,4.5,0.42057708333334953,3.2867374296607434,26.765594350766836,1.0119018010346923
2978.0,4.5,0.4201625000000162,3.286299051252455,26.766539371787967,1.011915489193981
2979.0,4.5,0.4197479166666829,3.285860742044907,26.76747267814701,1.011928864136906
2980.0,4.5,0.41933333333334954,3.285422500438672,26.768394411738583,1.0119419330305732
2981.0,4.5,0.4189187500000162,3.284984324870655,26.769304712816695,1.0119547028780893
2982.0,4.5,0.4185041666666829,3.2845462138132557,26.770203720011807,1.0119671805223134
2983.0,4.5,0.41808958333334956,3.2841081657735542,26.77109157034782,1.0119793726495248
2984.0,4.5,0.4176750000000162,3.2836701792925114,26.771968399258892,1.0119912857930047
2985.0,4.5,0.4172604166666829,3.2832322529441873,26.772834340606128,1.0120029263365389
2986.0,4.5,0.41684583333334957,3.2827943853349844,26.773689526694163,1.0120143005178368
2987.0,4.5,0.41643125000001624,3.2823565751028956,26.77453408828759,1.0120254144318752
2988.0,4.5,0.4160166666666829,3.281918820916782,26.77536815462726,1.0120362740341635
2989.0,4.5,0.4156020833333496,3.2814811214756596,26.776191853446452,1.0120468851439361
2990.0,4.5,0.41518750000001625,3.2810434755080036,26.777005310986922,1.0120572534472692
2991.0,4.5,0.4147729166666829,3.2806058817710695,26.777808652014805,1.0120673845001291
2992.0,4.5,0.4143583333333496,3.280168339050229,26.77860199983638,1.0120772837313488
2993.0,4.5,0.41394375000001626,3.279730846158323,26.779385476313724,1.012086956445537
2994.0,4.5,0.41352916666668293,3.279293401935026,26.780159201880227,1.0120964078259214
2995.0,4.5,0.4131145833333496,3.2788560052462263,26.780923295555965,1.012105642937125
2996.0,4.5,0.4127000000000163,3.2784186549834216,26.78167787496294,1.0121146667278806
2997.0,4.5,0.41228541666668295,3.277981350063126,26.782423056340217,1.0121234840336832
2998.0,4.5,0.4118708333333496,3.2775440894262933,26.78315895455889,1.0121320995793806
2999.0,4.5,0.4114562500000163,3.2771068720377516,26.783885683136944,1.0121405179817047
3000.0,4.5,0.41104166666668296,3.2766696968856492,26.78460335425399,1.0121487437517462
3001.0,4.5,0.41062708333334963,3.2762325629809173,26.78531207876584,1.0121567812973726
3002.0,4.5,0.4102125000000163,3.2757954693567397,26.786011966218993,1.012164634925588
3003.0,4.5,0.40979791666668297,3.275358415068042,26.786703124864946,1.0121723088448435
3004.0,4.5,0.40938333333334964,3.274921399190981,26.787385661674417,1.0121798071672903
3005.0,4.5,0.4089687500000163,3.2744844208224575,26.788059682351417,1.012187133910985
3006.0,4.5,0.408554166666683,3.2740474790796337,26.7887252913472,1.0121942930020413
3007.0,4.5,0.40813958333334965,3.2736105730994627,26.789382591874077,1.0122012882767348
3008.0,4.5,0.4077250000000163,3.273173702038228,26.79003168591912,1.0122081234835583
3009.0,4.5,0.407310416666683,3.2727368650710944,26.790672674257735,1.0122148022852302
3010.0,4.5,0.40689583333334967,3.2723000613916704,26.791305656467074,1.012221328260658
3011.0,4.5,0.40648125000001634,3.271863290211577,26.791930730939384,1.0122277049068553
3012.0,4.5,0.406066666666683,3.2714265507600295,26.792547994895177,1.012233935640816
3013.0,4.5,0.4056520833333497,3.2709898422834267,26.793157544396298,1.0122400238013458
3014.0,4.5,0.40523750000001635,3.2705531640449497,26.793759474358875,1.0122459726508506
3015.0,4.5,0.404822916666683,3.270116515324172,26.79435387856613,1.0122517853770845
3016.0,4.5,0.4044083333333497,3.269679895416675,26.79494084968108,1.0122574650948595
3017.0,4.5,0.40399375000001636,3.2692433036336745,26.795520479259096,1.0122630148477127
3018.0,4.5,0.40357916666668303,3.2688067393016533,26.796092857760375,1.012268437609539
3019.0,4.5,0.4031645833333497,3.2683702017620067,26.796658074562256,1.012273736286183
3020.0,4.5,0.4027500000000164,3.2679336903706875,26.797216217971446,1.012278913716997
3021.0,4.5,0.40233541666668304,3.267497204497873,26.79776737523609,1.012283972676363
3022.0,4.5,0.4019208333333497,3.2670607435276207,26.79831163255777,1.0122889158751784
3023.0,4.5,0.4015062500000164,3.2666243068575507,26.798849075103334,1.012293745962309
3024.0,4.5,0.40109166666668306,3.266187893898521,26.799379787016655,1.0122984655260088
3025.0,4.5,0.4006770833333497,3.265751504074317,26.79990385143024,1.012303077095306
3026.0,4.5,0.4002625000000164,3.2653151368213456,26.80042135047674,1.01230758314136
3027.0,4.5,0.39984791666668307,3.26487879158834,26.80093236530033,1.012311986078783
3028.0,4.5,0.39943333333334974,3.264442467836065,26.801436976068008,1.0123162882669368
3029.0,4.5,0.3990187500000164,3.2640061650370327,26.801935261980727,1.0123204920111943
3030.0,4.5,0.3986041666666831,3.263569882675225,26.80242730128447,1.0123245995641774
3031.0,4.5,0.39818958333334975,3.2631336202458194,26.802913171281176,1.0123286131269618
3032.0,4.5,0.3977750000000164,3.262697377254923,26.803392948339564,1.012332534850258
3033.0,4.5,0.3973604166666831,3.2622611532193133,26.803866707905847,1.0123363668355636
3034.0,4.5,0.39694583333334976,3.2618249476661827,26.80433452451435,1.012340111136289
3035.0,4.5,0.39653125000001643,3.2613887601328875,26.804796471797992,1.0123437697588575
3036.0,4.5,0.3961166666666831,3.2609525901667085,26.805252622498685,1.0123473446637814
3037.0,4.5,0.3957020833333498,3.26051643732461,26.805703048477607,1.0123508377667112
3038.0,4.5,0.39528750000001645,3.2600803011730046,26.806147820725386,1.012354250939464
3039.0,4.5,0.3948729166666831,3.2596441812875327,26.806587009372155,1.0123575860110248
3040.0,4.5,0.3944583333333498,3.259208077252833,26.807020683697534,1.0123608447685268
3041.0,4.5,0.39404375000001646,3.2587719886623274,26.807448912140472,1.0123640289582108
3042.0,4.5,0.39362916666668313,3.2583359151180065,26.807871762309013,1.0123671402863583
3043.0,4.5,0.3932145833333498,3.257899856230226,26.808289300989948,1.012370180420208
3044.0,4.5,0.39280000000001647,3.257463811617493,26.808701594158368,1.0123731509888483
3045.0,4.5,0.39238541666668314,3.257027780906281,26.80910870698711,1.01237605358409
3046.0,4.5,0.3919708333333498,3.2565917637308184,26.80951070385612,1.0123788897613197
3047.0,4.5,0.3915562500000165,3.2561557597329127,26.809907648361687,1.0123816610403333
3048.0,4.5,0.39114166666668315,3.2557197685617547,26.810299603325607,1.0123843689061505
3049.0,4.5,0.3907270833333498,3.2552837898737383,26.81068663080424,1.0123870148098097
3050.0,4.5,0.3903125000000165,3.254847823332284,26.81106879209747,1.012389600169147
3051.0,4.5,0.38989791666668316,3.2544118686076584,26.81144614775755,1.012392126369555
3052.0,4.5,0.38948333333334983,3.253975925376813,26.811818757597894,1.0123945947647248
3053.0,4.5,0.3890687500000165,3.2535399933232063,26.812186680701735,1.0123970066773724
3054.0,4.5,0.3886541666666832,3.2531040721366478,26.812549975430702,1.0123993633999473
3055.0,4.5,0.38823958333334985,3.2526681615131317,26.81290869943332,1.0124016661953243
3056.0,4.5,0.3878250000000165,3.2522322611546866,26.81326290965339,1.0124039162974807
3057.0,4.5,0.3874104166666832,3.2517963707692177,26.8136126623383,1.0124061149121582
3058.0,4.5,0.38699583333334986,3.251360490070356,26.813958013047237,1.0124082632175075
3059.0,4.5,0.38658125000001653,3.2509246187773133,26.81429901665931,1.0124103623647214
3060.0,4.5,0.3861666666666832,3.250488756614739,26.814635727381578,1.0124124134786503
3061.0,4.5,0.38575208333334987,3.2500529033125782,26.81496819875701,1.0124144176584053
3062.0,4.5,0.38533750000001654,3.24961705860593,26.815296483672338,1.0124163759779479
3063.0,4.5,0.3849229166666832,3.249181222234921,26.815620634365814,1.012418289486664
3064.0,4.5,0.3845083333333499,3.248745393944563,26.815940702434922,1.0124201592099284
3065.0,4.5,0.38409375000001655,3.2483095734846312,26.81625673884397,1.0124219861496517
3066.0,4.5,0.3836791666666832,3.247873760609534,26.816568793931594,1.0124237712848194
3067.0,4.5,0.3832645833333499,3.247437955078188,26.816876917418224,1.0124255155720152
3068.0,4.5,0.38285000000001657,3.247002156653899,26.81718115841341,1.012427219945934
3069.0,4.5,0.38243541666668324,3.2465663651042393,26.817481565423098,1.012428885319883
3070.0,4.5,0.3820208333333499,3.2461305802009344,26.81777818635683,1.0124305125862703
3071.0,4.5,0.3816062500000166,3.2456948017197456,26.818071068534838,1.0124321026170842
3072.0,4.5,0.38119166666668325,3.2452590294403594,26.81836025869509,1.0124336562643597
3073.0,4.5,0.3807770833333499,3.2448232631462766,26.81864580300023,1.0124351743606352
3074.0,4.5,0.3803625000000166,3.244387502624705,26.818927747044455,1.0124366577193988
3075.0,4.5,0.37994791666668326,3.243951747666455,26.81920613586031,1.0124381071355244
3076.0,4.5,0.37953333333334993,3.2435159980658335,26.81948101392541,1.0124395233856966
3077.0,4.5,0.3791187500000166,3.243080253620543,26.819752425169085,1.012440907228829
3078.0,4.5,0.3787041666666833,3.2426445141315843,26.82002041297894,1.012442259406468
3079.0,4.5,0.37828958333334994,3.242208779403155,26.82028502020737,1.0124435806431928
3080.0,4.5,0.3778750000000166,3.2417730492425574,26.82054628917795,1.012444871647002
3081.0,4.5,0.3774604166666833,3.2413373234601006,26.82080426169182,1.0124461331096941
3082.0,4.5,0.37704583333334996,3.240901601869013,26.82105897903393,1.012447365707237
3083.0,4.5,0.3766312500000166,3.2404658842853484,26.821310481979268,1.0124485701001316
3084.0,4.5,0.3762166666666833,3.2400301705278958,26.82155881079898,1.0124497469337645
3085.0,4.5,0.37580208333334997,3.2395944604180964,26.82180400526644,1.0124508968387549
3086.0,4.5,0.37538750000001664,3.2391587537799547,26.82204610466325,1.0124520204312912
3087.0,4.5,0.3749729166666833,3.238723050439956,26.82228514778516,1.0124531183134629
3088.0,4.5,0.37455833333335,3.2382873502269836,26.82252117294793,1.0124541910735816
3089.0,4.5,0.37414375000001665,3.2378516529722363,26.82275421799312,1.0124552392864974
3090.0,4.5,0.3737291666666833,3.237415958509151,26.82298432029382,1.0124562635139063
3091.0,4.5,0.37331458333335,3.2369802666733216,26.82321151676031,1.0124572643046514
3092.0,4.5,0.37290000000001666,3.236544577302423,26.823435843845644,1.012458242195018
3093.0,4.5,0.37248541666668333,3.2361088902361383,26.823657337551197,1.0124591977090178
3094.0,4.5,0.37207083333335,3.2356732053160804,26.823876033432118,1.012460131358674
3095.0,4.5,0.3716562500000167,3.2352375223857184,26.824091966602744,1.0124610436442925
3096.0,4.5,0.37124166666668335,3.234801841290311,26.82430517174193,1.0124619350547315
3097.0,4.5,0.37082708333335,3.234366161876829,26.824515683098333,1.0124628060676626
3098.0,4.5,0.3704125000000167,3.23393048399389,26.82472353449564,1.0124636571498273
3099.0,4.5,0.36999791666668336,3.2334948074916867,26.824928759337705,1.0124644887572873
3100.0,4.5,0.36958333333335003,3.233059132221923,26.825131390613667,1.0124653013356684
3101.0,4.5,0.3691687500000167,3.232623458037744,26.825331460902976,1.0124660953203992
3102.0,4.5,0.36875416666668337,3.2321877847936724,26.825529002380378,1.0124668711369451
3103.0,4.5,0.36833958333335004,3.231752112345541,26.825724046820834,1.0124676292010355
3104.0,4.5,0.3679250000000167,3.231316440550434,26.82591662560439,1.0124683699188872
3105.0,4.5,0.3675104166666834,3.2308807692666184,26.826106769720973,1.0124690936874219
3106.0,4.5,0.36709583333335005,3.230445098353487,26.82629450977516,1.0124698008944786
3107.0,4.5,0.3666812500000167,3.230009427671494,26.826479875990856,1.012470491919022
3108.0,4.5,0.3662666666666834,3.229573757082095,26.82666289821595,1.0124711671313444
3109.0,4.5,0.36585208333335006,3.229138086447691,26.82684360592689,1.012471826893266
3110.0,4.5,0.36543750000001674,3.228702415631564,26.82702202823322,1.0124724715583273
3111.0,4.5,0.3650229166666834,3.228266744497823,26.827198193882065,1.0124731014719788
3112.0,4.5,0.3646083333333501,3.2278310729113446,26.827372131262546,1.0124737169717666
3113.0,4.5,0.36419375000001675,3.2273954007377172,26.82754386841017,1.0124743183875127
3114.0,4.5,0.3637791666666834,3.226959727843187,26.82771343301114,1.0124749060414922
3115.0,4.5,0.3633645833333501,3.2265240540945976,26.827880852406636,1.0124754802486056
3116.0,4.5,0.36295000000001676,3.2260883793593393,26.82804615359703,1.0124760413165483
3117.0,4.5,0.36253541666668343,3.225652703505293,26.82820936324606,1.0124765895459744
3118.0,4.5,0.3621208333333501,3.2252170264007756,26.828370507684962,1.0124771252306584
3119.0,4.5,0.36170625000001677,3.2247813479144916,26.828529612916533,1.0124776486576528
3120.0,4.5,0.36129166666668344,3.224345667915473,26.828686704619162,1.0124781601074413
3121.0,4.5,0.3608770833333501,3.2239099862730347,26.828841808150802,1.01247865985409
3122.0,4.5,0.3604625000000168,3.2234743028567148,26.82899494855291,1.0124791481653934
3123.0,4.5,0.36004791666668345,3.2230386175362304,26.82914615055433,1.0124796253030182
3124.0,4.5,0.3596333333333501,3.2226029301814227,26.82929543857512,1.012480091522644
3125.0,4.5,0.3592187500000168,3.222167240662207,26.829442836730358,1.0124805470740994
3126.0,4.5,0.35880416666668347,3.221731548848523,26.829588368833885,1.0124809922014963
3127.0,4.5,0.35838958333335014,3.2212958546102852,26.82973205840201,1.0124814271433613
3128.0,4.5,0.3579750000000168,3.2208601578173313,26.829873928657154,1.0124818521327628
3129.0,4.5,0.3575604166666835,3.2204244583393766,26.83001400253149,1.0124822673974352
3130.0,4.5,0.35714583333335015,3.219988756045962,26.8301523026705,1.0124826731599033
3131.0,4.5,0.3567312500000168,3.2195530508064047,26.830288851436496,1.0124830696375986
3132.0,4.5,0.3563166666666835,3.219117342489753,26.830423670912133,1.0124834570429784
3133.0,4.5,0.35590208333335016,3.2186816309647344,26.83055678290383,1.0124838355836379
3134.0,4.5,0.35548750000001683,3.218245916099712,26.830688208945187,1.012484205462422
3135.0,4.5,0.3550729166666835,3.2178101977626317,26.830817970300338,1.0124845668775344
3136.0,4.5,0.3546583333333502,3.217374475820976,26.83094608796729,1.012484920022643
3137.0,4.5,0.35424375000001684,3.2169387501417197,26.831072582681195,1.0124852650869847
3138.0,4.5,0.3538291666666835,3.216503020591277,26.83119747491759,1.0124856022554654
3139.0,4.5,0.3534145833333502,3.2160672870354565,26.831320784895617,1.0124859317087611
3140.0,4.5,0.35300000000001686,3.2156315493394176,26.831442532581175,1.0124862536234125
3141.0,4.5,0.3525854166666835,3.215195807367616,26.831562737690057,1.012486568171921
3142.0,4.5,0.3521708333333502,3.214760060983762,26.831681419691037,1.012486875522841
3143.0,4.5,0.35175625000001687,3.2143243100507717,26.831798597808927,1.0124871758408696
3144.0,4.5,0.35134166666668354,3.21388855443072,26.831914291027584,1.0124874692869352
3145.0,4.5,0.3509270833333502,3.2134527939847892,26.8320285180929,1.0124877560182846
3146.0,4.5,0.3505125000000169,3.2130170285732325,26.832141297515754,1.0124880361885653
3147.0,4.5,0.35009791666668355,3.2125812580553132,26.832252647574897,1.0124883099479096
3148.0,4.5,0.3496833333333502,3.212145482289268,26.832362586319846,1.0124885774430146
3149.0,4.5,0.3492687500000169,3.2117097011322557,26.832471131573715,1.0124888388172204
3150.0,4.5,0.34885416666668356,3.2112739144403077,26.832578300936024,1.0124890942105873
3151.0,4.5,0.34843958333335023,3.2108381220682825,26.832684111785465,1.0124893437599702
3152.0,4.5,0.3480250000000169,3.2104023238698187,26.83278858128264,1.012489587599093
3153.0,4.5,0.3476104166666836,3.209966519697285,26.832891726372768,1.0124898258586192
3154.0,4.5,0.34719583333335025,3.209530709401734,26.83299356378836,1.0124900586662233
3155.0,4.5,0.3467812500000169,3.2090948928328533,26.833094110051846,1.0124902861466574
3156.0,4.5,0.3463666666666836,3.208659069838917,26.833193381478193,1.0124905084218192
3157.0,4.5,0.34595208333335026,3.208223240266735,26.833291394177472,1.0124907256108173
3158.0,4.5,0.34553750000001693,3.2077874039616074,26.833388164057407,1.012490937830035
3159.0,4.5,0.3451229166666836,3.2073515607672736,26.83348370682589,1.0124911451931922
3160.0,4.5,0.34470833333335027,3.206915710525863,26.83357803799346,1.0124913478114062
3161.0,4.5,0.34429375000001694,3.2064798530778456,26.83367117287575,1.0124915457932526
3162.0,4.5,0.3438791666666836,3.206043988261981,26.833763126595926,1.012491739244822
3163.0,4.5,0.3434645833333503,3.2056081159152696,26.83385391408706,1.0124919282697773
3164.0,4.5,0.34305000000001695,3.2051722358728996,26.833943550094514,1.0124921129694098
3165.0,4.5,0.3426354166666836,3.204736347968197,26.83403204917825,1.0124922934426923
3166.0,4.5,0.3422208333333503,3.2043004520325775,26.834119425715166,1.012492469786334
3167.0,4.5,0.34180625000001696,3.2038645478954875,26.834205693901346,1.0124926420948301
3168.0,4.5,0.34139166666668364,3.2034286353843586,26.834290867754333,1.0124928104605142
3169.0,4.5,0.3409770833333503,3.202992714324552,26.834374961115344,1.0124929749736067
3170.0,4.5,0.340562500000017,3.2025567845393055,26.834457987651458,1.0124931357222637
3171.0,4.5,0.34014791666668365,3.2021208458496786,26.8345399608578,1.012493292792624
3172.0,4.5,0.3397333333333503,3.201684898074501,26.83462089405967,1.0124934462688555
3173.0,4.5,0.339318750000017,3.201248941030318,26.834700800414673,1.0124935962332002
3174.0,4.5,0.33890416666668366,3.200812974531333,26.834779692914793,1.0124937427660181
3175.0,4.5,0.33848958333335033,3.2003769983893537,26.83485758438847,1.0124938859458301
3176.0,4.5,0.338075000000017,3.199941012413736,26.83493448750264,1.0124940258493609
3177.0,4.5,0.33766041666668367,3.1995050164113272,26.835010414764746,1.012494162551579
3178.0,4.5,0.33724583333335034,3.199069010186406,26.83508537852472,1.0124942961257384
3179.0,4.5,0.336831250000017,3.198632993540631,26.83515939097697,1.0124944266434155
3180.0,4.5,0.3364166666666837,3.198196966272975,26.835232464162296,1.01249455417455
3181.0,4.5,0.33600208333335035,3.1977609281796697,26.835304609969825,1.0124946787874807
3182.0,4.5,0.335587500000017,3.1973248790541478,26.8353758401389,1.0124948005489827
3183.0,4.5,0.3351729166666837,3.196888818686977,26.83544616626095,1.0124949195243034
3184.0,4.5,0.33475833333335037,3.1964527468658037,26.83551559978134,1.012495035777197
3185.0,4.5,0.33434375000001704,3.1960166633752887,26.835584152001186,1.0124951493699583
3186.0,4.5,0.3339291666666837,3.1955805679970446,26.83565183407918,1.012495260363458
3187.0,4.5,0.3335145833333504,3.1951444605095753,26.835718657033343,1.0124953688171727
3188.0,4.5,0.33310000000001705,3.194708340688208,26.835784631742808,1.0124954747892188
3189.0,4.5,0.3326854166666837,3.1942722083050303,26.835849768949537,1.012495578336382
3190.0,4.5,0.3322708333333504,3.1938360631288254,26.83591407926005,1.0124956795141498
3191.0,4.5,0.33185625000001706,3.193399904925003,26.83597757314711,1.0124957783767388
3192.0,4.5,0.33144166666668373,3.192963733455533,26.836040260951414,1.0124958749771258
3193.0,4.5,0.3310270833333504,3.192527548478881,26.836102152883218,1.0124959693670754
3194.0,4.5,0.3306125000000171,3.1920913497499313,26.836163259023987,1.0124960615971672
3195.0,4.5,0.33019791666668374,3.1916551370199255,26.836223589328014,1.0124961517168238
3196.0,4.5,0.3297833333333504,3.191218910036385,26.836283153623995,1.0124962397743367
3197.0,4.5,0.3293687500000171,3.190782668543042,26.836341961616615,1.0124963258168924
3198.0,4.5,0.32895416666668376,3.190346412279767,26.83640002288809,1.012496409890598
3199.0,4.5,0.3285395833333504,3.189910140982495,26.836457346899714,1.0124964920405048
3200.0,4.5,0.3281250000000171,3.189473854383148,26.836513942993363,1.012496572310634
3201.0,4.5,0.32771041666668377,3.189037552209562,26.836569820393,1.0124966507439994
3202.0,4.5,0.32729583333335044,3.1886012341854086,26.836624988206143,1.0124967273826302
3203.0,4.5,0.3268812500000171,3.18816490003012,26.83667945542534,1.012496802267594
3204.0,4.5,0.3264666666666838,3.1877285494588037,26.836733230929593,1.0124968754390187
3205.0,4.5,0.32605208333335045,3.187292182182168,26.83678632348579,1.012496946936114
3206.0,4.5,0.3256375000000171,3.1868557979064387,26.836838741750118,1.0124970167971923
3207.0,4.5,0.3252229166666838,3.186419396333277,26.836890494269436,1.0124970850596895
3208.0,4.5,0.32480833333335046,3.1859829771596937,26.836941589482667,1.0124971517601848
3209.0,4.5,0.32439375000001713,3.185546540077967,26.836992035722126,1.0124972169344204
3210.0,4.5,0.3239791666666838,3.1851100847755554,26.837041841214887,1.0124972806173205
3211.0,4.5,0.3235645833333505,3.18467361093501,26.83709101408408,1.0124973428430102
3212.0,4.5,0.32315000000001715,3.1842371182338844,26.83713956235021,1.0124974036448342
3213.0,4.5,0.3227354166666838,3.1838006063446493,26.837187493932436,1.0124974630553734
3214.0,4.5,0.3223208333333505,3.1833640749345955,26.837234816649858,1.0124975211064635
3215.0,4.5,0.32190625000001716,3.1829275236657457,26.83728153822275,1.0124975778292122
3216.0,4.5,0.32149166666668383,3.182490952194756,26.837327666273833,1.0124976332540148
3217.0,4.5,0.3210770833333505,3.1820543601728253,26.837373208329467,1.0124976874105713
3218.0,4.5,0.32066250000001717,3.181617747245595,26.837418171820886,1.0124977403279019
3219.0,4.5,0.32024791666668384,3.1811811130530505,26.837462564085385,1.0124977920343632
3220.0,4.5,0.3198333333333505,3.180744457229425,26.8375063923675,1.0124978425576623
3221.0,4.5,0.3194187500000172,3.1803077794030927,26.837549663820177,1.012497891924873
3222.0,4.5,0.31900416666668385,3.17987107919647,26.83759238550591,1.0124979401624492
3223.0,4.5,0.3185895833333505,3.1794343562259093,26.837634564397906,1.0124979872962392
3224.0,4.5,0.3181750000000172,3.178997610101594,26.83767620738118,1.0124980333515006
3225.0,4.5,0.31776041666668386,3.178560840427427,26.837717321253674,1.0124980783529123
3226.0,4.5,0.31734583333335054,3.1781240468009266,26.837757912727362,1.0124981223245888
3227.0,4.5,0.3169312500000172,3.177687228813113,26.83779798842932,1.0124981652900928
3228.0,4.5,0.3165166666666839,3.1772503860483936,26.83783755490279,1.012498207272448
3229.0,4.5,0.31610208333335055,3.176813518084451,26.837876618608252,1.012498248294151
3230.0,4.5,0.3156875000000172,3.176376624492126,26.837915185924448,1.0124982883771838
3231.0,4.5,0.3152729166666839,3.175939704835299,26.83795326314942,1.012498327543025
3232.0,4.5,0.31485833333335056,3.1755027586707687,26.837990856501523,1.0124983658126623
3233.0,4.5,0.31444375000001723,3.1750657855481337,26.838027972120432,1.012498403206603
3234.0,4.5,0.3140291666666839,3.1746287850096637,26.838064616068127,1.0124984397448846
3235.0,4.5,0.31361458333335057,3.174191756590179,26.838100794329872,1.012498475447087
3236.0,4.5,0.31320000000001724,3.1737546998169197,26.83813651281519,1.0124985103323414
3237.0,4.5,0.3127854166666839,3.1733176142094144,26.838171777358802,1.0124985444193415
3238.0,4.5,0.3123708333333506,3.1728804992793522,26.83820659372158,1.012498577726353
3239.0,4.5,0.31195625000001725,3.1724433545304462,26.838240967591474,1.0124986102712243
3240.0,4.5,0.3115416666666839,3.1720061794582985,26.838274904584434,1.0124986420713944
3241.0,4.5,0.3111270833333506,3.1715689735502606,26.83830841024531,1.0124986731439038
3242.0,4.5,0.31071250000001727,3.1711317362852953,26.83834149004876,1.0124987035054034
3243.0,4.5,0.31029791666668394,3.1706944671338326,26.838374149400114,1.0124987331721624
3244.0,4.5,0.3098833333333506,3.1702571655576244,26.838406393636273,1.012498762160078
3245.0,4.5,0.3094687500000173,3.1698198310095975,26.838438228026554,1.012498790484684
3246.0,4.5,0.30905416666668395,3.169382462933704,26.838469657773548,1.0124988181611585
3247.0,4.5,0.3086395833333506,3.168945060764772,26.83850068801396,1.0124988452043318
3248.0,4.5,0.3082250000000173,3.1685076239283467,26.838531323819435,1.0124988716286953
3249.0,4.5,0.30781041666668396,3.168070151840537,26.8385615701974,1.0124988974484093
3250.0,4.5,0.30739583333335063,3.167632643907855,26.83859143209184,1.0124989226773091
3251.0,4.5,0.3069812500000173,3.167195099527053,26.838620914384126,1.012498947328914
3252.0,4.5,0.306566666666684,3.1667575180849594,26.838650021893795,1.012498971416434
3253.0,4.5,0.30615208333335064,3.1663198989583146,26.838678759379324,1.0124989949527765
3254.0,4.5,0.3057375000000173,3.165882241513598,26.83870713153891,1.0124990179505535
3255.0,4.5,0.305322916666684,3.1654445451068547,26.838735143011228,1.012499040422089
3256.0,4.5,0.30490833333335066,3.1650068090835237,26.83876279837618,1.0124990623794243
3257.0,4.5,0.3044937500000173,3.164569032778256,26.838790102155638,1.0124990838343257
3258.0,4.5,0.304079166666684,3.1641312155147365,26.838817058814172,1.0124991047982899
3259.0,4.5,0.30366458333335067,3.1636933566054974,26.838843672759786,1.0124991252825506
3260.0,4.5,0.30325000000001734,3.163255455351736,26.838869948344616,1.0124991452980847
3261.0,4.5,0.302835416666684,3.1628175110431185,26.838895889865647,1.0124991648556176
3262.0,4.5,0.3024208333333507,3.1623795229575915,26.838921501565405,1.0124991839656294
3263.0,4.5,0.30200625000001735,3.161941490361185,26.838946787632644,1.0124992026383606
3264.0,4.5,0.301591666666684,3.161503412507814,26.838971752203022,1.0124992208838168
3265.0,4.5,0.3011770833333507,3.16106528863907,26.838996399359786,1.0124992387117755
3266.0,4.5,0.30076250000001736,3.1606271179840277,26.83902073313441,1.0124992561317896
3267.0,4.5,0.30034791666668403,3.1601888997590226,26.839044757507278,1.012499273153194
3268.0,4.5,0.2999333333333507,3.159750633167447,26.8390684764083,1.01249928978511
3269.0,4.5,0.2995187500000174,3.1593123173995337,26.839091893717573,1.0124993060364496
3270.0,4.5,0.29910416666668405,3.1588739516321316,26.839115013265992,1.0124993219159213
3271.0,4.5,0.2986895833333507,3.158435535028488,26.839137838835892,1.0124993374320346
3272.0,4.5,0.2982750000000174,3.157997066738021,26.83916037416164,1.0124993525931036
3273.0,4.5,0.29786041666668406,3.1575585458960864,26.839182622930256,1.0124993674072527
3274.0,4.5,0.29744583333335073,3.15711997162375,26.839204588782007,1.0124993818824204
3275.0,4.5,0.2970312500000174,3.1566813430275444,26.839226275310995,1.0124993960263629
3276.0,4.5,0.29661666666668407,3.1562426591992305,26.839247686065747,1.01249940984666
3277.0,4.5,0.29620208333335074,3.1558039192155505,26.839268824549787,1.012499423350717
3278.0,4.5,0.2957875000000174,3.1553651221379817,26.839289694222202,1.0124994365457702
3279.0,4.5,0.2953729166666841,3.15492626701248,26.839310298498212,1.0124994494388906
3280.0,4.5,0.29495833333335075,3.154487352869224,26.839330640749715,1.012499462036987
3281.0,4.5,0.2945437500000174,3.154048378722355,26.83935072430584,1.0124994743468099
3282.0,4.5,0.2941291666666841,3.153609343569709,26.839370552453495,1.012499486374956
3283.0,4.5,0.29371458333335076,3.153170246392548,26.839390128437884,1.0124994981278708
3284.0,4.5,0.29330000000001744,3.152731086155285,26.83940945546305,1.0124995096118519
3285.0,4.5,0.2928854166666841,3.1522918618052054,26.83942853669238,1.0124995208330532
3286.0,4.5,0.2924708333333508,3.151852572272187,26.839447375249147,1.0124995317974879
3287.0,4.5,0.29205625000001745,3.1514132164684057,26.83946597421698,1.0124995425110312
3288.0,4.5,0.2916416666666841,3.15097379328805,26.8394843366404,1.0124995529794243
3289.0,4.5,0.2912270833333508,3.1505343016070215,26.83950246552529,1.0124995632082765
3290.0,4.5,0.29081250000001746,3.150094740282629,26.839520363839394,1.0124995732030693
3291.0,4.5,0.29039791666668413,3.149655108153289,26.839538034512806,1.0124995829691583
3292.0,4.5,0.2899833333333508,3.149215404038208,26.839555480438435,1.012499592511777
3293.0,4.5,0.28956875000001747,3.148775626737071,26.839572704472477,1.0124996018360386
3294.0,4.5,0.28915416666668414,3.1483357750297145,26.83958970943489,1.01249961094694
3295.0,4.5,0.2887395833333508,3.1478958476758048,26.839606498109838,1.012499619849363
3296.0,4.5,0.2883250000000175,3.1474558434145035,26.839623073246155,1.012499628548078
3297.0,4.5,0.28791041666668415,3.147015760964129,26.839639437557793,1.012499637047747
3298.0,4.5,0.2874958333333508,3.1465755990218156,26.83965559372425,1.012499645352924
3299.0,4.5,0.2870812500000175,3.1461353562631653,26.83967154439102,1.0124996534680593
3300.0,4.5,0.28666666666668417,3.1456950313418917,26.839687292170026,1.0124996613975021
3301.0,4.5,0.28625208333335084,3.1452546228894636,26.839702839640026,1.0124996691455008
3302.0,4.5,0.2858375000000175,3.1448141295147383,26.83971818934705,1.012499676716208
3303.0,4.5,0.2854229166666842,3.144373549803589,26.839733343804813,1.0124996841136797
3304.0,4.5,0.28500833333335085,3.1439328823185333,26.839748305495114,1.0124996913418807
3305.0,4.5,0.2845937500000175,3.14349212559834,26.839763076868252,1.0124996984046837
3306.0,4.5,0.2841791666666842,3.143051278157651,26.83977766034342,1.0124997053058737
3307.0,4.5,0.28376458333335086,3.1426103384865796,26.83979205830909,1.0124997120491486
3308.0,4.5,0.28335000000001753,3.1421693050503117,26.839806273123422,1.0124997186381222
3309.0,4.5,0.2829354166666842,3.1417281762886957,26.839820307114632,1.0124997250763248
3310.0,4.5,0.2825208333333509,3.1412869506158287,26.839834162581376,1.0124997313672066
3311.0,4.5,0.28210625000001754,3.1408456264196376,26.839847841793123,1.0124997375141387
3312.0,4.5,0.2816916666666842,3.1404042020614478,26.839861346990528,1.012499743520415
3313.0,4.5,0.2812770833333509,3.139962675875551,26.839874680385797,1.012499749389254
3314.0,4.5,0.28086250000001756,3.1395210461687637,26.839887844163044,1.0124997551238006
3315.0,4.5,0.2804479166666842,3.139079311219978,26.83990084047865,1.0124997607271276
3316.0,4.5,0.2800333333333509,3.138637469279709,26.83991367146161,1.0124997662022377
3317.0,4.5,0.27961875000001757,3.138195518569624,26.839926339213886,1.0124997715520647
3318.0,4.5,0.27920416666668424,3.137753457282086,26.839938845810746,1.0124997767794754
3319.0,4.5,0.2787895833333509,3.137311283579662,26.839951193301108,1.012499781887271
3320.0,4.5,0.2783750000000176,3.136868995594649,26.839963383707858,1.0124997868781886
3321.0,4.5,0.27796041666668425,3.1364265914285756,26.839975419028203,1.0124997917549028
3322.0,4.5,0.2775458333333509,3.1359840691517027,26.839987301233975,1.0124997965200264
3323.0,4.5,0.2771312500000176,3.135541426802519,26.83999903227197,1.012499801176113
3324.0,4.5,0.27671666666668426,3.1350986623872172,26.84001061406425,1.012499805725658
3325.0,4.5,0.27630208333335093,3.134655773879179,26.840022048508473,1.012499810171099
3326.0,4.5,0.2758875000000176,3.1342127592184363,26.840033337478182,1.0124998145148179
3327.0,4.5,0.2754729166666843,3.1337696163111324,26.84004448282313,1.0124998187591427
3328.0,4.5,0.27505833333335095,3.1333263430289735,26.840055486369575,1.0124998229063475
3329.0,4.5,0.2746437500000176,3.13288293720867,26.840066349920573,1.012499826958655
3330.0,4.5,0.2742291666666843,3.13243939665137,26.840077075256275,1.0124998309182365
3331.0,4.5,0.27381458333335096,3.1319957191220853,26.84008766413422,1.0124998347872134
3332.0,4.5,0.27340000000001763,3.131551902349105,26.84009811828962,1.0124998385676596
3333.0,4.5,0.2729854166666843,3.131107944023405,26.84010843943565,1.0124998422616005
3334.0,4.5,0.27257083333335097,3.1306638417980417,26.840118629263706,1.0124998458710155
3335.0,4.5,0.27215625000001764,3.1302195932875456,26.840128689443706,1.0124998493978388
3336.0,4.5,0.2717416666666843,3.1297751960672944,26.840138621624348,1.0124998528439604
3337.0,4.5,0.271327083333351,3.129330647672885,26.840148427433387,1.0124998562112268
3338.0,4.5,0.27091250000001765,3.128885945599493,26.840158108477898,1.0124998595014425
3339.0,4.5,0.2704979166666843,3.128441087301221,26.84016766634453,1.0124998627163704
3340.0,4.5,0.270083333333351,3.1279960701904392,26.84017710259978,1.0124998658577335
3341.0,4.5,0.26966875000001767,3.1275508916371138,26.840186418790243,1.012499868927215
3342.0,4.5,0.26925416666668434,3.1271055489681263,26.84019561644285,1.01249987192646
3343.0,4.5,0.268839583333351,3.126660039466583,26.840204697065136,1.012499874857075
3344.0,4.5,0.2684250000000177,3.126214360371112,26.84021366214549,1.012499877720631
3345.0,4.5,0.26801041666668435,3.1257685088751495,26.840222513153375,1.0124998805186625
3346.0,4.5,0.267595833333351,3.12532248212622,26.840231251539585,1.0124998832526686
3347.0,4.5,0.2671812500000177,3.124876277225196,26.84023987873648,1.012499885924114
3348.0,4.5,0.26676666666668436,3.124429891225559,26.840248396158216,1.0124998885344312
3349.0,4.5,0.26635208333335103,3.1239833211326364,26.84025680520098,1.012499891085018
3350.0,4.5,0.2659375000000177,3.123536563902838,26.840265107243212,1.0124998935772416
3351.0,4.5,0.26552291666668437,3.1230896164428708,26.840273303645837,1.0124998960124376
3352.0,4.5,0.26510833333335104,3.1226424756089513,26.840281395752488,1.0124998983919105
3353.0,4.5,0.2646937500000177,3.122195138205999,26.84028938488971,1.0124999007169357
3354.0,4.5,0.2642791666666844,3.1217476009868244,26.840297272367202,1.0124999029887591
3355.0,4.5,0.26386458333335105,3.121299860651295,26.84030505947801,1.012499905208598
3356.0,4.5,0.2634500000000177,3.1208519138454998,26.840312747498743,1.012499907377642
3357.0,4.5,0.2630354166666844,3.120403757160893,26.840320337689793,1.012499909497053
3358.0,4.5,0.26262083333335107,3.1199553871334302,26.840327831295525,1.0124999115679674
3359.0,4.5,0.26220625000001774,3.1195068002426902,26.840335229544493,1.0124999135914943
3360.0,4.5,0.2617916666666844,3.11905799291098,26.840342533649633,1.0124999155687182
3361.0,4.5,0.2613770833333511,3.1186089615024324,26.84034974480846,1.012499917500699
3362.0,4.5,0.26096250000001775,3.118159702322088,26.840356864203276,1.0124999193884714
3363.0,4.5,0.2605479166666844,3.1177102116149635,26.840363893001346,1.0124999212330472
3364.0,4.5,0.2601333333333511,3.117260485565101,26.840370832355102,1.0124999230354153
3365.0,4.5,0.25971875000001776,3.116810520294618,26.840377683402327,1.0124999247965407
3366.0,4.5,0.25930416666668443,3.1163603118627257,26.840384447266338,1.0124999265173678
3367.0,4.5,0.2588895833333511,3.1159098562647443,26.840391125056172,1.0124999281988183
3368.0,4.5,0.2584750000000178,3.115459149431102,26.84039771786677,1.0124999298417934
3369.0,4.5,0.25806041666668444,3.115008187226317,26.840404226779157,1.0124999314471734
3370.0,4.5,0.2576458333333511,3.1145569654479655,26.840410652860605,1.0124999330158186
3371.0,4.5,0.2572312500000178,3.1141054798256373,26.84041699716483,1.0124999345485697
3372.0,4.5,0.25681666666668446,3.113653726019874,26.84042326073214,1.012499936046248
3373.0,4.5,0.2564020833333511,3.11320169962109,26.84042944458963,1.012499937509656
3374.0,4.5,0.2559875000000178,3.1127493961484847,26.84043554975133,1.0124999389395777
3375.0,4.5,0.25557291666668447,3.1122968110489313,26.840441577218375,1.0124999403367798
3376.0,4.5,0.25515833333335114,3.1118439396958553,26.840447527979176,1.0124999417020106
3377.0,4.5,0.2547437500000178,3.1113907773880953,26.84045340300958,1.0124999430360018
3378.0,4.5,0.2543291666666845,3.1109373193487455,26.840459203273024,1.0124999443394682
3379.0,4.5,0.25391458333335115,3.1104835607239876,26.840464929720692,1.0124999456131083
3380.0,4.5,0.2535000000000178,3.1100294965818995,26.84047058329168,1.0124999468576046
3381.0,4.5,0.2530854166666845,3.109575121911252,26.84047616491314,1.012499948073624
3382.0,4.5,0.25267083333335116,3.109120431620287,26.840481675500442,1.012499949261818
3383.0,4.5,0.25225625000001783,3.1086654205354782,26.840487115957306,1.0124999504228236
3384.0,4.5,0.2518416666666845,3.1082100834002775,26.84049248717597,1.0124999515572628
3385.0,4.5,0.2514270833333512,3.1077544148738383,26.840497790037322,1.0124999526657432
3386.0,4.5,0.25101250000001785,3.107298409529729,26.840503025411053,1.012499953748859
3387.0,4.5,0.2505979166666845,3.1068420618546213,26.84050819415579,1.012499954807191
3388.0,4.5,0.2501833333333512,3.1063853662469687,26.84051329711925,1.0124999558413057
3389.0,4.5,0.24976875000001786,3.105928317015657,26.840518335138366,1.0124999568517574
3390.0,4.5,0.24935416666668453,3.105470908378645,26.840523309039423,1.0124999578390876
3391.0,4.5,0.2489395833333512,3.1050131344615854,26.840528219638205,1.0124999588038257
3392.0,4.5,0.24852500000001787,3.1045549892964215,26.84053306774012,1.0124999597464883
3393.0,4.5,0.24811041666668454,3.1040964668199735,26.84053785414034,1.0124999606675806
3394.0,4.5,0.2476958333333512,3.103637560872501,26.840542579623914,1.0124999615675963
3395.0,4.5,0.24728125000001788,3.1031782651962456,26.840547244965915,1.0124999624470175
3396.0,4.5,0.24686666666668455,3.1027185734339597,26.840551850931558,1.0124999633063154
3397.0,4.5,0.24645208333335122,3.102258479127409,26.840556398276327,1.0124999641459507
3398.0,4.5,0.2460375000000179,3.10179797571586,26.840560887746093,1.0124999649663733
3399.0,4.5,0.24562291666668457,3.1013370565345517,26.84056532007725,1.0124999657680227
3400.0,4.5,0.24520833333335124,3.1008757148131356,26.840569695996823,1.0124999665513286
3401.0,4.5,0.2447937500000179,3.1004139436741087,26.84057401622259,1.0124999673167105
3402.0,4.5,0.24437916666668458,3.0999517361312177,26.8405782814632,1.012499968064579
3403.0,4.5,0.24396458333335125,3.09948908508785,26.840582492418285,1.0124999687953342
3404.0,4.5,0.24355000000001792,3.099025983335396,26.840586649778594,1.0124999695093684
3405.0,4.5,0.2431354166666846,3.0985624235516003,26.840590754226074,1.0124999702070636
3406.0,4.5,0.24272083333335126,3.0980983982988852,26.84059480643401,1.012499970888794
3407.0,4.5,0.24230625000001793,3.0976339000226583,26.840598807067114,1.012499971554925
3408.0,4.5,0.2418916666666846,3.0971689210495956,26.84060275678165,1.0124999722058132
3409.0,4.5,0.24147708333335127,3.096703453585905,26.840606656225535,1.0124999728418076
3410.0,4.5,0.24106250000001794,3.096237489715573,26.84061050603845,1.0124999734632492
3411.0,4.5,0.2406479166666846,3.0957710213985807,26.840614306851922,1.0124999740704705
3412.0,4.5,0.24023333333335128,3.0953040404691126,26.840618059289465,1.0124999746637975
3413.0,4.5,0.23981875000001796,3.0948365386337287,26.840621763966656,1.0124999752435477
3414.0,4.5,0.23940416666668463,3.094368507469527,26.840625421491236,1.012499975810032
3415.0,4.5,0.2389895833333513,3.0938999384222816,26.840629032463223,1.0124999763635536
3416.0,4.5,0.23857500000001797,3.093430822804554,26.840632597475,1.0124999769044094
3417.0,4.5,0.23816041666668464,3.0929611517937925,26.840636117111416,1.0124999774328893
3418.0,4.5,0.2377458333333513,3.0924909164303997,26.84063959194988,1.0124999779492763
3419.0,4.5,0.23733125000001798,3.092020107615789,26.840643022560457,1.0124999784538473
3420.0,4.5,0.23691666666668465,3.091548716110409,26.840646409505958,1.0124999789468725
3421.0,4.5,0.23650208333335132,3.091076732531758,26.840649753342035,1.012499979428616
3422.0,4.5,0.236087500000018,3.0906041473523627,26.840653054617277,1.0124999798993364
3423.0,4.5,0.23567291666668466,3.0901309508977506,26.840656313873293,1.0124999803592853
3424.0,4.5,0.23525833333335133,3.089657133344388,26.840659531644796,1.0124999808087098
3425.0,4.5,0.234843750000018,3.0891826847176045,26.840662708459707,1.0124999812478503
3426.0,4.5,0.23442916666668467,3.088707594889493,26.840665844839222,1.0124999816769424
3427.0,4.5,0.23401458333335134,3.0882318535767896,26.84066894129791,1.0124999820962157
3428.0,4.5,0.23360000000001802,3.0877554503387277,26.840671998343797,1.0124999825058953
3429.0,4.5,0.2331854166666847,3.0872783745748786,26.840675016478446,1.0124999829062002
3430.0,4.5,0.23277083333335136,3.0868006155229653,26.840677996197037,1.0124999832973454
3431.0,4.5,0.23235625000001803,3.0863221622566535,26.84068093798845,1.0124999836795403
3432.0,4.5,0.2319416666666847,3.0858430036833298,26.840683842335345,1.0124999840529898
3433.0,4.5,0.23152708333335137,3.085363128541851,26.840686709714248,1.0124999844178937
3434.0,4.5,0.23111250000001804,3.084882525400276,26.840689540595616,1.0124999847744478
3435.0,4.5,0.2306979166666847,3.084401182653577,26.840692335443922,1.0124999851228433
3436.0,4.5,0.23028333333335138,3.0839190885213306,26.840695094717734,1.0124999854632666
3437.0,4.5,0.22986875000001805,3.0834362310453893,26.840697818869785,1.0124999857959003
3438.0,4.5,0.22945416666668472,3.0829525980875307,26.84070050834704,1.0124999861209225
3439.0,4.5,0.2290395833333514,3.0824681773270908,26.840703163590792,1.0124999864385074
3440.0,4.5,0.22862500000001806,3.081982956258575,26.840705785036707,1.0124999867488254
3441.0,4.5,0.22821041666668473,3.0814969221892508,26.840708373114918,1.0124999870520426
3442.0,4.5,0.2277958333333514,3.081010062236723,26.840710928250076,1.0124999873483214
3443.0,4.5,0.22738125000001808,3.080522363326489,26.840713450861436,1.0124999876378207
3444.0,4.5,0.22696666666668475,3.0800338121894764,26.84071594136292,1.0124999879206955
3445.0,4.5,0.22655208333335142,3.0795443953595636,26.840718400163176,1.0124999881970975
3446.0,4.5,0.2261375000000181,3.079054099171083,26.84072082766566,1.012499988467175
3447.0,4.5,0.22572291666668476,3.0785629097563074,26.840723224268693,1.0124999887310722
3448.0,4.5,0.22530833333335143,3.0780708130429195,26.84072559036553,1.0124999889889312
3449.0,4.5,0.2248937500000181,3.077577794751466,26.840727926344417,1.0124999892408895
3450.0,4.5,0.22447916666668477,3.077083840392797,26.840730232588665,1.0124999894870825
3451.0,4.5,0.22406458333335144,3.0765889352654887,26.840732509476705,1.012499989727642
3452.0,4.5,0.2236500000000181,3.076093064453255,26.840734757382155,1.012499989962697
3453.0,4.5,0.22323541666668478,3.075596212822343,26.84073697667388,1.0124999901923735
3454.0,4.5,0.22282083333335145,3.0750983650189174,26.840739167716052,1.0124999904167944
3455.0,4.5,0.22240625000001812,3.0745995054664306,26.840741330868205,1.0124999906360799
3456.0,4.5,0.2219916666666848,3.074099618362984,26.8407434664853,1.0124999908503478
3457.0,4.5,0.22157708333335147,3.0735986876786754,26.840745574917786,1.0124999910597126
3458.0,4.5,0.22116250000001814,3.0730966971529408,26.84074765651165,1.0124999912642867
3459.0,4.5,0.2207479166666848,3.072593630291882,26.840749711608474,1.01249999146418
3460.0,4.5,0.22033333333335148,3.0720894703655905,26.8407517405455,1.012499991659499
3461.0,4.5,0.21991875000001815,3.0715842004054617,26.84075374365567,1.0124999918503486
3462.0,4.5,0.21950416666668482,3.071077803201503,26.8407557212677,1.0124999920368312
3463.0,4.5,0.2190895833333515,3.070570261299638,26.84075767370612,1.0124999922190467
3464.0,4.5,0.21867500000001816,3.0700615569990037,26.84075960129132,1.0124999923970925
3465.0,4.5,0.21826041666668483,3.0695516723492484,26.84076150433963,1.0124999925710645
3466.0,4.5,0.2178458333333515,3.069040589147823,26.84076338316334,1.0124999927410556
3467.0,4.5,0.21743125000001817,3.0685282889372782,26.840765238070773,1.0124999929071568
3468.0,4.5,0.21701666666668484,3.0680147530025526,26.840767069366333,1.0124999930694571
3469.0,4.5,0.2166020833333515,3.067499962368272,26.840768877350545,1.0124999932280438
3470.0,4.5,0.21618750000001818,3.0669838977960455,26.84077066232011,1.0124999933830017
3471.0,4.5,0.21577291666668486,3.066466539781768,26.840772424567955,1.0124999935344137
3472.0,4.5,0.21535833333335153,3.065947868552932,26.84077416438328,1.0124999936823609
3473.0,4.5,0.2149437500000182,3.065427864065941,26.840775882051602,1.012499993826923
3474.0,4.5,0.21452916666668487,3.0649065060034353,26.84077757785481,1.012499993968177
3475.0,4.5,0.21411458333335154,3.064383773771629,26.840779252071197,1.0124999941061987
3476.0,4.5,0.2137000000000182,3.063859646497657,26.840780904975528,1.0124999942410624
3477.0,4.5,0.21328541666668488,3.06333410302694,26.840782536839058,1.01249999437284
3478.0,4.5,0.21287083333335155,3.062807121920561,26.840784147929597,1.0124999945016024
3479.0,4.5,0.21245625000001822,3.0622786814526637,26.84078573851155,1.0124999946274182
3480.0,4.5,0.2120416666666849,3.0617487596078665,26.84078730884595,1.012499994750355
3481.0,4.5,0.21162708333335156,3.061217334078706,26.840788859190514,1.012499994870479
3482.0,4.5,0.21121250000001823,3.060684382263095,26.840790389799675,1.0124999949878541
3483.0,4.5,0.2107979166666849,3.0601498812618124,26.84079190092463,1.0124999951025435
3484.0,4.5,0.21038333333335157,3.0596138078760227,26.840793392813378,1.0124999952146083
3485.0,4.5,0.20996875000001824,3.059076138604822,26.84079486571077,1.012499995324109
3486.0,4.5,0.20955416666668492,3.058536849642822,26.84079631985853,1.012499995431104
3487.0,4.5,0.2091395833333516,3.0579959168777653,26.84079775549531,1.0124999955356508
3488.0,4.5,0.20872500000001826,3.057453315888184,26.840799172856727,1.0124999956378054
3489.0,4.5,0.20831041666668493,3.056909021941092,26.840800572175397,1.0124999957376222
3490.0,4.5,0.2078958333333516,3.0563630099897328,26.84080195368098,1.0124999958351553
3491.0,4.5,0.20748125000001827,3.055815254671359,26.84080331760021,1.0124999959304564
3492.0,4.5,0.20706666666668494,3.055265730305077,26.84080466415693,1.0124999960235768
3493.0,4.5,0.2066520833333516,3.0547144108897313,26.840805993572147,1.0124999961145664
3494.0,4.5,0.20623750000001828,3.054161270101852,26.840807306064043,1.012499996203474
3495.0,4.5,0.20582291666668495,3.053606281293661,26.840808601848032,1.0124999962903471
3496.0,4.5,0.20540833333335162,3.0530494174911347,26.84080988113678,1.0124999963752324
3497.0,4.5,0.2049937500000183,3.05249065139214,26.840811144140254,1.0124999964581753
3498.0,4.5,0.20457916666668496,3.0519299553646335,26.84081239106574,1.0124999965392203
3499.0,4.5,0.20416458333335163,3.051367301444938,26.840813622117892,1.012499996618411
3500.0,4.5,0.2037500000000183,3.0508026613360912,26.840814837498762,1.0124999966957893
3501.0,4.5,0.20333541666668498,3.0502360064062795,26.840816037407823,1.012499996771397
3502.0,4.5,0.20292083333335165,3.049667307687349,26.840817222042016,1.0124999968452748
3503.0,4.5,0.20250625000001832,3.0490965358734146,26.84081839159577,1.0124999969174622
3504.0,4.5,0.202091666666685,3.04852366131955,26.840819546261045,1.0124999969879978
3505.0,4.5,0.20167708333335166,3.047948654040585,26.84082068622735,1.0124999970569193
3506.0,4.5,0.20126250000001833,3.0473714837099966,26.840821811681792,1.0124999971242636
3507.0,4.5,0.200847916666685,3.046792119658907,26.84082292280909,1.012499997190067
3508.0,4.5,0.20043333333335167,3.0462105308751948,26.840824019791615,1.0124999972543645
3509.0,4.5,0.20001875000001834,3.045626686002714,26.840825102809415,1.0124999973171909
3510.0,4.5,0.199604166666685,3.0450405533406437,26.84082617204025,1.0124999973785798
3511.0,4.5,0.19918958333335168,3.0444521008429453,26.84082722765961,1.0124999974385638
3512.0,4.5,0.19877500000001835,3.043861296117967,26.840828269840763,1.0124999974971753
3513.0,4.5,0.19836041666668502,3.0432681064281724,26.840829298754763,1.0124999975544455
3514.0,4.5,0.1979458333333517,3.0426724986900084,26.84083031457049,1.0124999976104054
3515.0,4.5,0.19753125000001837,3.0420744394739225,26.840831317454672,1.0124999976650848
3516.0,4.5,0.19711666666668504,3.041473895004529,26.84083230757192,1.012499997718513
3517.0,4.5,0.1967020833333517,3.0408708311609307,26.84083328508474,1.0124999977707185
3518.0,4.5,0.19628750000001838,3.0402652134772024,26.840834250153588,1.0124999978217295
3519.0,4.5,0.19587291666668505,3.0396570071430444,26.84083520293686,1.0124999978715734
3520.0,4.5,0.19545833333335172,3.0390461770046047,26.84083614359094,1.0124999979202765
3521.0,4.5,0.1950437500000184,3.038432687565488,26.84083707227023,1.0124999979678653
3522.0,4.5,0.19462916666668506,3.0378165029879423,26.840837989127156,1.0124999980143652
3523.0,4.5,0.19421458333335173,3.037197587094245,26.840838894312213,1.012499998059801
3524.0,4.5,0.1938000000000184,3.036575903368284,26.840839787973973,1.012499998104197
3525.0,4.5,0.19338541666668507,3.035951414957342,26.840840670259123,1.0124999981475775
3526.0,4.5,0.19297083333335174,3.0353240846740976,26.840841541312482,1.0124999981899652
3527.0,4.5,0.19255625000001841,3.034693874998841,26.840842401277023,1.012499998231383
3528.0,4.5,0.19214166666668508,3.0340607480819135,26.840843250293897,1.0124999982718528
3529.0,4.5,0.19172708333335176,3.0334246657463857,26.840844088502468,1.0124999983113967
3530.0,4.5,0.19131250000001843,3.032785589490967,26.840844916040318,1.0124999983500358
3531.0,4.5,0.1908979166666851,3.0321434804931657,26.840845733043277,1.0124999983877907
3532.0,4.5,0.19048333333335177,3.0314982996127036,26.840846539645455,1.0124999984246819
3533.0,4.5,0.19006875000001844,3.030850007395187,26.840847335979245,1.0124999984607286
3534.0,4.5,0.1896541666666851,3.030198564076051,26.84084812217536,1.0124999984959506
3535.0,4.5,0.18923958333335178,3.029543929584775,26.840848898362847,1.0124999985303667
3536.0,4.5,0.18882500000001845,3.0288860635493844,26.840849664669115,1.012499998563995
3537.0,4.5,0.18841041666668512,3.0282249253012417,26.840850421219947,1.0124999985968541
3538.0,4.5,0.1879958333333518,3.0275604738801354,26.84085116813953,1.0124999986289613
3539.0,4.5,0.18758125000001846,3.0268926680396793,26.840851905550462,1.0124999986603338
3540.0,4.5,0.18716666666668513,3.026221466253019,26.840852633573785,1.0124999986909884
3541.0,4.5,0.1867520833333518,3.025546826718867,26.840853352329002,1.0124999987209415
3542.0,4.5,0.18633750000001847,3.0248687073678626,26.840854061934095,1.0124999987502095
3543.0,4.5,0.18592291666668515,3.0241870658692735,26.84085476250554,1.0124999987788075
3544.0,4.5,0.18550833333335182,3.023501859638039,26.840855454158334,1.0124999988067511
3545.0,4.5,0.1850937500000185,3.022813045842169,26.84085613700601,1.0124999988340553
3546.0,4.5,0.18467916666668516,3.0221205814105065,26.84085681116066,1.0124999988607348
3547.0,4.5,0.18426458333335183,3.0214244230408576,26.840857476732936,1.0124999988868038
3548.0,4.5,0.1838500000000185,3.0207245272084973,26.840858133832096,1.012499998912276
3549.0,4.5,0.18343541666668517,3.020020850175063,26.840858782566,1.012499998937166
3550.0,4.5,0.18302083333335184,3.0193133479978433,26.840859423041135,1.0124999989614858
3551.0,4.5,0.1826062500000185,3.018601976539463,26.840860055362636,1.0124999989852494
3552.0,4.5,0.18219166666668518,3.017886691477982,26.8408606796343,1.012499999008469
3553.0,4.5,0.18177708333335185,3.017167448317409,26.840861295958597,1.0124999990311576
3554.0,4.5,0.18136250000001852,3.016444202398641,26.840861904436697,1.012499999053327
3555.0,4.5,0.1809479166666852,3.0157169089108304,26.84086250516848,1.012499999074989
3556.0,4.5,0.18053333333335186,3.0149855229032014,26.840863098252562,1.0124999990961552
3557.0,4.5,0.18011875000001853,3.014249999297301,26.840863683786296,1.0124999991168373
3558.0,4.5,0.1797041666666852,3.013510292899714,26.840864261865796,1.012499999137046
3559.0,4.5,0.17928958333335188,3.012766358415237,26.840864832585954,1.0124999991567925
3560.0,4.5,0.17887500000001855,3.0120181504605172,26.840865396040456,1.0124999991760868
3561.0,4.5,0.17846041666668522,3.0112656235781703,26.840865952321796,1.0124999991949397
3562.0,4.5,0.1780458333333519,3.010508732251378,26.840866501521287,1.0124999992133614
3563.0,4.5,0.17763125000001856,3.0097474309189725,26.84086704372908,1.0124999992313615
3564.0,4.5,0.17721666666668523,3.0089816739910162,26.84086757903418,1.0124999992489496
3565.0,4.5,0.1768020833333519,3.008211415864885,26.840868107524464,1.0124999992661352
3566.0,4.5,0.17638750000001857,3.0074366109418467,26.84086862928668,1.0124999992829278
3567.0,4.5,0.17597291666668524,3.0066572136441594,26.840869144406476,1.012499999299336
3568.0,4.5,0.1755583333333519,3.005873178432683,26.840869652968415,1.0124999993153687
3569.0,4.5,0.17514375000001858,3.005084459825009,26.840870155055978,1.0124999993310346
3570.0,4.5,0.17472916666668525,3.004291012414113,26.840870650751587,1.0124999993463422
3571.0,4.5,0.17431458333335192,3.0034927908875426,26.84087114013661,1.0124999993612993
3572.0,4.5,0.1739000000000186,3.002689750047127,26.84087162329138,1.012499999375914
3573.0,4.5,0.17348541666668527,3.0018818448292324,26.840872100295215,1.0124999993901946
3574.0,4.5,0.17307083333335194,3.0010690303255427,26.840872571226413,1.0124999994041484
3575.0,4.5,0.1726562500000186,3.00025126180439,26.840873036162282,1.0124999994177828
3576.0,4.5,0.17224166666668528,2.9994284947326197,26.840873495179146,1.012499999431105
3577.0,4.5,0.17182708333335195,2.998600684797998,26.840873948352353,1.0124999994441226
3578.0,4.5,0.17141250000001862,2.9977677879321663,26.840874395756295,1.0124999994568424
3579.0,4.5,0.1709979166666853,2.996929760334133,26.840874837464415,1.0124999994692712
3580.0,4.5,0.17058333333335196,2.996086558494311,26.840875273549226,1.0124999994814154
3581.0,4.5,0.17016875000001863,2.9952381392190905,26.840875704082315,1.0124999994932817
3582.0,4.5,0.1697541666666853,2.9943844596559597,26.84087612913435,1.0124999995048767
3583.0,4.5,0.16933958333335197,2.9935254773191486,26.840876548775114,1.0124999995162063
3584.0,4.5,0.16892500000001864,2.99266115011582,26.84087696307349,1.0124999995272765
3585.0,4.5,0.16851041666668531,2.991791436372773,26.84087737209749,1.0124999995380934
3586.0,4.5,0.16809583333335198,2.9909162948636885,26.84087777591426,1.0124999995486628
3587.0,4.5,0.16768125000001866,2.990035684836875,26.84087817459009,1.0124999995589905
3588.0,4.5,0.16726666666668533,2.9891495660435408,26.840878568190426,1.0124999995690818
3589.0,4.5,0.166852083333352,2.9882578987665607,26.84087895677988,1.012499999578942
3590.0,4.5,0.16643750000001867,2.9873606438497453,26.84087934042224,1.0124999995885768
3591.0,4.5,0.16602291666668534,2.986457762727593,26.84087971918049,1.012499999597991
3592.0,4.5,0.165608333333352,2.985549217455525,26.8408800931168,1.01249999960719
3593.0,4.5,0.16519375000001868,2.9846349707405824,26.840880462292564,1.0124999996161783
3594.0,4.5,0.16477916666668535,2.983714985972581,26.84088082676838,1.012499999624961
3595.0,4.5,0.16436458333335202,2.9827892272557075,26.840881186604083,1.0124999996335426
3596.0,4.5,0.1639500000000187,2.981857659440541,26.840881541858742,1.012499999641928
3597.0,4.5,0.16353541666668536,2.9809202481564965,26.840881892590676,1.0124999996501214
3598.0,4.5,0.16312083333335203,2.9799769598446537,26.840882238857464,1.0124999996581274
3599.0,4.5,0.1627062500000187,2.9790277617909795,26.84088258071595,1.0124999996659503
3600.0,4.5,0.16229166666668537,2.9780726221599054,26.84088291822225,1.0124999996735942
