time_s,cell_voltage_min_v,cell_voltage_mean_v,cell_voltage_max_v,cell_temperature_max_c,soc_min,soc_max,pack_voltage_v,pack_power_w,soc_spread
0.0,4.002646489390653,4.038885275192793,4.0730005808376255,25.0,0.926090962589906,0.974004998556109,48.46662330231351,387.73298641850806,0.04791403596620303
2.0,3.9983472496594836,4.034723682748544,4.068894480355068,25.026280435525674,0.9253588901816796,0.973273425374655,48.41668419298253,387.33347354386024,0.047914535192975394
4.0,3.9941874911176036,4.030705239607749,4.064933221514068,25.052494906245403,0.9246268177734532,0.972541852193201,48.36846287529299,386.9477030023439,0.04791503441974776
6.0,3.990160322741434,4.026823148819062,4.061110049703572,25.078617801878828,0.9238947453652269,0.971810279011747,48.32187778582875,386.57502228663,0.047915533646520125
8.0,3.9862591521481296,4.023070912126948,4.057418509189737,25.104625398882586,0.9231626729570005,0.971078705830293,48.27685094552338,386.214807564187,0.04791603287329249
10.0,3.9824776721843356,4.0194423163386155,4.053852429407404,25.130495756552843,0.9224306005487741,0.970347132648839,48.233307796063386,385.8664623685071,0.04791653210006486
12.0,3.978809848157868,4.015931420315229,4.050405911869317,25.15620861830031,0.9216985281405478,0.969615559467385,48.191177043782744,385.52941635026195,0.04791703132683722
14.0,3.9752499056855877,4.012532542559924,4.047073317665335,25.18174531785175,0.9209664557323214,0.968883986285931,48.15039051071909,385.20312408575273,0.04791753055360959
16.0,3.9717923191320423,4.009240249376476,4.043849255525201,25.207088690143312,0.920234383324095,0.968152413104477,48.110882992517716,384.88706394014173,0.047918029780381954
18.0,3.9684318006145465,4.006049343573644,4.0407285704196125,25.23222298668212,0.9195023109158686,0.967420839923023,48.072592122883734,384.58073698306987,0.04791852900715432
20.0,3.9651632895515596,4.002954853691425,4.037706332675546,25.25713379516275,0.9187702385076423,0.966689266741569,48.035458244297104,384.28366595437683,0.047919028233926686
22.0,3.9619819427322005,3.9999520237265167,4.034777827582877,25.281807963135293,0.9180381660994159,0.965957693560115,47.9994242847182,383.9953942777456,0.04791952746069905
24.0,3.9588831248857725,3.9970363033353618,4.031938545470421,25.306233525531145,0.9173060936911895,0.965226120378661,47.96443564002434,383.7154851201947,0.04792002668747142
26.0,3.9558623997310276,3.994203338494169,4.029184172230566,25.330399635861703,0.9165740212829632,0.964494547197207,47.93044006193003,383.4435204954402,0.04792052591424378
28.0,3.9529155214858442,3.9914489625962344,4.026510580272589,25.354296500913733,0.9158419488747368,0.963762974015753,47.897387551154814,383.1791004092385,0.04792102514101615
30.0,3.950038426818677,3.988769187967824,4.023913819885757,25.3779153187735,0.9151098764665104,0.963031400834299,47.86523025561389,382.9218420449111,0.047921524367788515
32.0,3.9472272272239723,3.986160197784729,4.021390110994148,25.40124822001945,0.9143778040582841,0.9622998276528449,47.83392237341675,382.671378987334,0.04792202359456088
34.0,3.944478201804374,3.9836183383724584,4.018935835286031,25.424288211930893,0.9136457316500577,0.9615682544713909,47.8034200604695,382.427360483756,0.04792252282133325
36.0,3.9417877904431533,3.9811401118737795,4.016547528701434,25.44702912556713,0.9129136592418313,0.9608366812899369,47.773681342485354,382.18945073988283,0.04792302204810561
38.0,3.939152587350886,3.978722169268101,4.014221874262333,25.46946556557836,0.912181586833605,0.9601051081084829,47.744666031217214,381.9573282497377,0.04792352127487798
40.0,3.9365693349709012,3.9763613037278724,4.011955695230653,25.491592862616198,0.9114495144253786,0.9593735349270289,47.71633564473447,381.73068515787577,0.047924020501650344
42.0,3.9340349182284573,3.9740544442978583,4.009745948579958,25.51340702821779,0.9107174420171522,0.9586419617455749,47.6886533315743,381.5092266525944,0.04792451972842271
44.0,3.931546359109031,3.971798649883771,4.007589718767441,25.534904712043474,0.9099853696089258,0.9579103885641209,47.66158379860525,381.292670388842,0.047925018955195076
46.0,3.929100811551422,3.969591103537358,4.005484211793469,25.556083161353545,0.9092532972006995,0.9571788153826669,47.6350932424483,381.0807459395864,0.04792551818196744
48.0,3.9266955566416963,3.967429107025581,4.003426749536544,25.576940182615076,0.9085212247924731,0.9564472422012129,47.60914928430697,380.8731942744558,0.04792601740873981
50.0,3.9243279980942165,3.965310075672089,4.001414764352192,25.59747410513487,0.9077891523842467,0.9557156690197589,47.58372090806507,380.66976726452054,0.04792651663551217
52.0,3.9219956580062325,3.963231533459654,3.9994457939248425,25.61768374661952,0.9070570799760204,0.9549840958383049,47.55877840151585,380.4702272121268,0.04792701586228454
54.0,3.9196961728726594,3.9611911083827547,3.99751747636232,25.637568380568197,0.906325007567794,0.9542525226568509,47.534293300593056,380.27434640474445,0.047927515089056905
56.0,3.9174272898477587,3.959186528039871,3.995627545523095,25.657127705408303,0.9055929351595676,0.9535209494753969,47.51023833647845,380.0819066918276,0.04792801431582927
58.0,3.9151868632405717,3.9572156154555422,3.9937738265669744,25.67636181528827,0.9048608627513413,0.9527893762939429,47.48658738546651,379.89269908373205,0.047928513542601636
60.0,3.912972851230965,3.955276285122563,3.991954231720361,25.695271172445935,0.9041287903431149,0.9520578031124889,47.46331542147075,379.706523371766,0.047929012769374
62.0,3.910783312793175,3.953366539255084,3.99016675624769,25.713856581074705,0.9033967179348885,0.9513262299310349,47.44039847106101,379.52318776848807,0.04792951199614637
64.0,3.9085848338530047,3.9514844642437197,3.9884094746211103,25.73211916261348,0.9026646455266621,0.9505946567495809,47.417813570924636,379.3425085673971,0.047930011222918734
66.0,3.906395057273195,3.949628227304055,3.986680536880864,25.750060332389733,0.9019325731184358,0.9498630835681269,47.395538727648656,379.16430982118925,0.0479305104496911
68.0,3.9042262241694488,3.94779607331025,3.9849781651792497,25.767681777548578,0.9012005007102094,0.9491315103866729,47.373552879723,378.988423037784,0.047931009676463465
70.0,3.9020769458712645,3.945986321805703,3.9833006505014104,25.784985436203772,0.900468428301983,0.9483999372052189,47.351835861668434,378.81468689334747,0.04793150890323583
72.0,3.8999459237897636,3.9441973641829535,3.981646349556578,25.801973477749712,0.8997363558937567,0.9476683640237649,47.330368370195444,378.64294696156355,0.0479320081300082
74.0,3.897831946724794,3.9424276610252798,3.980013681833714,25.818648284276332,0.8990042834855303,0.9469367908423109,47.30913193230336,378.47305545842687,0.04793250735678056
76.0,3.895733888247443,3.940675739602583,3.9784011268158426,25.835012433031615,0.8982722110773039,0.9462052176608569,47.288108875230996,378.30487100184797,0.04793300658355293
78.0,3.893650704146621,3.9389401915144013,3.9768072213476513,25.85106867987906,0.8975401386690776,0.9454736444794029,47.267282298172816,378.1382583853825,0.047933505810325294
80.0,3.8915814299289555,3.937219670473031,3.9752305571512205,25.86681994369995,0.8968080662608512,0.9447420712979488,47.246636045676375,377.973088365411,0.04793400503709766
82.0,3.8895251783616787,3.935512890219897,3.973669778485046,25.88226929169269,0.8960759938526248,0.9440104981164948,47.226154682638764,377.8092374611101,0.047934504263870026
84.0,3.8874811370489315,3.9338186225684524,3.97212357994169,25.89741992552373,0.8953439214443984,0.9432789249350408,47.20582347082143,377.64658776657143,0.04793500349064239
86.0,3.885448566032417,3.9321356955670406,3.9705907043797164,25.912275168286843,0.8946118490361721,0.9425473517535868,47.185628346804485,377.4850267744359,0.04793550271741476
88.0,3.8834267954081367,3.930462991775235,3.9690699409856887,25.926838452229493,0.8938797766279457,0.9418157785721328,47.165555901302824,377.3244472104226,0.04793600194418712
90.0,3.8814152229516043,3.928799446647316,3.9675601234622624,25.94111330720716,0.8931477042197193,0.9410842053906788,47.145593359767794,377.16474687814235,0.04793650117095949
92.0,3.879413311744746,3.9271440470166206,3.9660601283385146,25.95510334982821,0.892415631811493,0.9403526322092248,47.12572856419945,377.0058285135956,0.047937000397731855
94.0,3.8774205877985093,3.9254958296746185,3.9645688733988687,25.96881227325385,0.8916835594032666,0.9396210590277708,47.10594995609542,376.8475996487634,0.04793749962450422
96.0,3.875436637666021,3.9238538800386418,3.963085316227014,25.982243837619315,0.8909514869950402,0.9388894858463168,47.0862465604637,376.6899724837096,0.047937998851276586
98.0,3.8734611060420563,3.92221733090229,3.9616084528614146,25.99540186104413,0.8902194145868139,0.9381579126648628,47.06660797082748,376.5328637666198,0.04793849807804895
100.0,3.8714936933454394,3.9205853612626136,3.9601373165590155,26.00829021120084,0.8894873421785875,0.9374263394834088,47.04702433515136,376.3761946812109,0.04793899730482132
102.0,3.8695341532819434,3.9189571952182756,3.958670976663858,26.020912797413057,0.8887552697703611,0.9366947663019548,47.027486342619305,376.21989074095444,0.047939496531593684
104.0,3.8675822903861494,3.9173321009329514,3.957208537577352,26.033273563255126,0.8880231973621348,0.9359631931205008,47.00798521119542,376.06388168956335,0.04793999575836605
106.0,3.865637957541691,3.9157093896583497,3.955749137826948,26.045376479627038,0.8872911249539084,0.9352316199390468,46.988512675900196,375.90810140720157,0.047940494985138415
108.0,3.8637010534801743,3.9140884148112876,3.954291949229987,26.057225538279532,0.886559052545682,0.9345000467575928,46.96906097773545,375.7524878218836,0.04794099421191078
110.0,3.861771520260007,3.91246857109939,3.9528361761494533,26.06882474576551,0.8858269801374556,0.9337684735761388,46.94962285319268,375.59698282554143,0.04794149343868315
112.0,3.85984934072722,3.910849293690051,3.9513810548383232,26.080178117795086,0.8850949077292293,0.9330369003946848,46.930191524280616,375.4415321942449,0.04794199266545551
114.0,3.857934535961191,3.9092300574174352,3.9499258528691206,26.091289673972707,0.8843628353210029,0.9323053272132308,46.91076068900922,375.2860855120738,0.04794249189222788
116.0,3.8560271627089975,3.907610376022373,3.948469868645242,26.10216343289585,0.8836307629127765,0.9315737540317768,46.891324512268476,375.1305960981478,0.047942991119000244
118.0,3.854127310812835,3.9059898014201835,3.947012430990428,26.11280340759574,0.8828986905045502,0.9308421808503228,46.8718776170422,374.9750209363376,0.04794349034577261
120.0,3.8522351006356383,3.9043679229915433,3.9455528988127235,26.12321360130162,0.8821666180963238,0.9301106076688688,46.85241507589852,374.81932060718816,0.047943989572544976
122.0,3.8503453791308306,3.902744366891703,3.944229973531637,26.133398003510894,0.8814345456880974,0.9293790344874148,46.832932402700436,374.6634592216035,0.04794448879931734
124.0,3.8484008727087358,3.901118795373483,3.9430011016541275,26.143360586348418,0.8807024732798711,0.9286474613059608,46.813425544481795,374.50740435585436,0.04794498802608971
126.0,3.846459501207018,3.8994909061196705,3.941772650897689,26.153105301199048,0.8799704008716447,0.9279158881245068,46.79389087343605,374.3511269874884,0.04794548725286207
128.0,3.8445215298239352,3.897860431580611,3.9405440234622953,26.162636075598254,0.8792383284634183,0.9271843149430528,46.77432517896733,374.19460143173865,0.04794598647963444
130.0,3.842587256027011,3.8962271383129665,3.9393146385242894,26.171956810366513,0.878506256055192,0.9264527417615988,46.7547256597556,374.0378052780448,0.047946485706406805
132.0,3.8406570068755292,3.8945908263158455,3.9380839317350436,26.181071376973744,0.8777741836469656,0.9257211685801447,46.73508991579015,373.8807193263212,0.04794698493317917
134.0,3.8387311363027172,3.8929513283606947,3.9368513547795843,26.189983615120894,0.8770421112387392,0.9249895953986907,46.715415940328334,373.7233275226267,0.04794748415995154
136.0,3.8368100223673895,3.891308509311587,3.93561637499417,26.19869733052632,0.8763100388305128,0.9242580222172367,46.695702111739045,373.56561689391236,0.0479479833867239
138.0,3.834894064485571,3.8896622654327775,3.93437847504179,26.207216292905258,0.8755779664222865,0.9235264490357827,46.67594718519333,373.40757748154664,0.04794848261349627
140.0,3.832983680653282,3.888012523680629,3.93313715264458,26.215544234131333,0.8748458940140601,0.9227948758543287,46.656150284167545,373.24920227334036,0.047948981840268634
142.0,3.831079304672162,3.8863592409772996,3.9318919203721117,26.2236848465695,0.8741138216058337,0.9220633026728747,46.6363108917276,373.0904871338208,0.047949481067041
144.0,3.8291813833899813,3.884702403463819,3.930642305484486,26.23164178157047,0.8733817491976074,0.9213317294914207,46.61642884156583,372.9314307325266,0.047949980293813366
146.0,3.827290373968289,3.8830420257304645,3.92938784982912,26.23941864811708,0.872649676789381,0.9206001563099667,46.596504308765574,372.7720344701246,0.04795047952058573
148.0,3.8254067411895374,3.881378150022655,3.92812810979005,26.247019011613627,0.8719176043811546,0.9198685831285127,46.57653780027186,372.61230240217486,0.0479509787473581
150.0,3.823530954815925,3.879710845420828,3.9268626562884776,26.254446392809612,0.8711855319729283,0.9191370099470587,46.55653014504993,372.45224116039947,0.04795147797413046
152.0,3.82166348701195,3.878040206993092,3.925591074833229,26.261704266849762,0.8704534595647019,0.9184054367656047,46.536482483917105,372.29185987133684,0.04795197720090283
154.0,3.819804809842342,3.876366354919735,3.9243129656196487,26.26879606244268,0.8697213871564755,0.9176738635841507,46.51639625903682,372.13117007229454,0.047952476427675195
156.0,3.8179553928564713,3.874689433588961,3.923027943675348,26.275725161140794,0.8689893147482491,0.9169422904026967,46.49627320306753,371.97018562454025,0.04795297565444756
158.0,3.8161157007697515,3.873009610663541,3.9217356390510663,26.282494896724735,0.8682572423400228,0.9162107172212427,46.476115327962496,371.80892262369997,0.047953474881219926
160.0,3.814286191251746,3.871327076118369,3.920435697054769,26.28910855468553,0.8675251699317964,0.9154791440397887,46.455924913420425,371.6473993073634,0.04795397410799229
162.0,3.8124673128299027,3.869642041249191,3.9191277785269176,26.295569371798457,0.86679309752357,0.9147475708583347,46.43570449499029,371.4856359599223,0.04795447333476466
164.0,3.8106595029168226,3.8679547376531143,3.9178115601546586,26.301880535782665,0.8660610251153437,0.9140159976768807,46.41545685183737,371.32365481469895,0.047954972561537024
166.0,3.8088631859680175,3.8662654161817467,3.916486734822496,26.308045185040953,0.8653289527071173,0.9132844244954267,46.39518499418096,371.16147995344767,0.04795547178830939
168.0,3.8070787717759815,3.8645743458681463,3.9151530119967894,26.3140664084745,0.8645968802988909,0.9125528513139727,46.37489215041776,370.99913720334206,0.047955971015081755
170.0,3.8053066539053626,3.86288181282902,3.9138101181411935,26.319947245367455,0.8638648078906646,0.9118212781325187,46.35458175394824,370.8366540315859,0.04795647024185412
172.0,3.8035472082727786,3.861188119143869,3.9124577971599432,26.325690685336756,0.8631327354824382,0.9110897049510647,46.33425742972643,370.6740594378114,0.04795696946862649
174.0,3.8018007918737724,3.8594935817130764,3.911095810865637,26.331299668342627,0.8624006630742118,0.9103581317696107,46.31392298055692,370.51138384445534,0.04795746869539885
176.0,3.8000677416582067,3.8577985310971257,3.9097239394679257,26.33677708475556,0.8616685906659854,0.9096265585881567,46.293582373165506,370.34865898532405,0.04795796792217122
178.0,3.7983483735542847,3.8561033103394142,3.9083419820793055,26.34212577547576,0.8609365182577591,0.9088949854067027,46.27323972407297,370.1859177925838,0.047958467148943584
180.0,3.796642981640315,3.85440827377532,3.906949757233913,26.347348532101268,0.8602044458495327,0.9081634122252487,46.25289928530384,370.0231942824307,0.04795896637571595
182.0,3.7949518374623086,3.85271378583038,3.9055471034150493,26.352448097141192,0.8594723734413063,0.9074318390437947,46.23256542996456,369.8605234397165,0.047959465602488316
184.0,3.7932751894944907,3.851020219810622,3.904133879586875,26.35742716427065,0.85874030103308,0.9067002658623406,46.21224263772746,369.6979411018197,0.04795996482926068
186.0,3.79161326273893,3.8493279566882452,3.902709965725525,26.362288378624243,0.8580082286248536,0.9059686926808866,46.19193548025894,369.5354838420715,0.04796046405603305
188.0,3.7899662584596765,3.8476373838859868,3.901275263344689,26.367034337125027,0.8572761562166272,0.9052371194994326,46.17164860663184,369.3731888530547,0.04796096328280541
190.0,3.788334354045992,3.8459488940636213,3.899829696010493,26.371667588846144,0.8565440838084009,0.9045055463179786,46.151386728763455,369.21109383010764,0.04796146250957778
192.0,3.7867177029986783,3.8442628839101247,3.898373209840381,26.37619063540243,0.8558120114001745,0.9037739731365246,46.1311546069215,369.049236855372,0.047961961736350145
194.0,3.785116435032867,3.842579752945112,3.8969057739805426,26.38060593136945,0.8550799389919481,0.9030423999550706,46.11095703534134,368.88765628273075,0.04796246096312251
196.0,3.7835306562902375,3.840899902333183,3.8954273810563116,26.384915884727558,0.8543478665837217,0.9023108267736166,46.0907988279982,368.7263906239856,0.047962960189894877
198.0,3.7819604496531696,3.839223733714825,3.8939380475899257,26.389122857328797,0.8536157941754954,0.9015792535921626,46.0706848045779,368.5654784366232,0.04796345941666724
200.0,3.7804058751531233,3.8375516480575116,3.8924378143799494,26.393229165384405,0.852883721767269,0.9008476804107086,46.05061977669014,368.4049582135211,0.04796395864343961
202.0,3.778866970465271,3.835884044530593,3.8909267468367275,26.39723707997104,0.8521516493590426,0.9001161072292546,46.03060853436712,368.24486827493695,0.047964457870211974
204.0,3.7773437514813435,3.8342213194074914,3.889404935268239,26.40114882755375,0.8514195769508163,0.8993845340478006,46.010655832889896,368.08524666311916,0.04796495709698434
206.0,3.7758362129525924,3.8325638649986526,3.887872495110855,26.404966590523998,0.8506875045425899,0.8986529608663466,45.99076637998383,367.92613103987065,0.047965456323756706
208.0,3.7743443291947925,3.8309120686185345,3.8863295670996516,26.408692507751,0.8499554321343635,0.8979213876848926,45.970944823422414,367.7675585873793,0.04796595555052907
210.0,3.772868054847357,3.829266311589818,3.8847763173731176,26.41232867514488,0.8492233597261372,0.8971898145034386,45.95119573907782,367.60956591262254,0.04796645477730144
212.0,3.7714073256787777,3.8276269682878223,3.8832129375074076,26.415877146230144,0.8484912873179108,0.8964582413219846,45.93152361945387,367.45218895563096,0.0479669540040738
214.0,3.769962059430835,3.825994405227926,3.8816396444755377,26.41933993272807,0.8477592149096844,0.8957266681405306,45.911932862735114,367.2954629018809,0.04796745323084617
216.0,3.7685321566943033,3.8243689801985856,3.880056680527383,26.422719005146778,0.847027142501458,0.8949950949590766,45.89242776238303,367.13942209906423,0.047967952457618535
218.0,3.767117501809181,3.8227510414423076,3.878464312986693,26.426016293377707,0.8462950700932317,0.8942635217776226,45.87301249730769,366.98409997846153,0.0479684516843909
220.0,3.765717963782843,3.8211409268866787,3.876862833961886,26.429233687297423,0.8455629976850053,0.8935319485961686,45.85369112264014,366.82952898112114,0.047968950911163266
222.0,3.7643333972198696,3.8195389634273162,3.875252559967873,26.432373037373647,0.8448309252767789,0.8928003754147146,45.834467561127795,366.67574048902236,0.04796945013793563
224.0,3.7629636432577303,3.8179454662642933,3.8736338314568077,26.435436155274534,0.8440988528685526,0.8920688022332606,45.81534559517152,366.5227647613722,0.047969949364708
226.0,3.761608530502895,3.816360738293355,3.8720070122562458,26.43842481448027,0.8433667804603262,0.8913372290518066,45.79632885952026,366.37063087616207,0.047970448591480364
228.0,3.760267875962377,3.8147850695529004,3.8703724889138815,26.441340750896146,0.8426347080520998,0.8906056558703526,45.7774208346348,366.2193666770784,0.04797094781825273
230.0,3.7589414859661656,3.8132187367274724,3.868730669948761,26.44418566346622,0.8419026356438735,0.8898740826888986,45.75862484072967,366.06899872583733,0.047971447045025095
232.0,3.757629157076379,3.8116620027081503,3.867081985009593,26.446961214786956,0.8411705632356471,0.8891425095074446,45.7399440324978,365.9195522599824,0.04797194627179746
234.0,3.756330676979464,3.8101151162099782,3.8654268839415025,26.44966903171997,0.8404384908274207,0.8884109363259906,45.72138139451974,365.7710511561579,0.04797244549856983
236.0,3.755045825358127,3.808578311446271,3.863765835763402,26.45231070600339,0.8397064184191944,0.8876793631445365,45.70293973735525,365.623517898842,0.04797294472534219
238.0,3.7537743747401264,3.807051807859356,3.8620993275588904,26.454887794861126,0.838974346010968,0.8869477899630825,45.68462169431227,365.47697355449816,0.04797344395211456
240.0,3.752516091321408,3.805535809907035,3.8604278632843174,26.457401821609515,0.8382422736027416,0.8862162167816285,45.66642971888442,365.3314377510754,0.047973943178886924
242.0,3.7512707357614814,3.8040305069038056,3.8587519624984927,26.459854276260863,0.8375102011945152,0.8854846436001745,45.64836608284567,365.18692866276535,0.04797444240565929
244.0,3.7500380639492614,3.8025360729156095,3.857072159019155,26.46224661612335,0.8367781287862889,0.8847530704187205,45.630432874987314,365.0434629998985,0.047974941632431656
246.0,3.7488178277379327,3.8010526667066795,3.8553889995120323,26.464580266396887,0.8360460563780625,0.8840214972372665,45.612632000480154,364.90105600384123,0.04797544085920402
248.0,3.7476097756477356,3.7995804317368216,3.8537030420190317,26.466856620764535,0.8353139839698361,0.8832899240558125,45.59496518084186,364.7597214467349,0.04797594008597639
250.0,3.746413653535829,3.7981194962072706,3.85201485443256,26.469077041979073,0.8345819115616098,0.8825583508743585,45.57743395448725,364.619471635898,0.04797643931274875
252.0,3.7452292052326834,3.796669973153105,3.850325012923662,26.471242862444416,0.8338498391533834,0.8818267776929045,45.56003967783726,364.4803174226981,0.04797693853952112
254.0,3.7440561731446853,3.7952319605800255,3.848634100332018,26.473355384791546,0.833117766745157,0.8810952045114505,45.54278352696031,364.34226821568245,0.047977437766293485
256.0,3.7428942988228786,3.79380554164319,3.8469427045262683,26.47541588244869,0.8323856943369307,0.8803636313299965,45.525666499718284,364.20533199774627,0.04797793699306585
258.0,3.741743323497951,3.7923907848656664,3.8452514167434786,26.477425600205482,0.8316536219287043,0.8796320581485425,45.508689418387995,364.06951534710396,0.047978436219838216
260.0,3.740602988581765,3.790987744393975,3.843560829916717,26.479385754770867,0.8309215495204779,0.8789004849670885,45.491852932727696,363.93482346182157,0.04797893544661058
262.0,3.739473036135909,3.7895964602881453,3.841871536999931,26.481297535324565,0.8301894771122516,0.8781689117856345,45.475157523457746,363.80126018766197,0.04797943467338295
264.0,3.73835320930786,3.788216958843608,3.8401841292992733,26.483162104061876,0.8294574047040252,0.8774373386041805,45.458603506123296,363.66882804898637,0.047979933900155314
266.0,3.7372432527354857,3.7868492529422633,3.8384991948200935,26.484980596731692,0.8287253322957988,0.8767057654227265,45.44219103530716,363.5375282824573,0.04798043312692768
268.0,3.7361429129207324,3.7854933424300197,3.836817316638553,26.48675412316755,0.8279932598875724,0.8759741922412725,45.42592010916024,363.4073608732819,0.047980932353700045
270.0,3.73505193857341,3.7841492145181177,3.835139071306733,26.488483767811594,0.8272611874793461,0.8752426190598185,45.40979057421741,363.2783245937393,0.04798143158047241
272.0,3.7339700809260763,3.7828168442055574,3.833465027299678,26.490170590231358,0.8265291150711197,0.8745110458783645,45.39380213046669,363.1504170437335,0.04798193080724478
274.0,3.7328970940210757,3.7814961947200048,3.8317957435125374,26.491815625629258,0.8257970426628933,0.8737794726969105,45.37795433664006,363.02363469312047,0.04798243003401714
276.0,3.731832734970845,3.780187217974584,3.8301317678154443,26.493419885344707,0.825064970254667,0.8730478995154565,45.36224661569501,362.89797292556005,0.04798292926078951
278.0,3.7307767641926097,3.7788898550380305,3.8284736356732587,26.494984357348805,0.8243328978464406,0.8723163263340025,45.346678260456365,362.7734260836509,0.047983428487561874
280.0,3.7297289456186546,3.777604036615765,3.8268218688367415,26.496510006731533,0.8236008254382142,0.8715847531525485,45.33124843938918,362.6499875151134,0.04798392771433424
282.0,3.728689046883316,3.776329683539512,3.825176974111051,26.497997776181435,0.8228687530299879,0.8708531799710945,45.31595620247415,362.5276496197932,0.047984426941106606
284.0,3.727656839487913,3.775066707263203,3.823539442206799,26.49944858645773,0.8221366806217615,0.8701216067896405,45.30080048715843,362.40640389726747,0.04798492616787897
286.0,3.726632098944765,3.7738150103629793,3.82190974667817,26.500863336854852,0.8214046082135351,0.8693900336081865,45.28578012435575,362.286240994846,0.04798542539465134
288.0,3.7256146049014824,3.7725744870392517,3.820288342951892,26.502242905659404,0.8206725358053087,0.8686584604267324,45.27089384447102,362.16715075576815,0.0479859246214237
290.0,3.7246041412466844,3.771345023618841,3.8186756674500497,26.503588150599548,0.8199404633970824,0.8679268872452784,45.25614028342609,362.04912226740873,0.04798642384819607
292.0,3.7236004961982627,3.770126499055387,3.8170721368090255,26.50489990928679,0.819208390988856,0.8671953140638244,45.24151798866465,361.9321439093172,0.047986923074968435
294.0,3.7226034623753184,3.768918785426292,3.8154781471960417,26.50617899965026,0.8184763185806296,0.8664637408823704,45.22702542511551,361.81620340092405,0.0479874223017408
296.0,3.7216128368548325,3.767721748424613,3.8138940737240787,26.50742622036339,0.8177442461724033,0.8657321677009164,45.212660981095354,361.70128784876283,0.04798792152851317
298.0,3.7206284212141276,3.7665352478444194,3.8123202699651793,26.50864235126317,0.8170121737641769,0.8650005945194624,45.19842297413303,361.58738379306425,0.04798842075528553
300.0,3.7196500215601302,3.765359138058271,3.810757067561481,26.509828153761905,0.8162801013559505,0.8642690213380084,45.184309656699256,361.47447725359405,0.0479889199820579
302.0,3.7186774485463983,3.764193268485578,3.8092047759326437,26.510984371251556,0.8155480289477242,0.8635374481565544,45.17031922182694,361.3625537746155,0.047989419208830264
304.0,3.7177105173788663,3.763037484050718,3.807663682077707,26.512111729500734,0.8148159565394978,0.8628058749751004,45.15644980860861,361.2515984688689,0.04798991843560263
306.0,3.716749047811196,3.761891625629931,3.806134050468861,26.51321093704437,0.8140838841312714,0.8620743017936464,45.14269950755917,361.1415960604734,0.047990417662374996
308.0,3.71579286413058,3.760755530486089,3.8046161230340583,26.51428268556614,0.813351811723045,0.8613427286121924,45.12906636583307,361.03253092666455,0.04799091688914736
310.0,3.71484179513484,3.7596290326905693,3.8031101192249395,26.51532765027372,0.8126197393148187,0.8606111554307384,45.11554839228683,360.92438713829466,0.04799141611591973
312.0,3.7138956741015625,3.758511963531563,3.801616236166109,26.516346490266876,0.8118876669065923,0.8598795822492844,45.10214356237876,360.81714849903005,0.04799191534269209
314.0,3.712954338750042,3.75740415190825,3.800134648881464,26.517339848898573,0.8111555944983659,0.8591480090678304,45.088849822899,360.710798583192,0.04799241456946446
316.0,3.712017631196697,3.7563054247103724,3.798665510592927,26.518308354129047,0.8104235220901396,0.8584164358863764,45.07566509652447,360.60532077219574,0.047992913796236825
318.0,3.7110853979046357,3.755215607182817,3.797208953086732,26.51925261887302,0.8096914496819132,0.8576848627049224,45.0625872861938,360.5006982895504,0.04799341302300919
320.0,3.71015748962798,3.754134523274937,3.7957650871421995,26.52017324134008,0.8089593772736868,0.8569532895234684,45.04961427929924,360.39691423439393,0.047993912249781556
322.0,3.7092337613515345,3.7530619959743867,3.7943340030177803,26.52107080536834,0.8082273048654605,0.8562217163420144,45.03674395169264,360.29395161354114,0.04799441147655392
324.0,3.7083140722263415,3.7519978476253577,3.792915770989109,26.521945880751435,0.8074952324572341,0.8554901431605604,45.02397417150429,360.19179337203434,0.04799491070332629
326.0,3.7073982855016308,3.750941900231139,3.791510441933723,26.522799023558964,0.8067631600490077,0.8547585699791064,45.01130280277367,360.09042242218936,0.047995409930098654
328.0,3.7064862684536433,3.7498939757410397,3.7901180479571512,26.52363077645044,0.8060310876407814,0.8540269967976524,44.998727708892474,359.9898216711398,0.04799590915687102
330.0,3.705577892311773,3.74885389632172,3.788738603055098,26.52444166898286,0.805299015232555,0.8532954236161984,44.98624675586064,359.88997404688513,0.047996408383643385
332.0,3.70467303218243,3.747821484613086,3.7873721038065726,26.525232217911988,0.8045669428243286,0.8525638504347444,44.973857815357036,359.7908625228563,0.04799690761041575
334.0,3.703771566971026,3.7467965639689145,3.7860185300929308,26.52600292748741,0.8038348704161022,0.8518322772532904,44.961558767626975,359.6924701410158,0.04799740683718812
336.0,3.7028733793024062,3.7457789586824433,3.7846778458379267,26.52675428974149,0.8031027980078759,0.8511007040718364,44.94934750418932,359.59478003351455,0.04799790606396048
338.0,3.7019783554400867,3.7447684941972095,3.7833499997641233,26.527486784772286,0.8023707255996495,0.8503691308903824,44.93722193036651,359.4977754429321,0.04799840529073285
340.0,3.7010863852045754,3.74376499730343,3.7820349261611512,26.528200881020556,0.8016386531914231,0.8496375577089283,44.925179967641164,359.4014397411293,0.047998904517505214
342.0,3.700197361891061,3.742768296320289,3.780732545661586,26.52889703554091,0.8009065807831968,0.8489059845274743,44.91321955584347,359.30575644674775,0.04799940374427758
344.0,3.699311182186725,3.7417782212644894,3.779442766020439,26.52957569426724,0.8001745083749704,0.8481744113460203,44.90133865517387,359.210709241391,0.047999902971049946
346.0,3.6984277460879023,3.74079460400548,3.7781654828945097,26.53023729227246,0.799442435966744,0.8474428381645663,44.88953524806576,359.1162819845261,0.04800040219782231
348.0,3.6975469568173094,3.739817278407775,3.7769005806181193,26.530882254022742,0.7987103635585177,0.8467112649831123,44.8778073408933,359.0224587271464,0.04800090142459468
350.0,3.6966687207415196,3.7388460804608035,3.7756479329720314,26.531510993626252,0.7979782911502913,0.8459796918016583,44.86615296552964,358.92922372423715,0.04800140065136704
352.0,3.6957929472888793,3.7378808483967507,3.7744074039426057,26.532123915076532,0.7972462187420649,0.8452481186202043,44.85457018076101,358.83656144608807,0.04800189987813941
354.0,3.694919548867993,3.736921422796838,3.7731788484685227,26.532721412490606,0.7965141463338385,0.8445165454387503,44.84305707356206,358.74445658849646,0.048002399104911775
356.0,3.6940484407869474,3.7359676466865377,3.771962113172702,26.533303870341896,0.7957820739256122,0.8437849722572963,44.83161176023845,358.6528940819076,0.04800289833168414
358.0,3.693179541173378,3.73501936562018,3.7707570370772636,26.53387166368806,0.7950500015173858,0.8430533990758423,44.82023238744216,358.5618590995373,0.048003397558456506
360.0,3.6923127708955046,3.7340764277554452,3.7695634522996664,26.53442515839381,0.7943179291091594,0.8423218258943883,44.80891713306534,358.47133706452274,0.04800389678522887
362.0,3.691448053484223,3.7331386839182152,3.7683811847284074,26.53496471134884,0.7935858567009331,0.8415902527129343,44.797664207018585,358.3813136561487,0.04800439601200124
364.0,3.6905853150563535,3.7322059876582703,3.7672100546768816,26.535490670680947,0.7928537842927067,0.8408586795314803,44.78647185189924,358.29177481519395,0.048004895238773604
366.0,3.6897244842391075,3.7312781952962957,3.76604987751425,26.53600337596437,0.7921217118844803,0.8401271063500263,44.775338343555546,358.20270674844437,0.04800539446554597
368.0,3.6888654920958537,3.7303551659626795,3.764900464272381,26.53650315842356,0.791389639476254,0.8393955331685723,44.764261991552154,358.11409593241723,0.048005893692318335
370.0,3.6880082720532226,3.729436761628559,3.7639118725986616,26.53699034113235,0.7906575670680276,0.8386639599871183,44.75324113954271,358.0259291163417,0.0480063929190907
372.0,3.6871527598296145,3.7285228471295646,3.762952787779957,26.53746523920867,0.7899254946598012,0.8379323868056643,44.742274165554775,357.9381933244382,0.04800689214586307
374.0,3.6862988933651413,3.727613290182712,3.7619996176920503,26.537928160004913,0.7891934222515748,0.8372008136242103,44.731359482192545,357.85087585754036,0.04800739137263543
376.0,3.6854466127530308,3.726707961396878,3.761052189298026,26.53837940329395,0.7884613498433485,0.8364692404427563,44.720495536762535,357.7639642941003,0.0480078905994078
378.0,3.6845958601725295,3.7258067342772687,3.760110333147404,26.538819261450993,0.7877292774351221,0.8357376672613023,44.709680811327225,357.6774464906178,0.048008389826180164
380.0,3.683746579823312,3.724909485224302,3.759173883408756,26.53924801963131,0.7869972050268957,0.8350060940798483,44.69891382269162,357.591310581533,0.04800888905295253
382.0,3.6828987178614248,3.7240160935272932,3.758242677892404,26.539665955943885,0.7862651326186694,0.8342745208983943,44.68819312232752,357.50554497862015,0.048009388279724896
384.0,3.6820522223367522,3.7231264413533256,3.757316558063897,26.540073341621135,0.785533060210443,0.8335429477169403,44.677517296239905,357.42013836991924,0.04800988750649726
386.0,3.6812070431320296,3.722240413731674,3.7563953690489833,26.540470441184738,0.7848009878022166,0.8328113745354863,44.66688496478009,357.3350797182407,0.04801038673326963
388.0,3.68036313190339,3.721357898534134,3.7554789596307203,26.54085751260765,0.7840689153939903,0.8320798013540323,44.65629478240961,357.2503582592769,0.048010885960041993
390.0,3.6795204420224463,3.7204787864515994,3.7545671822393643,26.54123480747242,0.7833368429857639,0.8313482281725783,44.645745437419194,357.16596349935355,0.04801138518681436
392.0,3.678678928519894,3.719602970967198,3.753659892935641,26.54160257112582,0.7826047705775375,0.8306166549911242,44.63523565160637,357.081885212851,0.048011884413586725
394.0,3.677838548030635,3.718730348326313,3.752756951387961,26.54196104282994,0.7818726981693112,0.8298850818096702,44.62476417991576,356.99811343932606,0.04801238364035909
396.0,3.6769992587403943,3.7178608175037713,3.751858220844141,26.542310455909753,0.7811406257610848,0.8291535086282162,44.614329810045255,356.91463848036204,0.04801288286713146
398.0,3.6761610203338324,3.716994280168478,3.750963568098117,26.542651037897286,0.7803681492984296,0.8284219354467622,44.60393136202173,356.83145089617386,0.04805378614833267
400.0,3.6753237939441123,3.7161306406457686,3.7500728634521607,26.542983010672412,0.779595538659275,0.8276903622653082,44.59356768774922,356.74854150199377,0.04809482360603323
402.0,3.6744875421039223,3.715269805877727,3.7491859806750423,26.543306590600363,0.7788229280201204,0.8269587890838542,44.583237670532725,356.6659013642618,0.0481358610637338
404.0,3.6736522286979194,3.7144116853817035,3.7483027969565663,26.54362198866605,0.7780503173809659,0.8262272159024002,44.57294022458044,356.58352179664354,0.048176898521434364
406.0,3.672817818916574,3.7135561912072568,3.7474231928589012,26.543929410605223,0.7772777067418113,0.8254956427209462,44.56267429448708,356.50139435589665,0.04821793597913493
408.0,3.6719842792113937,3.7127032378917355,3.746547052265061,26.544229057032556,0.7765050961026567,0.8247640695394922,44.552438854700824,356.4195108376066,0.048258973436835495
410.0,3.6711515772514995,3.7118527424146883,3.7456742623249077,26.544521123566728,0.7757324854635022,0.8240324963580382,44.54223290897626,356.3378632718101,0.04830001089453606
412.0,3.67031968188152,3.71100462415129,3.7448047133989975,26.54480580095256,0.7749598748243476,0.8233009231765842,44.532055489815484,356.25644391852387,0.048341048352236626
414.0,3.669488563080791,3.7101588048249656,3.7439382990005834,26.545083275180264,0.774187264185193,0.8225693499951302,44.52190565789959,356.1752452631967,0.04838208580993719
416.0,3.668658191923828,3.7093152084593513,3.743074915736059,26.54535372760189,0.7734146535460384,0.8218377768136762,44.511782501512215,356.0942600120977,0.04842312326763776
418.0,3.6678285405420263,3.70847376132977,3.7422144632441046,26.545617335044987,0.7726420429068839,0.8211062036322222,44.50168513595724,356.0134810876579,0.04846416072533832
420.0,3.6669995820865897,3.707634391914338,3.741356844133796,26.545874269923623,0.7718694322677293,0.8203746304507682,44.491612702972056,355.93290162377644,0.04850519818303889
422.0,3.666171290692636,3.7067970308448444,3.740501963921883,26.546124700346702,0.7710968216285747,0.8196430572693142,44.48156437013813,355.85251496110504,0.048546235640739455
424.0,3.665343641444464,3.7059616108575195,3.7396497309694716,26.546368790223763,0.7703242109894202,0.8189114840878602,44.471539330290234,355.7723146423219,0.04858727309844002
426.0,3.664516610341936,3.705128066743795,3.738800056418281,26.546606699368226,0.7695516003502656,0.8181799109064062,44.46153680092554,355.69229440740435,0.048628310556140586
428.0,3.663690174267973,3.7042963353011746,3.737952854126668,26.546838583598188,0.768778989711111,0.8174483377249522,44.451556023614096,355.61244818891277,0.04866934801384115
430.0,3.6628643109571084,3.7034663552842826,3.7371080406055754,26.547064594834804,0.7680063790719565,0.8167167645434982,44.44159626341139,355.5327701072911,0.04871038547154172
432.0,3.6620389989650874,3.7026380673561996,3.7362655349545544,26.54728488119833,0.7672337684328019,0.8159851913620442,44.4316568082744,355.4532544661952,0.04875142292924228
434.0,3.661214217639474,3.701811414040149,3.7354252587979917,26.547499587101832,0.7664611577936473,0.8152536181805902,44.42173696848179,355.3738957478543,0.04879246038694285
436.0,3.6603899470912524,3.700986339671603,3.7345871362216743,26.547708853342694,0.7656885471544927,0.8145220449991362,44.41183607605924,355.2946886084739,0.048833497844643414
438.0,3.6595661681673666,3.7001627903508756,3.733751093709793,26.54791281719188,0.7649159365153382,0.8137904718176822,44.40195348421051,355.21562787368407,0.04887453530234398
440.0,3.6587428624242104,3.6993407138962637,3.7329170600824857,26.54811161248108,0.7641433258761836,0.8130588986362282,44.39208856675516,355.1367085340413,0.048915572760044546
442.0,3.657920012102001,3.6985200597977776,3.7320849664340194,26.548305369687757,0.763370715237029,0.8123273254547742,44.38224071757333,355.05792574058665,0.04895661021774511
444.0,3.6570976001000424,3.6977007791715093,3.731254746071679,26.548494216018117,0.7625981045978745,0.8115957522733201,44.37240935005811,354.9792748004649,0.04899764767544568
446.0,3.656275609952827,3.6968828247146877,3.7304263344554465,26.54867827548811,0.7618254939587199,0.8108641790918661,44.36259389657625,354.90075117261,0.04903868513314624
448.0,3.655454025806962,3.696066150661433,3.729599669138516,26.548857669002444,0.7610528833195653,0.8101326059104121,44.352793807937196,354.82235046349757,0.04907972259084681
450.0,3.6546328323989092,3.695250712739277,3.728774689708727,26.549032514431705,0.7602802726804108,0.8094010327289581,44.343008552871325,354.7440684229706,0.049120760048547374
452.0,3.6538120150334747,3.6944364681264332,3.727951337730935,26.5492029266876,0.7595076620412562,0.8086694595475041,44.3332376175172,354.6659009401376,0.04916179750624794
454.0,3.652991559563067,3.6936233754098744,3.727129556690379,26.549369017796383,0.7587350514021016,0.8079378863660501,44.32348050491849,354.58784403934794,0.049202834963948505
456.0,3.652171452367673,3.692811394544217,3.726309291937082,26.54953089697049,0.757962440762947,0.8072063131845961,44.31373673453061,354.50989387624486,0.04924387242164907
458.0,3.651351680335541,3.69200048681143,3.7254904906313002,26.54968867067844,0.7571898301237925,0.8064747400031421,44.30400584173716,354.43204673389727,0.049284909879349637
460.0,3.6505322308445387,3.6911906147813887,3.7246731016900605,26.549842442713015,0.7564172194846379,0.8057431668216881,44.29428737737666,354.3542990190133,0.0493259473370502
462.0,3.6497130917441782,3.6903817422732743,3.7238570757348,26.54999231425782,0.7556446088454833,0.8050115936402341,44.28458090727929,354.27664725823433,0.04936698479475077
464.0,3.648894251338268,3.689573834317826,3.723042365040118,26.550138383952188,0.7548719982063288,0.8042800204587801,44.27488601181391,354.1990880945113,0.049408022252451334
466.0,3.6480756983681926,3.6887668571204544,3.7222289234836627,26.5502807479545,0.7540993875671742,0.8035484472773261,44.265202285445454,354.12161828356363,0.0494490597101519
468.0,3.64725742199678,3.6879607780252166,3.721416706497154,26.550419500003976,0.7533267769280196,0.8028168740958721,44.2555293363026,354.0442346904208,0.049490097167852465
470.0,3.6464394117927497,3.687155565479649,3.7206056710185424,26.55055473148095,0.7525541662888651,0.8020853009144181,44.24586678575579,353.9669342860463,0.04953113462555303
472.0,3.645621657715711,3.6863511890004586,3.7197957754453137,26.550686531465665,0.7517815556497105,0.8013537277329641,44.236214268005504,353.88971414404404,0.049572172083253596
474.0,3.644804150101716,3.685547619140072,3.718986979588936,26.550814986795633,0.7510089450105559,0.8006221545515101,44.22657142968086,353.8125714374469,0.04961320954095416
476.0,3.643986879649312,3.6847448274540278,3.7181792446304387,26.55094018212158,0.7502363343714014,0.7998905813700561,44.216937929448335,353.7355034355867,0.04965424699865473
478.0,3.643169837406112,3.6839427864692174,3.717372533077125,26.551062199962036,0.7494637237322468,0.7991590081886021,44.20731343763061,353.6585075010449,0.04969528445635529
480.0,3.6423530147558436,3.683141469652956,3.7165668087204073,26.55118112075657,0.7486911130930922,0.7984274350071481,44.197697635835475,353.5815810866838,0.04973632191405586
482.0,3.641536403405871,3.6823408513828766,3.7157620365947497,26.551297022917726,0.7479185024539377,0.7976958618256941,44.18809021659452,353.50472173275614,0.049777359371756424
484.0,3.640719995375165,3.681540906917645,3.7149581829377163,26.551409982881665,0.7471458918147831,0.7969642886442401,44.17849088301174,353.4279270640939,0.04981839682945699
486.0,3.639903782982716,3.680741612368474,3.714155215151101,26.55152007515759,0.7463732811756285,0.7962327154627861,44.16889934842169,353.3511947873735,0.049859434287157556
488.0,3.6390877588363626,3.679942944671431,3.7133531017631336,26.55162737237593,0.7456006705364739,0.7955011422813321,44.15931533605717,353.27452268845735,0.04990047174485812
490.0,3.6382719158220334,3.6791448815605228,3.7125518123917423,26.55173194533534,0.7448280598973194,0.7947695690998781,44.14973857872627,353.1979086298102,0.04994150920255869
492.0,3.6374562470933784,3.678347401541552,3.7117513177088477,26.551833863048564,0.7440554492581648,0.794037995918424,44.14016881849862,353.121350547989,0.04998254666025925
494.0,3.636640746061782,3.677550483866719,3.7109515894056933,26.55193319278712,0.7432828386190102,0.79330642273697,44.130605806400624,353.044846451205,0.05002358411795982
496.0,3.6358254063867377,3.6767541085099693,3.7101526001591694,26.552030000124944,0.7425102279798557,0.792574849555516,44.12104930211963,352.96839441695704,0.050064621575660384
498.0,3.635010221966584,3.675958256143062,3.7093543235991255,26.552124348980886,0.7417376173407011,0.791843276374062,44.11149907371674,352.89199258973395,0.05010565903336095
500.0,3.6341951869295714,3.675162908112345,3.708556734276649,26.55221630166022,0.7409650067015465,0.791111703192608,44.10195489734814,352.81563917878515,0.050146696491061515
502.0,3.6333802956252663,3.6743680464162334,3.7077598076332925,26.552305918895087,0.740192396062392,0.790380130011154,44.0924165569948,352.7393324559584,0.05018773394876208
504.0,3.6325655426162644,3.673573653683355,3.7069635199712203,26.552393259883946,0.7394197854232374,0.7896485568297,44.08288384420026,352.6630707536021,0.05022877140646265
506.0,3.6317509226702165,3.672779713151375,3.7061678484242706,26.55247838233005,0.7386471747840828,0.788916983648246,44.0733565578165,352.586852462532,0.05026980886416321
508.0,3.630936430752143,3.6719862086464565,3.7053727709298934,26.55256134247898,0.7378745641449282,0.788185410466792,44.06383450375748,352.5106760300598,0.05031084632186378
510.0,3.630122062017037,3.671193124563361,3.704578266201963,26.552642195155215,0.7371019535057737,0.787453837285338,44.05431749476033,352.43453995808267,0.050351883779564344
512.0,3.6293078118027378,3.670400445846172,3.7037843137044257,26.55272099379783,0.7363293428666191,0.786722264103884,44.044805350154064,352.3584428012325,0.05039292123726491
514.0,3.6284936756230706,3.669608157969609,3.702990893625776,26.552797790495294,0.7355567322274645,0.78599069092243,44.03529789563531,352.2823831650825,0.050433958694965475
516.0,3.627679649161241,3.668816246920945,3.7021979868543378,26.552872636019398,0.73478412158831,0.785259117740976,44.02579496305134,352.2063597044107,0.05047499615266604
518.0,3.626865728263469,3.6680246991824816,3.7014055749543235,26.552945579858346,0.7340115109491554,0.784527544559522,44.01629639018978,352.13037112151824,0.050516033610366606
520.0,3.626051908932873,3.667233501714596,3.7006136401426595,26.553016670249022,0.7332389003100008,0.783795971378068,44.00680202057515,352.0544161646012,0.05055707106806717
522.0,3.6252381873235606,3.6664426419393217,3.69982216526655,26.55308595420846,0.7324662896708463,0.783064398196614,43.99731170327186,351.9784936261749,0.05059810852576774
524.0,3.6244245597349596,3.66565210772446,3.6990311337817676,26.553153477564514,0.7316936790316917,0.78233282501516,43.98782529269352,351.9026023415482,0.0506391459834683
526.0,3.623611022606349,3.6648618873682093,3.698240529731644,26.553219284985786,0.7309210683925371,0.781601251833706,43.97834264841851,351.8267411873481,0.05068018344116887
528.0,3.6227975725115966,3.6640719695842887,3.697450337726744,26.55328342001079,0.7301484577533826,0.780869678652252,43.968863635011466,351.75090908009173,0.050721220898869435
530.0,3.6219842061540914,3.663282343487552,3.696660542925204,26.5533459250764,0.729375847114228,0.780138105470798,43.95938812185062,351.675104974805,0.05076225835657
532.0,3.6211709203618674,3.6624929985800687,3.695871131013717,26.553406841545588,0.7286032364750734,0.779406532289344,43.949915982960825,351.5993278636866,0.050803295814270566
534.0,3.6203577120829076,3.6617039247376675,3.695082088189142,26.553466209734463,0.7278306258359188,0.77867495910789,43.94044709685201,351.5235767748161,0.05084433327197113
536.0,3.619544578380627,3.660915112196925,3.6942934011407225,26.553524068938636,0.7270580151967643,0.777943385926436,43.9309813463631,351.4478507709048,0.0508853707296717
538.0,3.618731516429518,3.660126551542582,3.6935050570328998,26.553580457458942,0.7262854045576097,0.777211812744982,43.92151861851098,351.37214894808784,0.05092640818737226
540.0,3.617918523510966,3.6593382336953835,3.692717043488692,26.553635412626495,0.7255127939184551,0.776480239563528,43.9120588043446,351.2964704347568,0.05096744564507283
542.0,3.617105597009217,3.658550149900323,3.6919293485736326,26.553688970827135,0.7247401832793006,0.775748666382074,43.90260179880387,351.220814390431,0.051008483102773394
544.0,3.616292734407498,3.65776229171528,3.6911419607802567,26.553741167525263,0.723967572640146,0.77501709320062,43.89314750058336,351.1451800046669,0.05104952056047396
546.0,3.6154799332842806,3.656974651000045,3.690354869013091,26.553792037287064,0.7231949620009914,0.774285520019166,43.88369581200054,351.0695664960043,0.051090558018174526
548.0,3.6146671913096906,3.6561872199057075,3.6895680625741694,26.553841613803172,0.7224223513618369,0.773553946837712,43.87424663886849,350.99397311094793,0.05113159547587509
550.0,3.613854506242044,3.6553999908644097,3.6887815311490297,26.553889929910746,0.7216497407226823,0.7728223736562579,43.864799890372915,350.9183991229833,0.05117263293357566
552.0,3.6130418759245204,3.6546129565794434,3.687995264793191,26.55393701761501,0.7208771300835277,0.7720908004748039,43.85535547895332,350.84284383162657,0.05121367039127622
554.0,3.612229298281956,3.6538261100156895,3.6872092539190837,26.553982908110243,0.7201045194443731,0.7713592272933499,43.845913320188274,350.7673065615062,0.05125470784897679
556.0,3.611416771317761,3.653039444390375,3.6864234892834387,26.554027631800253,0.7193319088052186,0.7706276541118959,43.8364733326845,350.691786661476,0.051295745306677354
558.0,3.610604293110951,3.652252953164158,3.6856379619750976,26.55407121831832,0.718559298166064,0.7698960809304419,43.8270354379699,350.6162835037592,0.05133678276437792
560.0,3.6097918618132883,3.6514666300325067,3.6848526634032472,26.554113696546665,0.7177866875269094,0.7691645077489879,43.81759956039008,350.54079648312063,0.051377820222078485
562.0,3.6089794756465348,3.650680468917383,3.684067585286059,26.554155094635405,0.7170140768877549,0.7684329345675339,43.8081656270086,350.4653250160688,0.05141885767977905
564.0,3.6081671328998066,3.6498944639592117,3.6832827196397147,26.55419544002105,0.7162414662486003,0.7677013613860799,43.79873356751054,350.3898685400843,0.051459895137479617
566.0,3.6073548319270237,3.6491086095091183,3.682498058767819,26.55423475944453,0.7154688556094457,0.7669697882046259,43.78930331410942,350.31442651287534,0.05150093259518018
568.0,3.6065425711444643,3.6483229001214497,3.681713595251175,26.554273078968762,0.7146962449702912,0.7662382150231719,43.779874801457396,350.23899841165917,0.05154197005288075
570.0,3.6057303490284056,3.6475373305465433,3.680929321937915,26.554310423995794,0.7139236343311366,0.7655066418417179,43.77044796655852,350.16358373246817,0.051583007510581314
572.0,3.604918164112852,3.646751895723748,3.6801452319339703,26.554346819283502,0.713151023691982,0.7647750686602639,43.76102274868498,350.08818198947984,0.05162404496828188
574.0,3.604106014987353,3.6459665907746976,3.6793613185938843,26.55438228896187,0.7123784130528275,0.7640434954788099,43.75159908929637,350.01279271437096,0.051665082425982445
576.0,3.6032939002949025,3.6451814109968024,3.678577575511933,26.554416856548876,0.7116058024136729,0.7633119222973559,43.74217693196163,349.93741545569304,0.05170611988368301
578.0,3.6024818187299172,3.6443963518569853,3.6777939965135626,26.55445054496595,0.7108331917745183,0.7625803491159019,43.732756222283825,349.8620497782706,0.051747157341383576
580.0,3.6016697690362887,3.6436114089856244,3.67701057564713,26.55448337655307,0.7100605811353637,0.7618487759344479,43.723336907827495,349.78669526261996,0.05178819479908414
582.0,3.60085775000551,3.642826578170712,3.676227307175923,26.554515373083465,0.7092879704962092,0.7611172027529939,43.71391893804854,349.71135150438835,0.05182923225678471
584.0,3.60004576047488,3.6420418553522205,3.6754441855704707,26.554546555777954,0.7085153598570546,0.7603856295715399,43.70450226422665,349.6360181138132,0.05187026971448527
586.0,3.5992337993257606,3.6412572366166636,3.6746612055011165,26.554576945318924,0.7077427492179,0.7596540563900859,43.69508683939996,349.5606947151997,0.05191130717218584
588.0,3.598421865481916,3.6404727181918495,3.673878361830861,26.554606561863945,0.7069701385787455,0.7589224832086319,43.68567261830219,349.48538094641754,0.051952344629886404
590.0,3.5976099579079035,3.6396882964418165,3.673095649608447,26.554635425059057,0.7061975279395909,0.7581909100271779,43.6762595573018,349.4100764584144,0.05199338208758697
592.0,3.59679807560753,3.6389039678619537,3.6723130640616977,26.554663554051714,0.7054249173004363,0.7574593368457239,43.666847614343446,349.33478091474757,0.052034419545287536
594.0,3.5959862176223663,3.6381197290742864,3.6715306005910846,26.554690967503408,0.7046523066612818,0.7567277636642699,43.657436748891435,349.2594939911315,0.0520754570029881
596.0,3.595174383030315,3.6373355768229314,3.6707482547635264,26.554717683601968,0.7038796960221272,0.7559961904828159,43.64802692187518,349.18421537500143,0.05211649446068867
598.0,3.5943625709442357,3.636551507969717,3.6699660223064052,26.554743720073553,0.7031070853829726,0.7552646173013619,43.6386180956366,349.1089447650928,0.05215753191838923
600.0,3.735465132349254,3.7609556179321295,3.7904479986738866,26.55476909419434,0.702334474743818,0.7545330441199078,45.131467415185554,0.0,0.0521985693760898
602.0,3.738722479255053,3.764212964837929,3.793705345579686,26.51518006633291,0.702334474743818,0.7545330441199078,45.17055557805515,0.0,0.0521985693760898
604.0,3.7418324606230144,3.7673229462058906,3.7968153269476472,26.476599092421655,0.702334474743818,0.7545330441199078,45.20787535447069,0.0,0.0521985693760898
606.0,3.7448017434132033,3.770292228996079,3.799784609737836,26.43900050442018,0.702334474743818,0.7545330441199078,45.24350674795295,0.0,0.0521985693760898
608.0,3.7476366929659375,3.7731271785488136,3.8026195592905703,26.402359287872443,0.702334474743818,0.7545330441199078,45.277526142585764,0.0,0.0521985693760898
610.0,3.750343386647355,3.775833872230231,3.805326252971988,26.36665106526458,0.702334474743818,0.7545330441199078,45.31000646676277,0.0,0.0521985693760898
612.0,3.752927626877648,3.7784181124605243,3.807910493202281,26.331852079806456,0.702334474743818,0.7545330441199078,45.34101734952629,0.0,0.0521985693760898
614.0,3.755394953569883,3.7808854391527587,3.8103778198945157,26.297939179626198,0.702334474743818,0.7545330441199078,45.370625269833106,0.0,0.0521985693760898
616.0,3.7577506560060776,3.7832411415889537,3.8127335223307104,26.264889802367197,0.702334474743818,0.7545330441199078,45.39889369906744,0.0,0.0521985693760898
618.0,3.759999784175995,3.7854902697588706,3.8149826505006277,26.232681960177292,0.702334474743818,0.7545330441199078,45.42588323710645,0.0,0.0521985693760898
620.0,3.762147159602956,3.787637645185832,3.8171300259275887,26.201294225080186,0.702334474743818,0.7545330441199078,45.451651742229984,0.0,0.0521985693760898
622.0,3.764197385679882,3.789687871262758,3.819180252004515,26.170705714719347,0.702334474743818,0.7545330441199078,45.4762544551531,0.0,0.0521985693760898
624.0,3.7661548575377295,3.791645343120605,3.8211377238623623,26.14089607846492,0.702334474743818,0.7545330441199078,45.499744117447264,0.0,0.0521985693760898
626.0,3.7680237714674605,3.7935142570503366,3.8230066377920933,26.111845483874376,0.702334474743818,0.7545330441199078,45.52217108460404,0.0,0.0521985693760898
628.0,3.769808133915758,3.795298619498634,3.8247910002403906,26.083534603497945,0.702334474743818,0.7545330441199078,45.543583433983606,0.0,0.0521985693760898
630.0,3.7715117700737655,3.7970022556566416,3.8264946363983983,26.055944602019988,0.702334474743818,0.7545330441199078,45.5640270678797,0.0,0.0521985693760898
632.0,3.7731383320772647,3.798628817660141,3.8281211984018975,26.029057123727814,0.702334474743818,0.7545330441199078,45.58354581192169,0.0,0.0521985693760898
634.0,3.7746913068358667,3.800181792418743,3.8296741731604995,26.00285428029956,0.702334474743818,0.7545330441199078,45.602181509024916,0.0,0.0521985693760898
636.0,3.7761740235080046,3.8016645090908803,3.8311568898326374,25.977318638903043,0.702334474743818,0.7545330441199078,45.61997410909056,0.0,0.0521985693760898
638.0,3.777589660637751,3.8030801462206267,3.832572526962384,25.95243321059764,0.702334474743818,0.7545330441199078,45.63696175464752,0.0,0.0521985693760898
640.0,3.778941252968757,3.8044317385516333,3.83392411929339,25.928181439031498,0.702334474743818,0.7545330441199078,45.6531808626196,0.0,0.0521985693760898
642.0,3.780231697949924,3.8057221835328003,3.835214564274557,25.90454718942653,0.702334474743818,0.7545330441199078,45.6686662023936,0.0,0.0521985693760898
644.0,3.7814637619467506,3.8069542475296267,3.8364466282713834,25.88151473784391,0.702334474743818,0.7545330441199078,45.68345097035552,0.0,0.0521985693760898
646.0,3.782640086171672,3.808130571754548,3.8376229524963046,25.859068760722884,0.702334474743818,0.7545330441199078,45.697566861054575,0.0,0.0521985693760898
648.0,3.7837631923461092,3.8092536779289854,3.838746058670742,25.83719432468596,0.702334474743818,0.7545330441199078,45.71104413514782,0.0,0.0521985693760898
650.0,3.784835488106356,3.8103259736892316,3.8398183544309887,25.815876876603678,0.702334474743818,0.7545330441199078,45.72391168427078,0.0,0.0521985693760898
652.0,3.785859272164902,3.8113497577477777,3.840842138489535,25.79510223391238,0.702334474743818,0.7545330441199078,45.736197092973335,0.0,0.0521985693760898
654.0,3.786836739238251,3.8123272248211273,3.841819605562884,25.7748565751785,0.702334474743818,0.7545330441199078,45.74792669785353,0.0,0.0521985693760898
656.0,3.7877699847518005,3.813260470334676,3.8427528510764333,25.755126430903122,0.702334474743818,0.7545330441199078,45.759125644016116,0.0,0.0521985693760898
658.0,3.788661009331867,3.814151494914743,3.8436438756565,25.73589867456068,0.702334474743818,0.7545330441199078,45.769817938976914,0.0,0.0521985693760898
660.0,3.7895117230944906,3.8150022086773667,3.8444945894191234,25.71716051386585,0.702334474743818,0.7545330441199078,45.7800265041284,0.0,0.0521985693760898
662.0,3.7903239497402055,3.8158144353230816,3.8453068160648383,25.698899482262785,0.702334474743818,0.7545330441199078,45.78977322387698,0.0,0.0521985693760898
664.0,3.791099430463563,3.816589916046439,3.846082296788196,25.681103430631094,0.702334474743818,0.7545330441199078,45.79907899255727,0.0,0.0521985693760898
666.0,3.7918398276857808,3.817330313268657,3.8468226940104135,25.663760519202988,0.702334474743818,0.7545330441199078,45.80796375922388,0.0,0.0521985693760898
668.0,3.7925467286185275,3.8180372142014036,3.8475295949431603,25.646859209686244,0.702334474743818,0.7545330441199078,45.81644657041684,0.0,0.0521985693760898
670.0,3.7932216486664725,3.8187121342493486,3.8482045149911053,25.630388257587754,0.702334474743818,0.7545330441199078,45.82454561099218,0.0,0.0521985693760898
672.0,3.793866034675907,3.8193565202587827,3.84884890100054,25.61433670473251,0.702334474743818,0.7545330441199078,45.83227824310539,0.0,0.0521985693760898
674.0,3.794481268036391,3.819971753619267,3.849464134361024,25.598693871973115,0.702334474743818,0.7545330441199078,45.83966104343121,0.0,0.0521985693760898
676.0,3.795068667642078,3.8205591532249543,3.850051533966711,25.583449352084912,0.702334474743818,0.7545330441199078,45.846709838699454,0.0,0.0521985693760898
678.0,3.7956294927190704,3.821119978301946,3.850612359043703,25.56859300284201,0.702334474743818,0.7545330441199078,45.853439739623354,0.0,0.0521985693760898
680.0,3.796164945524857,3.821655431107733,3.85114781184949,25.554114940269645,0.702334474743818,0.7545330441199078,45.859865173292796,0.0,0.0521985693760898
682.0,3.7966761739256314,3.8221666595085075,3.851659040250264,25.540005532068335,0.702334474743818,0.7545330441199078,45.86599991410209,0.0,0.0521985693760898
684.0,3.797164273857005,3.822654759439881,3.852147140181638,25.526255391205485,0.702334474743818,0.7545330441199078,45.87185711327857,0.0,0.0521985693760898
686.0,3.797630291673398,3.8231207772562743,3.852613157998031,25.51285536967016,0.702334474743818,0.7545330441199078,45.87744932707529,0.0,0.0521985693760898
688.0,3.7980752263911404,3.823565711974016,3.853058092715773,25.49979655238689,0.702334474743818,0.7545330441199078,45.88278854368819,0.0,0.0521985693760898
690.0,3.7985000318300925,3.8239905174129682,3.8534828981547253,25.487070251284447,0.702334474743818,0.7545330441199078,45.88788620895562,0.0,0.0521985693760898
692.0,3.7989056186583783,3.8243961042412544,3.853888484983011,25.47466799951563,0.702334474743818,0.7545330441199078,45.892753250895055,0.0,0.0521985693760898
694.0,3.799292856344611,3.8247833419274873,3.854275722669244,25.46258154582426,0.702334474743818,0.7545330441199078,45.89740010312985,0.0,0.0521985693760898
696.0,3.7996625750217996,3.8251530606046757,3.8546454413464324,25.450802849055588,0.702334474743818,0.7545330441199078,45.90183672725611,0.0,0.0521985693760898
698.0,3.800015567266929,3.8255060528498053,3.854998433591562,25.43932407280649,0.702334474743818,0.7545330441199078,45.90607263419766,0.0,0.0521985693760898
700.0,3.8003525898000317,3.825843075382908,3.8553354561246644,25.428137580211878,0.702334474743818,0.7545330441199078,45.910116904594894,0.0,0.0521985693760898
702.0,3.8006743651063912,3.826164850689267,3.855657231431024,25.41723592886389,0.702334474743818,0.7545330441199078,45.9139782082712,0.0,0.0521985693760898
704.0,3.800981582985355,3.826472068568231,3.8559644493099876,25.40661186586041,0.702334474743818,0.7545330441199078,45.91766482281877,0.0,0.0521985693760898
706.0,3.8012749020290775,3.826765387611953,3.8562577683537103,25.396258322979705,0.702334474743818,0.7545330441199078,45.92118465134344,0.0,0.0521985693760898
708.0,3.801554951034365,3.8270454366172406,3.8565378173589977,25.386168411977906,0.702334474743818,0.7545330441199078,45.92454523940689,0.0,0.0521985693760898
710.0,3.801822330350645,3.827312815933521,3.856805196675278,25.376335420006246,0.702334474743818,0.7545330441199078,45.92775379120225,0.0,0.0521985693760898
712.0,3.8020776131669543,3.8275680987498304,3.857060479491587,25.366752805144976,0.702334474743818,0.7545330441199078,45.93081718499796,0.0,0.0521985693760898
714.0,3.802321346740701,3.8278118323235772,3.857304213065334,25.357414192051007,0.702334474743818,0.7545330441199078,45.933741987882925,0.0,0.0521985693760898
716.0,3.802554053570836,3.828044539153712,3.8575369198954688,25.348313367716376,0.702334474743818,0.7545330441199078,45.936534469844545,0.0,0.0521985693760898
718.0,3.8027762325179504,3.8282667181008265,3.857759098842583,25.33944427733471,0.702334474743818,0.7545330441199078,45.93920061720992,0.0,0.0521985693760898
720.0,3.802988359873698,3.828478845456574,3.8579712261983308,25.330801020272947,0.702334474743818,0.7545330441199078,45.94174614547889,0.0,0.0521985693760898
722.0,3.8031908903818348,3.828681375964711,3.8581737567064676,25.322377846145628,0.702334474743818,0.7545330441199078,45.94417651157653,0.0,0.0521985693760898
724.0,3.803384258213068,3.8288747437959443,3.858367124537701,25.31416915098914,0.702334474743818,0.7545330441199078,45.94649692555133,0.0,0.0521985693760898
726.0,3.803568877895801,3.829059363478677,3.8585517442204336,25.306169473533398,0.702334474743818,0.7545330441199078,45.94871236174412,0.0,0.0521985693760898
728.0,3.803745145204768,3.8292356307876436,3.8587280115294007,25.298373491568427,0.702334474743818,0.7545330441199078,45.950827569451725,0.0,0.0521985693760898
730.0,3.803913438009471,3.829403923592347,3.858896304334104,25.29077601840349,0.702334474743818,0.7545330441199078,45.95284708310817,0.0,0.0521985693760898
732.0,3.8040741170842285,3.8295646026671046,3.8590569834088613,25.283371999416364,0.702334474743818,0.7545330441199078,45.954775232005254,0.0,0.0521985693760898
734.0,3.804227526881579,3.8297180124644545,3.8592103932062116,25.276156508690484,0.702334474743818,0.7545330441199078,45.956616149573456,0.0,0.0521985693760898
736.0,3.8043739962706917,3.829864481853568,3.8593568625953245,25.269124745737717,0.702334474743818,0.7545330441199078,45.958373782242816,0.0,0.0521985693760898
738.0,3.8045138392423774,3.8300043248252535,3.85949670556701,25.26227203230458,0.702334474743818,0.7545330441199078,45.96005189790304,0.0,0.0521985693760898
740.0,3.8046473555821962,3.8301378411650724,3.859630221906829,25.255593809259786,0.702334474743818,0.7545330441199078,45.96165409398087,0.0,0.0521985693760898
742.0,3.8047748315131193,3.830265317095995,3.859757697837752,25.24908563356104,0.702334474743818,0.7545330441199078,45.96318380515194,0.0,0.0521985693760898
744.0,3.8048965403091115,3.830387025891987,3.8598794066337443,25.24274317529907,0.702334474743818,0.7545330441199078,45.96464431070385,0.0,0.0521985693760898
746.0,3.8050127428809586,3.8305032284638347,3.8599956092055914,25.236562214816917,0.702334474743818,0.7545330441199078,45.96603874156602,0.0,0.0521985693760898
748.0,3.805123688335589,3.8306141739184647,3.860106554660222,25.230538639902598,0.702334474743818,0.7545330441199078,45.96737008702158,0.0,0.0521985693760898
750.0,3.8052296145100923,3.830720100092968,3.860212480834725,25.224668443053226,0.702334474743818,0.7545330441199078,45.96864120111562,0.0,0.0521985693760898
752.0,3.8053307484815764,3.830821234064452,3.860313614806209,25.218947718808813,0.702334474743818,0.7545330441199078,45.96985480877343,0.0,0.0521985693760898
754.0,3.8054273070539604,3.830917792636836,3.860410173378593,25.213372661153958,0.702334474743818,0.7545330441199078,45.971013511642035,0.0,0.0521985693760898
756.0,3.8055194972227437,3.83100998280562,3.8605023635473765,25.207939560985686,0.702334474743818,0.7545330441199078,45.97211979366744,0.0,0.0521985693760898
758.0,3.805607516618748,3.831098002201624,3.8605903829433807,25.20264480364577,0.702334474743818,0.7545330441199078,45.97317602641949,0.0,0.0521985693760898
760.0,3.805691553931785,3.8311820395146605,3.8606744202564176,25.197484866515904,0.702334474743818,0.7545330441199078,45.97418447417593,0.0,0.0521985693760898
762.0,3.8057717893151555,3.8312622748980316,3.8607546556397883,25.192456316674065,0.702334474743818,0.7545330441199078,45.97514729877638,0.0,0.0521985693760898
764.0,3.805848394771851,3.831338880354727,3.8608312610964837,25.187555808610604,0.702334474743818,0.7545330441199078,45.976066564256726,0.0,0.0521985693760898
766.0,3.8059215345232795,3.8314120201061557,3.8609044008479123,25.182780082002463,0.702334474743818,0.7545330441199078,45.97694424127387,0.0,0.0521985693760898
768.0,3.8059913653613138,3.83148185094419,3.8609742316859466,25.178125959544065,0.702334474743818,0.7545330441199078,45.97778221133028,0.0,0.0521985693760898
770.0,3.80605803698441,3.8315485225672856,3.8610409033090427,25.173590344833453,0.702334474743818,0.7545330441199078,45.97858227080743,0.0,0.0521985693760898
772.0,3.8061216923185195,3.831612177901395,3.8611045586431523,25.169170220312232,0.702334474743818,0.7545330441199078,45.979346134816744,0.0,0.0521985693760898
774.0,3.8061824678234863,3.8316729534063625,3.861165334148119,25.164862645257987,0.702334474743818,0.7545330441199078,45.98007544087635,0.0,0.0521985693760898
776.0,3.806240493785578,3.8317309793684537,3.861223360110211,25.160664753827806,0.702334474743818,0.7545330441199078,45.98077175242145,0.0,0.0521985693760898
778.0,3.806295894596785,3.8317863801796612,3.861278760921418,25.156573753151633,0.702334474743818,0.7545330441199078,45.981436562155935,0.0,0.0521985693760898
780.0,3.8063487890214827,3.831839274604359,3.8613316553461154,25.15258692147416,0.702334474743818,0.7545330441199078,45.982071295252304,0.0,0.0521985693760898
782.0,3.806399290451031,3.8318897760339072,3.861382156775664,25.14870160634403,0.702334474743818,0.7545330441199078,45.982677312406885,0.0,0.0521985693760898
784.0,3.806447507146856,3.8319379927297317,3.8614303734714888,25.14491522284916,0.702334474743818,0.7545330441199078,45.98325591275678,0.0,0.0521985693760898
786.0,3.806493542472529,3.831984028055405,3.8614764087971616,25.141225251896984,0.702334474743818,0.7545330441199078,45.98380833666486,0.0,0.0521985693760898
788.0,3.806537495115355,3.8320279806982307,3.861520361439988,25.137629238538494,0.702334474743818,0.7545330441199078,45.98433576837877,0.0,0.0521985693760898
790.0,3.806579459297929,3.8320699448808053,3.861562325622562,25.13412479033497,0.702334474743818,0.7545330441199078,45.984839338569664,0.0,0.0521985693760898
792.0,3.8066195249801242,3.832110010563,3.861602391304757,25.130709575766254,0.702334474743818,0.7545330441199078,45.985320126756,0.0,0.0521985693760898
794.0,3.8066577780519415,3.832148263634817,3.8616406443765743,25.127381322679614,0.702334474743818,0.7545330441199078,45.985779163617806,0.0,0.0521985693760898
796.0,3.806694300517635,3.832184786100511,3.861677166842268,25.12413781677805,0.702334474743818,0.7545330441199078,45.986217433206136,0.0,0.0521985693760898
798.0,3.806729170671507,3.832219656254383,3.8617120369961397,25.120976900147127,0.702334474743818,0.7545330441199078,45.9866358750526,0.0,0.0521985693760898
800.0,3.806762463265749,3.832252948848625,3.8617453295903816,25.117896469819307,0.702334474743818,0.7545330441199078,45.9870353861835,0.0,0.0521985693760898
802.0,3.8067942496706904,3.832284735253566,3.861777115995323,25.114894476374833,0.702334474743818,0.7545330441199078,45.98741682304279,0.0,0.0521985693760898
804.0,3.8068245980277986,3.8323150836106747,3.8618074643524314,25.11196892257825,0.702334474743818,0.7545330441199078,45.987781003328095,0.0,0.0521985693760898
806.0,3.8068535733957543,3.8323440589786304,3.861836439720387,25.109117862049636,0.702334474743818,0.7545330441199078,45.98812870774356,0.0,0.0521985693760898
808.0,3.8068812378899204,3.8323717234727965,3.861864104214553,25.10633939796967,0.702334474743818,0.7545330441199078,45.98846068167356,0.0,0.0521985693760898
810.0,3.8069076508155,3.832398136398376,3.8618905171401328,25.103631681817664,0.702334474743818,0.7545330441199078,45.98877763678051,0.0,0.0521985693760898
812.0,3.806932868794672,3.832423354377548,3.8619157351193047,25.100992912141752,0.702334474743818,0.7545330441199078,45.98908025253058,0.0,0.0521985693760898
814.0,3.8069569458879724,3.8324474314708485,3.861939812212605,25.098421333360363,0.702334474743818,0.7545330441199078,45.98936917765018,0.0,0.0521985693760898
816.0,3.8069799337101857,3.832470419293062,3.8619628000348185,25.095915234594244,0.702334474743818,0.7545330441199078,45.989645031516744,0.0,0.0521985693760898
818.0,3.807001881540995,3.832492367123871,3.8619847478656277,25.093472948528188,0.702334474743818,0.7545330441199078,45.98990840548645,0.0,0.0521985693760898
820.0,3.8070228364306202,3.832513322013496,3.862005702755253,25.091092850301777,0.702334474743818,0.7545330441199078,45.99015986416195,0.0,0.0521985693760898
822.0,3.8070428433006858,3.832533328883562,3.8620257096253185,25.08877335642835,0.702334474743818,0.7545330441199078,45.99039994660274,0.0,0.0521985693760898
824.0,3.8070619450405174,3.832552430623393,3.86204481136515,25.08651292374152,0.702334474743818,0.7545330441199078,45.99062916748072,0.0,0.0521985693760898
826.0,3.807080182599085,3.8325706681819613,3.862063048923718,25.084310048368472,0.702334474743818,0.7545330441199078,45.990848018183534,0.0,0.0521985693760898
828.0,3.80709759507279,3.832588080655666,3.8620804613974227,25.08216326472946,0.702334474743818,0.7545330441199078,45.99105696786799,0.0,0.0521985693760898
830.0,3.8071142197892716,3.8326047053721477,3.8620970861139043,25.080071144562737,0.702334474743818,0.7545330441199078,45.99125646446577,0.0,0.0521985693760898
832.0,3.8071300923874323,3.8326205779703084,3.862112958712065,25.078032295974335,0.702334474743818,0.7545330441199078,45.9914469356437,0.0,0.0521985693760898
834.0,3.8071452468938354,3.8326357324767115,3.862128113218468,25.076045362512026,0.702334474743818,0.7545330441199078,45.99162878972054,0.0,0.0521985693760898
836.0,3.8071597157956494,3.8326502013785255,3.862142582120282,25.074109022262878,0.702334474743818,0.7545330441199078,45.991802416542306,0.0,0.0521985693760898
838.0,3.807173530110292,3.8326640156931675,3.8621563964349246,25.072221986973776,0.702334474743818,0.7545330441199078,45.99196818831801,0.0,0.0521985693760898
840.0,3.807186719451922,3.8326772050347984,3.862169585776555,25.07038300119435,0.702334474743818,0.7545330441199078,45.99212646041758,0.0,0.0521985693760898
842.0,3.8071993120949266,3.8326897976778027,3.8621821784195594,25.06859084144172,0.702334474743818,0.7545330441199078,45.99227757213363,0.0,0.0521985693760898
844.0,3.8072113350345305,3.8327018206174066,3.8621942013591632,25.06684431538649,0.702334474743818,0.7545330441199078,45.99242184740888,0.0,0.0521985693760898
846.0,3.807222814044669,3.8327132996275446,3.8622056803693017,25.06514226105952,0.702334474743818,0.7545330441199078,45.99255959553054,0.0,0.0521985693760898
848.0,3.8072337737332393,3.8327242593161155,3.862216640057872,25.06348354607884,0.702334474743818,0.7545330441199078,45.992691111793384,0.0,0.0521985693760898
850.0,3.8072442375948534,3.8327347231777296,3.862227103919486,25.061867066896276,0.702334474743818,0.7545330441199078,45.992816678132755,0.0,0.0521985693760898
852.0,3.807254228061205,3.832744713644081,3.8622370943858377,25.060291748063268,0.702334474743818,0.7545330441199078,45.992936563728975,0.0,0.0521985693760898
854.0,3.807263766549155,3.832754252132031,3.862246632873788,25.05875654151536,0.702334474743818,0.7545330441199078,45.99305102558437,0.0,0.0521985693760898
856.0,3.807272873506646,3.832763359089522,3.8622557398312787,25.057260425874922,0.702334474743818,0.7545330441199078,45.99316030907426,0.0,0.0521985693760898
858.0,3.8072815684565344,3.83277205403941,3.862264434781167,25.055802405771626,0.702334474743818,0.7545330441199078,45.99326464847292,0.0,0.0521985693760898
860.0,3.8072898700384443,3.8327803556213205,3.862272736363077,25.054381511180218,0.702334474743818,0.7545330441199078,45.993364267455846,0.0,0.0521985693760898
862.0,3.8072977960487258,3.832788281631602,3.8622806623733585,25.052996796775165,0.702334474743818,0.7545330441199078,45.99345937957922,0.0,0.0521985693760898
864.0,3.807305363478603,3.8327958490614793,3.862288229803236,25.051647341301724,0.702334474743818,0.7545330441199078,45.99355018873775,0.0,0.0521985693760898
866.0,3.8073125885506034,3.8328030741334795,3.862295454875236,25.050332246963023,0.702334474743818,0.7545330441199078,45.99363688960175,0.0,0.0521985693760898
868.0,3.807319486753328,3.8328099723362037,3.8623023530779608,25.049050638822763,0.702334474743818,0.7545330441199078,45.993719668034444,0.0,0.0521985693760898
870.0,3.8073260728746616,3.8328165584575373,3.8623089391992944,25.04780166422311,0.702334474743818,0.7545330441199078,45.99379870149045,0.0,0.0521985693760898
872.0,3.807332361033469,3.832822846616345,3.862315227358102,25.046584492217427,0.702334474743818,0.7545330441199078,45.99387415939614,0.0,0.0521985693760898
874.0,3.8073383647098646,3.832828850292741,3.8623212310344974,25.045398313017447,0.702334474743818,0.7545330441199078,45.99394620351289,0.0,0.0521985693760898
876.0,3.8073440967741083,3.832834582356984,3.862326963098741,25.044242337454502,0.702334474743818,0.7545330441199078,45.99401498828381,0.0,0.0521985693760898
878.0,3.807349569514199,3.832840055097075,3.8623324358388316,25.043115796454504,0.702334474743818,0.7545330441199078,45.9940806611649,0.0,0.0521985693760898
880.0,3.8073547946622113,3.832845280245087,3.862337660986844,25.042017940526264,0.702334474743818,0.7545330441199078,45.994143362941045,0.0,0.0521985693760898
882.0,3.807359783419453,3.8328502690023285,3.8623426497440856,25.040948039262865,0.702334474743818,0.7545330441199078,45.99420322802794,0.0,0.0521985693760898
884.0,3.8073645464804713,3.8328550320633474,3.862347412805104,25.03990538085571,0.702334474743818,0.7545330441199078,45.99426038476017,0.0,0.0521985693760898
886.0,3.807369094055983,3.832859579638859,3.862351960380616,25.03888927162096,0.702334474743818,0.7545330441199078,45.99431495566631,0.0,0.0521985693760898
888.0,3.8073734358947617,3.8328639214776374,3.8623563022193945,25.037899035538018,0.702334474743818,0.7545330441199078,45.99436705773165,0.0,0.0521985693760898
890.0,3.8073775813045367,3.832868066887413,3.8623604476291695,25.036934013799783,0.702334474743818,0.7545330441199078,45.994416802648956,0.0,0.0521985693760898
892.0,3.807381539171947,3.8328720247548227,3.8623644054965798,25.035993564374326,0.702334474743818,0.7545330441199078,45.994464297057874,0.0,0.0521985693760898
894.0,3.8073853179815917,3.832875803564468,3.8623681843062245,25.03507706157776,0.702334474743818,0.7545330441199078,45.994509642773615,0.0,0.0521985693760898
896.0,3.8073889258342173,3.832879411417093,3.86237179215885,25.034183895657954,0.702334474743818,0.7545330441199078,45.99455293700512,0.0,0.0521985693760898
898.0,3.807392370464086,3.8328828560469623,3.862375236788719,25.033313472388887,0.702334474743818,0.7545330441199078,45.994594272563546,0.0,0.0521985693760898
900.0,3.7186991893564083,3.7546435833120655,3.7835748836258185,25.03246521267528,0.702334474743818,0.7545330441199078,45.05572299974479,225.27861499872392,0.0521985693760898
902.0,3.7161591291682274,3.752120928230655,3.781057838292101,25.041912380418143,0.7018515930943464,0.7540758108814991,45.02545113876786,225.12725569383932,0.052224217787152694
904.0,3.7137110383579173,3.7496902641490784,3.778632850084986,25.05135426191114,0.7013687114448748,0.7536185776430904,44.99628316978894,224.9814158489447,0.05224986619821559
906.0,3.7113507563102863,3.7473474299668097,3.7762957564313053,25.06078034806689,0.7008858297954031,0.7531613444046816,44.968169159601715,224.84084579800856,0.052275514609278484
908.0,3.709074310636387,3.7450884528204154,3.774042583027466,25.070180878921434,0.7004029481459315,0.7527041111662729,44.941061433844986,224.70530716922494,0.05230116302034138
910.0,3.7068779086580754,3.742909539567868,3.771869535323066,25.079546802774402,0.6999200664964599,0.7522468779278642,44.91491447481442,224.5745723740721,0.052326811431404274
912.0,3.704757929277814,3.740807068658118,3.7697729903897765,25.088869737355175,0.6994371848469882,0.7517896446894554,44.88968482389742,224.4484241194871,0.05235245984246717
914.0,3.702710915216292,3.738777582368479,3.7677494891580525,25.09814193291884,0.6989543031975166,0.7513324114510467,44.865330988421746,224.32665494210875,0.052378108253530065
916.0,3.7007335656012126,3.736817779393196,3.765795729005041,25.107356237180255,0.698471421548045,0.7508751782126379,44.841813352718354,224.20906676359178,0.05240375666459296
918.0,3.6988227288913818,3.7349245077673103,3.763908556677799,25.116506061998766,0.6979885398985733,0.7504179449742292,44.819094093207724,224.09547046603862,0.052429405075655855
920.0,3.696975396120906,3.7330947581106453,3.762084961536648,25.125585351730173,0.6975056582491017,0.7499607117358205,44.79713709732774,223.98568548663872,0.05245505348671875
922.0,3.6951886944490306,3.731325657177429,3.7603220691041783,25.134588553166477,0.6970227765996301,0.7495034784974117,44.77590788612915,223.87953943064574,0.052480701897781645
924.0,3.693459881001787,3.7296144616977434,3.7586171349060864,25.143510586987578,0.6965398949501584,0.749046245259003,44.75537354037292,223.7768677018646,0.05250635030884454
926.0,3.6917863369922506,3.7279585524975727,3.756967538590637,25.152346820652664,0.6960570133006868,0.7485890120205942,44.735502629970874,223.67751314985438,0.052531998719907436
928.0,3.6901655621067966,3.7263554288848693,3.755370778314142,25.161093042662372,0.6955741316512152,0.7481317787821855,44.71626514661843,223.58132573309217,0.05255764713097033
930.0,3.6885951691453296,3.724802703289585,3.7538244653804274,25.16974543812605,0.6950912500017435,0.7476745455437768,44.69763243947502,223.48816219737512,0.052583295542033226
932.0,3.687072878903993,3.723298096146196,3.7523263191227945,25.178300565571472,0.6946083683522719,0.747217312305368,44.67957715375435,223.39788576877174,0.05260894395309612
934.0,3.6855965152893813,3.7218394310077305,3.7508741620175114,25.18675533493733,0.6941254867028003,0.7467600790669593,44.66207317209277,223.31036586046383,0.052634592364159016
936.0,3.6841640006537997,3.720424629880845,3.7494659150183494,25.19510698669157,0.6936426050533286,0.7463028458285506,44.64509555857014,223.2254777928507,0.05266024077522191
938.0,3.6827733513415497,3.719051708771937,3.7480995931021734,25.20335307202132,0.693159723403857,0.7458456125901418,44.62862050526324,223.14310252631623,0.05268588918628481
940.0,3.681422673436705,3.717718773434747,3.7467733010160393,25.211491434042724,0.6926768417543854,0.7453883793517331,44.612625281216964,223.06312640608482,0.0527115375973477
942.0,3.6801101587032656,3.716424015310345,3.7454852292166714,25.219520189981367,0.6921939601049137,0.7449311461133243,44.59708818372414,222.9854409186207,0.0527371860084106
944.0,3.678834080708977,3.715165707650783,3.7442336499936326,25.227437714276324,0.6917110784554421,0.7444739128749156,44.5819884918094,222.909942459047,0.05276283441947349
946.0,3.6775927911245114,3.713942201818117,3.743016913767861,25.235242622563053,0.6912281968059705,0.7440166796365069,44.567306421817406,222.83653210908705,0.05278848283053639
948.0,3.676384716190077,3.712751923750858,3.7418334455576585,25.242933756492455,0.6907453151564988,0.7435594463980981,44.553023085010295,222.76511542505148,0.05281413124159928
950.0,3.6752083533418776,3.7115933705902755,3.7406817416045315,25.25051016934544,0.6902624335070272,0.7431022131596894,44.539120447083306,222.69560223541652,0.05283977965266218
952.0,3.674062267991196,3.7104651074593336,3.739560366151678,25.25797111240423,0.6897795518575556,0.7426449799212806,44.525581289512004,222.62790644756,0.05286542806372507
954.0,3.6729450904491907,3.7093657643873357,3.738467948368193,25.265316022043493,0.6892966702080839,0.7421877466828719,44.51238917264803,222.56194586324014,0.05289107647478797
956.0,3.671855512990818,3.7082940333737073,3.7374031794124227,25.272544507506062,0.6888137885586123,0.7417305134444632,44.499528400484486,222.49764200242242,0.05291672488585086
958.0,3.670792287051584,3.707248665584603,3.736364809628152,25.279656339329765,0.6883309069091407,0.7412732802060544,44.486983987015236,222.43491993507618,0.05294237329691376
960.0,3.669754220551115,3.706228468676342,3.735351645867622,25.28665143839337,0.687848025259669,0.7408160469676457,44.474741624116106,222.37370812058055,0.052968021707976654
962.0,3.668740175337814,3.7052323042399267,3.734362548935654,25.29352986555122,0.6873651436101974,0.740358813729237,44.46278765087912,222.31393825439562,0.05299367011903955
964.0,3.6677490647491195,3.704259085361171,3.7333964311493784,25.30029181182757,0.6868822619607258,0.7399015804908282,44.45110902433405,222.25554512167025,0.053019318530102444
966.0,3.666779851282141,3.7033077742912073,3.732452254008355,25.306937589142933,0.6863993803112541,0.7394443472524195,44.439693291494486,222.19846645747242,0.05304496694116534
968.0,3.6658315443696736,3.7023773802223747,3.731529025970092,25.31346762154621,0.6859164986617825,0.7389871140140107,44.4285285626685,222.1426428133425,0.053070615352228234
970.0,3.664903198256831,3.7014669571647283,3.7306258003261754,25.319882436927433,0.6854336170123109,0.738529880775602,44.41760348597674,222.0880174298837,0.05309626376329113
972.0,3.6639939099737378,3.700575601918611,3.7297416731744857,25.326182659187307,0.6849507353628392,0.7380726475371933,44.40690722302333,222.03453611511665,0.053121912174354025
974.0,3.663102817399936,3.6997024521389417,3.7288757814831333,25.332369000840757,0.6844678537133676,0.7376154142987845,44.3964294256673,221.9821471283365,0.05314756058541692
976.0,3.662229097416364,3.6988466844870795,3.7280273012419745,25.338442256032845,0.683984972063896,0.7371581810603758,44.38616021384495,221.93080106922477,0.053173208996479815
978.0,3.6613719641409364,3.698007512866291,3.727195445697741,25.3444032939464,0.6835020904144243,0.736700947821967,44.37609015439549,221.88045077197745,0.05319885740754271
980.0,3.660530667243947,3.6971841867370414,3.726379463669003,25.350253052581724,0.6830192087649527,0.7362437145835583,44.366210240844495,221.8310512042225,0.053224505818605605
982.0,3.6597044903396876,3.6963759895085087,3.7255786379373546,25.355992532889655,0.6825363271154811,0.7357864813451496,44.356511874102104,221.7825593705105,0.0532501542296685
984.0,3.658892749450827,3.695582237002853,3.724792283711369,25.361622793240166,0.6820534454660094,0.7353292481067408,44.346986844034234,221.73493422017117,0.053275802640731396
986.0,3.6580947915422604,3.694802275988966,3.724019747160044,25.367144944209542,0.6815705638165378,0.7348720148683321,44.33762731186759,221.68813655933798,0.05330145105179429
988.0,3.657309993121295,3.694035482782555,3.7232604040125716,25.37256014366998,0.6810876821670662,0.7344147816299234,44.32842579339066,221.6421289669533,0.053327099462857186
990.0,3.656537758901155,3.693281261909549,3.7225136582214575,25.37786959216623,0.6806048005175945,0.7339575483915146,44.31937514291459,221.59687571457295,0.05335274787392008
992.0,3.6557775205249565,3.6925390448299766,3.721778940686103,25.383074528564656,0.6801219188681229,0.7335003151531059,44.31046853795972,221.5523426897986,0.053378396284982976
994.0,3.655028735347408,3.6918082887195744,3.7210557080341333,25.38817622596073,0.6796390372186513,0.7330430819146971,44.30169946463489,221.50849732317448,0.05340404469604587
996.0,3.6542908852716263,3.6910884753065076,3.7203434414578394,25.3931759878318,0.6791561555691796,0.7325858486762884,44.29306170367809,221.46530851839046,0.05342969310710877
998.0,3.6535634756385726,3.690379109760721,3.719641645603258,25.39807514442237,0.678673273919708,0.7321286154378797,44.28454931712865,221.42274658564327,0.05345534151817166
1000.0,3.6528460341667417,3.6896797196335327,3.7189498475094998,25.40287504935002,0.6781903922702364,0.7316713821994709,44.27615663560239,221.38078317801194,0.05348098992923456
1002.0,3.652138109939806,3.688989853845199,3.718267595596056,25.40757707642041,0.6777075106207647,0.7312141489610622,44.26787824614239,221.33939123071195,0.05350663834029745
1004.0,3.6514392724400673,3.6883090817182786,3.7175944586959044,25.4121826166406,0.6772246289712931,0.7307569157226534,44.259708980619344,221.2985449030967,0.05353228675136035
1006.0,3.650749110625632,3.687636992054726,3.7169300251323594,25.416693075420255,0.6767417473218215,0.7302996824842447,44.25164390465671,221.25821952328354,0.05355793516242324
1008.0,3.6500672320493375,3.6869731922547366,3.7162739018376723,25.421109869950918,0.6762588656723498,0.729842449245836,44.24367830705684,221.21839153528418,0.05358358357348614
1010.0,3.649393262017537,3.686317307475455,3.7156257135115025,25.42543442675401,0.6757759840228782,0.7293852160074272,44.23580768970546,221.1790384485273,0.05360923198454903
1012.0,3.6487268427869397,3.6856689798277382,3.7149851018174442,25.429668179388592,0.6752931023734066,0.7289279827690185,44.22802775793286,221.1401387896643,0.05363488039561193
1014.0,3.648067632797792,3.685027867609255,3.7143517246159066,25.433812566310493,0.6748102207239349,0.7284707495306098,44.22033441131106,221.1016720565553,0.05366052880667482
1016.0,3.647415305941737,3.6843936445722836,3.7137252552316826,25.437869028874648,0.6743273390744633,0.728013516292201,44.2127237348674,221.06361867433702,0.05368617721773772
1018.0,3.646769550862814,3.6837659992246294,3.713105381754652,25.441839009473078,0.6738444574249917,0.7275562830537923,44.20519199069555,221.02595995347775,0.053711825628800614
1020.0,3.646130070290064,3.6831446341621636,3.7124918063721046,25.445723949801163,0.67336157577552,0.7270990498153835,44.197735609945966,220.98867804972983,0.05373747403986351
1022.0,3.6454965804003394,3.682529265431566,3.711884244731281,25.449525289245305,0.6728786941260484,0.7266418165769748,44.19035118517879,220.95175592589396,0.053763122450926404
1024.0,3.644868810209935,3.681919621921885,3.7112824253307233,25.453244463385396,0.6723958124765768,0.7261845833385661,44.183035463062616,220.9151773153131,0.0537887708619893
1026.0,3.6442465009937415,3.681315444783628,3.71068608893917,25.456882902605827,0.6719129308271051,0.7257273501001573,44.17578533740353,220.87892668701767,0.053814419273052194
1028.0,3.64362940573068,3.680716486874132,3.71009498804073,25.460442030809073,0.6714300491776335,0.7252701168617486,44.16859784248958,220.84298921244792,0.05384006768411509
1030.0,3.6430172885742227,3.6801225122280186,3.709508886305149,25.46392326422625,0.6709471675281619,0.7248128836233398,44.16147014673622,220.80735073368112,0.053865716095177985
1032.0,3.6424099243468646,3.679533295551609,3.708927558082039,25.467328010319203,0.6704642858786902,0.7243556503849311,44.15439954661931,220.77199773309655,0.05389136450624088
1034.0,3.641807098057471,3.6789486217402065,3.708350787917975,25.47065766676909,0.6699814042292186,0.7238984171465224,44.14738346088248,220.7369173044124,0.053917012917303775
1036.0,3.6412086044404575,3.678368285417221,3.7077783700954465,25.473913620546536,0.669498522579747,0.7234411839081136,44.14041942500665,220.70209712503325,0.05394266132836667
1038.0,3.6406142475158134,3.6777920904941332,3.7072101081926476,25.477097247058854,0.6690156409302753,0.7229839506697049,44.1335050859296,220.66752542964798,0.053968309739429565
1040.0,3.640023840169038,3.6772198497503776,3.7066458146631844,25.48020990936985,0.6685327592808037,0.7225267174312962,44.12663819700453,220.63319098502265,0.05399395815049246
1042.0,3.639437203750073,3.676651384432214,3.7060853104347866,25.48325295748814,0.6680498776313321,0.7220694841928874,44.11981661318657,220.59908306593286,0.054019606561555356
1044.0,3.6388541676903805,3.676086523869763,3.7055284245261744,25.48622772771999,0.6675669959818604,0.7216122509544787,44.11303828643715,220.56519143218577,0.05404525497261825
1046.0,3.6382745691373515,3.6755251051113476,3.7049749936812475,25.489135542082952,0.6670841143323888,0.7211550177160699,44.10630126133617,220.53150630668085,0.054070903383681146
1048.0,3.637698252605242,3.67496697257439,3.704424862019821,25.49197770777677,0.6666012326829172,0.7206977844776612,44.09960367089268,220.4980183544634,0.05409655179474404
1050.0,3.6371250696419084,3.674411977712092,3.703877880704156,25.49475551670811,0.6661183510334455,0.7202405512392525,44.0929437325451,220.46471866272552,0.054122200205806936
1052.0,3.6365548785106205,3.6738599786951984,3.703333907620576,25.49747024506601,0.6656354693839739,0.7197833180008437,44.08631974434238,220.4315987217119,0.05414784861686983
1054.0,3.6359875438862637,3.6733108401081527,3.70279280707547,25.50012315294491,0.6651525877345023,0.719326084762435,44.07973008129783,220.39865040648917,0.05417349702793273
1056.0,3.635422936565286,3.672764432658999,3.7022544495050624,25.50271548401251,0.6646697060850306,0.7188688515240262,44.07317319190799,220.36586595953995,0.05419914543899562
1058.0,3.634860933188775,3.6722206329024076,3.701718711198292,25.505248465219584,0.664186824435559,0.7184116182856175,44.06664759482889,220.33323797414448,0.05422479385005852
1060.0,3.6343014159780496,3.6716793229752303,3.701185474032234,25.507723306549288,0.6637039427860874,0.7179543850472088,44.060151875702765,220.30075937851382,0.05425044226112141
1062.0,3.6337442724822253,3.671140390344013,3.70065462521948,25.51014120080341,0.6632210611366157,0.7174971518088,44.05368468412816,220.26842342064077,0.05427609067218431
1064.0,3.6331893953371908,3.670603727563936,3.7001260570669454,25.512503323423314,0.6627381794871441,0.7170399185703913,44.04724473076723,220.23622365383616,0.0543017390832472
1066.0,3.632636682035495,3.670069232048656,3.6995996667455904,25.514810832343304,0.6622552978376725,0.7165826853319825,44.040830784583875,220.20415392291937,0.0543273874943101
1068.0,3.6320860347066386,3.669536805850561,3.699075356070542,25.517064867874378,0.6617724161882008,0.7161254520935738,44.03444167020673,220.17220835103365,0.05435303590537299
1070.0,3.6315373599073104,3.6690063554509593,3.69855303129117,25.51926655261636,0.6612895345387292,0.7156682188551651,44.028076265411514,220.14038132705758,0.05437868431643589
1072.0,3.630990568421108,3.6684777915597695,3.6980326028906503,25.521416991396553,0.6608066528892576,0.7152109856167563,44.02173349871723,220.10866749358615,0.05440433272749878
1074.0,3.6304455750673235,3.6679510289242607,3.6975139853945964,25.523517271233104,0.6603237712397859,0.7147537523783476,44.01541234709113,220.07706173545563,0.05442998113856168
1076.0,3.629902298518378,3.6674259861464544,3.6969970971883437,25.525568461321477,0.6598408895903143,0.7142965191399389,44.00911183375745,220.04555916878726,0.054455629549624573
1078.0,3.6293606611255123,3.666902585508778,3.696481860342489,25.527571613042365,0.6593580079408426,0.7138392859015301,44.00283102610533,220.01415513052666,0.05448127796068747
1080.0,3.628820588752368,3.666380752807609,3.695968200446334,25.52952775998959,0.658875126291371,0.7133820526631214,43.99656903369131,219.98284516845655,0.054506926371750364
1082.0,3.6282820106160965,3.665860417194349,3.695456046448842,25.531437918016543,0.6583922446418994,0.7129248194247126,43.99032500633219,219.95162503166097,0.05453257478281326
1084.0,3.6277448591356514,3.6653415110236836,3.6949453305068074,25.533303085299828,0.6579093629924277,0.7124675861863039,43.9840981322842,219.920490661421,0.054558223193876154
1086.0,3.627209069786948,3.664823969708708,3.6944359878398694,25.535124242418856,0.6574264813429561,0.7120103529478952,43.9778876365045,219.8894381825225,0.05458387160493905
1088.0,3.6266745809645777,3.6643077315826074,3.6939279565920953,25.536902352450173,0.6569435996934845,0.7115531197094864,43.97169277899129,219.85846389495646,0.054609520016001944
1090.0,3.6261413338497714,3.6637927377665918,3.69342117769982,25.53863836107537,0.6564607180440128,0.7110958864710777,43.9655128531991,219.8275642659955,0.05463516842706484
1092.0,3.625609272284342,3.6632789320438017,3.692915594765458,25.54033319670155,0.6559778363945412,0.710638653232669,43.95934718452562,219.7967359226281,0.054660816838127735
1094.0,3.6250783426503266,3.662766260738927,3.692411153937026,25.5419877705933,0.6554949547450696,0.7101814199942602,43.95319512886712,219.7659756443356,0.05468646524919063
1096.0,3.624548493755075,3.662254672603261,3.691907803793107,25.543602977015244,0.655012073095598,0.7097241867558515,43.94705607123913,219.73528035619566,0.054712113660253525
1098.0,3.624019676721536,3.661744118704959,3.6914054952330217,25.545179693384256,0.6545291914461263,0.7092669535174427,43.940929424459505,219.70464712229753,0.05473776207131642
1100.0,3.6234918448835067,3.661234552324259,3.690904181371964,25.5467187804305,0.6540463097966547,0.708809720279034,43.93481462789111,219.67407313945554,0.054763410482379316
1102.0,3.622964953685623,3.6607259288534433,3.69040381744087,25.548221082366478,0.653563428147183,0.7083524870406253,43.92871114624132,219.6435557312066,0.05478905889344221
1104.0,3.6224389605878673,3.6602182057013235,3.689904360690832,25.549687427063372,0.6530805464977114,0.7078952538022165,43.922618468415884,219.61309234207943,0.054814707304505106
1106.0,3.62191382497441,3.6597113422020477,3.6894057703018124,25.551118626233926,0.6525976648482398,0.7074380205638078,43.91653610642457,219.58268053212288,0.054840355715568
1108.0,3.621389508066555,3.6592052995280295,3.6889080072955047,25.55251547562123,0.6521147831987681,0.706980787325399,43.910463594336356,219.5523179716818,0.054866004126630896
1110.0,3.620865972839645,3.6587000406068193,3.6884110344521166,25.553878755192773,0.6516319015492965,0.7065235540869903,43.90440048728183,219.52200243640917,0.05489165253769379
1112.0,3.620343183943711,3.6581955300417324,3.687914816230931,25.555209229339162,0.6511490198998249,0.7060663208485816,43.89834636050079,219.49173180250395,0.05491730094875669
1114.0,3.6198211076277125,3.657691734036069,3.687419318694449,25.556507647076973,0.6506661382503532,0.7056090876101728,43.89230080843283,219.46150404216414,0.05494294935981958
1116.0,3.6192997116672143,3.65718862032076,3.68692450943596,25.557774742255205,0.6501832566008816,0.7051518543717641,43.886263443849124,219.4313172192456,0.05496859777088248
1118.0,3.6187789652953275,3.6566861580852907,3.6864303575103987,25.559011233764842,0.64970037495141,0.7046946211333553,43.88023389702349,219.40116948511744,0.05499424618194537
1120.0,3.6182588391367743,3.656184317911739,3.685936833368313,25.560217825751064,0.6492174933019383,0.7042373878949466,43.874211814940864,219.3710590747043,0.05501989459300827
1122.0,3.6177393051449394,3.6556830717118056,3.685443908792828,25.561395207827704,0.6487346116524667,0.7037801546565379,43.868196860541666,219.34098430270834,0.05504554300407116
1124.0,3.6172203365417657,3.655182392666692,3.6849515568394513,25.562544055293515,0.6482517300029951,0.7033229214181291,43.862188712000304,219.31094356000153,0.05507119141513406
1126.0,3.6167019077603726,3.6546822551696923,3.6844597517786113,25.563665029349877,0.6477688483535234,0.7028656881797204,43.856187062036305,219.28093531018152,0.05509683982619695
1128.0,3.616183994390268,3.654182634771386,3.6839684690407766,25.564758777319636,0.6472859667040518,0.7024084549413117,43.850191617256634,219.25095808628316,0.05512248823725985
1130.0,3.6156665731250364,3.6536835081273082,3.6834776851640667,25.565825932866666,0.6468030850545802,0.7019512217029029,43.8442020975277,219.2210104876385,0.05514813664832274
1132.0,3.615149621712398,3.653184852947986,3.682987377744232,25.566867116215928,0.6463202034051085,0.7014939884644942,43.838218235375834,219.19109117687918,0.05517378505938564
1134.0,3.614633118906525,3.6526866479512385,3.682497525386893,25.56788293437369,0.6458373217556369,0.7010367552260854,43.83223977541486,219.1611988770743,0.05519943347044853
1136.0,3.6141170444225144,3.6521888728166267,3.68200810766193,25.568873981347657,0.6453544401061653,0.7005795219876767,43.82626647379952,219.13133236899762,0.05522508188151143
1138.0,3.6136013788929215,3.651691508141973,3.6815191050599476,25.569840838366776,0.6448715584566936,0.700122288749268,43.82029809770368,219.10149048851838,0.055250730292574324
1140.0,3.613086103826259,3.6511945354018387,3.6810304989506966,25.570784074100455,0.644388676807222,0.6996650555108592,43.814334424822064,219.0716721241103,0.05527637870363722
1142.0,3.612571201567373,3.6506979369078834,3.6805422715433815,25.571704244877022,0.6439057951577504,0.6992078222724505,43.8083752428946,219.041876214473,0.055302027114700114
1144.0,3.612056655259612,3.650201695771019,3.680054405848759,25.5726018949012,0.6434229135082787,0.6987505890340417,43.80242034925223,219.01210174626115,0.05532767552576301
1146.0,3.6115424488087102,3.6497057958652737,3.6795668856429518,25.57347755647041,0.6429400318588071,0.698293355795633,43.796469550383286,218.98234775191642,0.055353323936825904
1148.0,3.6110285668482973,3.6492102217932856,3.67907969543289,25.57433175018977,0.6424571502093355,0.6978361225572243,43.790522661519425,218.95261330759712,0.0553789723478888
1150.0,3.6105149947069783,3.648714958853365,3.6785928204233294,25.575164985185587,0.6419742685598638,0.6973788893188155,43.784579506240384,218.92289753120193,0.055404620758951695
1152.0,3.6100017183768927,3.648219993008043,3.678106246485343,25.575977759317237,0.6414913869103922,0.6969216560804068,43.778639916096516,218.8931995804826,0.05543026917001459
1154.0,3.6094887244837026,3.6477253108540384,3.6776199601262505,25.576770559387285,0.6410085052609206,0.696464422841998,43.77270373024846,218.8635186512423,0.055455917581077485
1156.0,3.6089760002579365,3.6472308995935907,3.6771339484608956,25.57754386134972,0.6405256236114489,0.6960071896035893,43.76677079512309,218.83385397561543,0.05548156599214038
1158.0,3.6084635335076296,3.6467367470070813,3.676648199184233,25.578298130516217,0.6400427419619773,0.6955499563651806,43.76084096408498,218.8042048204249,0.055507214403203275
1160.0,3.607951312592202,3.6462428414269024,3.6761627005451407,25.579033821760305,0.6395598603125057,0.6950927231267718,43.75491409712283,218.77457048561413,0.05553286281426617
1162.0,3.607439326397515,3.6457491717124957,3.6756774413214273,25.579751379719358,0.639076978663034,0.6946354898883631,43.74899006054995,218.74495030274974,0.055558511225329066
1164.0,3.606927564312063,3.645255727226532,3.675192410795962,25.580451238994332,0.6385940970135624,0.6941782566499544,43.743068726718384,218.7153436335919,0.05558415963639196
1166.0,3.606416016204235,3.644762497812158,3.674707598733884,25.58113382434717,0.6381112153640908,0.6937210234115456,43.7371499737459,218.6857498687295,0.055609808047454856
1168.0,3.60590467240061,3.6442694737712826,3.6742229953608447,25.581799550895816,0.6376283337146191,0.6932637901731369,43.73123368525539,218.65616842627696,0.05563545645851775
1170.0,3.605393523665233,3.6437766458438308,3.6737385913422305,25.582448824306766,0.6371454520651475,0.6928065569347281,43.72531975012597,218.62659875062985,0.055661104869580647
1172.0,3.6048825611798225,3.6432840051879523,3.67325437776332,25.583082040985122,0.6366625704156759,0.6923493236963194,43.719408062255425,218.5970403112771,0.05568675328064354
1174.0,3.6043717765248857,3.642791543361111,3.6727703461103496,25.583699588262093,0.6361796887662042,0.6918920904579107,43.71349852033333,218.56749260166666,0.05571240169170644
1176.0,3.603861161661676,3.6422992523020405,3.6722864882524213,25.584301844579908,0.6356968071167326,0.6914348572195019,43.70759102762449,218.53795513812244,0.05573805010276933
1178.0,3.603350708914972,3.6418071243135057,3.671802796424235,25.58488917967411,0.635213925467261,0.6909776239810932,43.70168549176207,218.50842745881036,0.05576369851383223
1180.0,3.6028404109566368,3.641315152045852,3.671319263209601,25.5854619547532,0.6347310438177893,0.6905203907426845,43.695781824550224,218.47890912275113,0.05578934692489512
1182.0,3.602330260789918,3.6408233284812965,3.670835881525694,25.586020522675604,0.6342481621683177,0.6900631575042757,43.68987994177556,218.4493997088778,0.05581499533595802
1184.0,3.601820251734458,3.640331646918922,3.6703526446080206,25.586565228123956,0.6337652805188461,0.689605924265867,43.68397976302707,218.41989881513535,0.05584064374702091
1186.0,3.601310377411987,3.6398401009603663,3.6698695459960646,25.587096407776684,0.6332823988693744,0.6891486910274582,43.67808121152439,218.39040605762196,0.05586629215808381
1188.0,3.6008006317326533,3.6393486844961362,3.669386579519582,25.587614390476862,0.6327995172199028,0.6886914577890495,43.672184213953635,218.36092106976818,0.0558919405691467
1190.0,3.6002910088819857,3.6388573916925626,3.6689037392855126,25.58811949739837,0.6323166355704312,0.6882342245506408,43.66628870031075,218.33144350155376,0.0559175889802096
1192.0,3.5997815033084324,3.6383662169793283,3.6684210196654883,25.588612042209313,0.6318337539209595,0.687776991312232,43.66039460375194,218.3019730187597,0.05594323739127249
1194.0,3.599272109711472,3.637875155037572,3.667938415283896,25.589092331232724,0.6313508722714879,0.6873197580738233,43.654501860450864,218.27250930225432,0.05596888580233539
1196.0,3.59876282303026,3.637384200788519,3.667455921006489,25.589560663604562,0.6308679906220163,0.6868625248354145,43.64861040946223,218.24305204731115,0.055994534213398284
1198.0,3.5982536384327872,3.636893349382637,3.6669735319295085,25.59001733142898,0.6303851089725446,0.6864052915970058,43.642720192591646,218.21360096295822,0.05602018262446118
1200.0,3.597744551305531,3.6364025961892756,3.6664912433692924,25.590462619930918,0.629902227323073,0.6859480583585971,43.636831154271306,218.18415577135653,0.056045831035524074
1202.0,3.597235557243572,3.6359119367867714,3.6660090508523644,25.590896807605983,0.6294193456736014,0.6854908251201883,43.63094324144126,218.1547162072063,0.05607147944658697
1204.0,3.5967266520411614,3.6354213669530133,3.6655269501059595,25.591320166367684,0.6289364640241297,0.6850335918817796,43.62505640343616,218.1252820171808,0.056097127857649864
1206.0,3.596217831682712,3.6349308826564175,3.665044937048981,25.591732961691978,0.6284535823746581,0.6845763586433709,43.61917059187701,218.09585295938504,0.05612277626871276
1208.0,3.595709092334198,3.6344404800473225,3.6645630077833653,25.592135452759205,0.6279707007251865,0.6841191254049621,43.61328576056787,218.06642880283934,0.056148424679775655
1210.0,3.595200430334942,3.6339501554497713,3.6640811585858435,25.592527892593388,0.6274878190757148,0.6836618921665534,43.60740186539726,218.0370093269863,0.05617407309083855
1212.0,3.594691842189779,3.633459905353659,3.6635993859000626,25.59291052819895,0.6270049374262432,0.6832046589281446,43.60151886424391,218.00759432121953,0.056199721501901445
1214.0,3.5941833245615666,3.6329697264072442,3.6631176863290698,25.59328360069483,0.6265220557767716,0.6827474256897359,43.59563671688693,217.97818358443465,0.05622536991296434
1216.0,3.59367487426404,3.632479615409991,3.662636056628135,25.59364734544608,0.6260391741272999,0.6822901924513272,43.58975538491989,217.94877692459946,0.056251018324027235
1218.0,3.59316648825499,3.6319895693057394,3.6621544936979005,25.594001992192933,0.6255562924778283,0.6818329592129184,43.58387483166887,217.91937415834437,0.05627666673509013
1220.0,3.5926581636297437,3.631499585176185,3.661672994577832,25.59434776517735,0.6250734108283567,0.6813757259745097,43.57799502211422,217.88997511057113,0.056302315146153026
1222.0,3.59214989761495,3.631009660234648,3.6611915564399706,25.594684883267124,0.624590529178885,0.6809184927361009,43.572115922815776,217.8605796140789,0.05632796355721592
1224.0,3.591641687562637,3.630519791820131,3.6607101765829655,25.59501356007754,0.6241076475294134,0.6804612594976922,43.56623750184157,217.83118750920784,0.056353611968278816
1226.0,3.591133530944543,3.6300299773916387,3.66022885242638,25.595334004090606,0.6236247658799418,0.6800040262592835,43.560359728699666,217.80179864349833,0.05637926037934171
1228.0,3.5906254253467034,3.6295402145227613,3.659747581505245,25.595646418771935,0.6231418842304701,0.6795467930208747,43.55448257427314,217.7724128713657,0.056404908790404606
1230.0,3.5901173684642775,3.6290505008964966,3.6592663614648666,25.595951002685243,0.6226590025809985,0.679089559782466,43.54860601075796,217.7430300537898,0.0564305572014675
1232.0,3.589609358096622,3.6285608343003077,3.658785190055867,25.596247949604553,0.6221761209315269,0.6786323265440573,43.542730011603695,217.71365005801846,0.0564562056125304
1234.0,3.58910139214257,3.6280712126214087,3.6583040651294416,25.596537448624108,0.6216932392820552,0.6781750933056485,43.536854551456905,217.68427275728453,0.05648185402359329
1236.0,3.588593468595938,3.6275816338422557,3.657822984632845,25.596819684266023,0.6212103576325836,0.6777178600672398,43.53097960610707,217.65489803053532,0.05650750243465619
1238.0,3.5880855855412297,3.627092096036249,3.657341946605062,25.59709483658573,0.620727475983112,0.677260626828831,43.52510515243499,217.62552576217496,0.05653315084571908
1240.0,3.5875777411495333,3.626602597363625,3.656860949172687,25.59736308127521,0.6202445943336403,0.6768033935904223,43.5192311683635,217.59615584181748,0.05655879925678198
1242.0,3.587069933674606,3.6261131360675325,3.6563799905459895,25.59762458976411,0.6197617126841687,0.6763461603520136,43.51335763281039,217.56678816405196,0.05658444766784487
1244.0,3.586562161449141,3.6256237104702955,3.6558990690151454,25.597879529318696,0.619278831034697,0.6758889271136048,43.50748452564355,217.53742262821774,0.05661009607890777
1246.0,3.5860544228811895,3.625134318969833,3.6554181829466534,25.598128063138752,0.6187959493852254,0.6754316938751961,43.501611827637994,217.50805913818996,0.05663574448997066
1248.0,3.585546716450758,3.624644960036244,3.6549373307798985,25.598370350452402,0.6183130677357538,0.6749744606367873,43.495739520434924,217.47869760217463,0.05666139290103356
1250.0,3.585039040706556,3.624155632208556,3.654456511023882,25.598606546608924,0.6178301860862822,0.6745172273983786,43.489867586502676,217.44933793251337,0.05668704131209645
1252.0,3.584531394262885,3.623666334091608,3.6539757222540943,25.598836803169572,0.6173473044368105,0.6740599941599699,43.4839960090993,217.41998004549652,0.05671268972315935
1254.0,3.5840237757966764,3.6231770643530807,3.653494963109528,25.599061267996454,0.6168644227873389,0.6736027609215611,43.47812477223697,217.39062386118485,0.056738338134222244
1256.0,3.5835161840446577,3.622687821720659,3.653014232289822,25.59928008533947,0.6163815411378673,0.6731455276831524,43.47225386064791,217.36126930323957,0.05676398654528514
1258.0,3.5830086178006475,3.622198604979326,3.6525335285525466,25.599493395921385,0.6158986594883956,0.6726882944447437,43.466383259751915,217.33191629875958,0.056789634956348034
1260.0,3.5825010759129774,3.621709412968775,3.6520528507105987,25.599701337021042,0.615415777838924,0.6722310612063349,43.4605129556253,217.30256477812648,0.05681528336741093
1262.0,3.5819935572820234,3.621220244580939,3.651572197629716,25.599904042554748,0.6149328961894523,0.6717738279679262,43.45464293497127,217.27321467485635,0.056840931778473824
1264.0,3.5814860608578565,3.6207310987576364,3.6510915682261125,25.600101643155874,0.6144500145399807,0.6713165947295174,43.44877318509164,217.24386592545818,0.05686658018953672
1266.0,3.5809785856379928,3.6202419744883176,3.6506109614642073,25.60029426625271,0.6139671328905091,0.6708593614911087,43.44290369385981,217.21451846929907,0.056892228600599615
1268.0,3.5804711306652486,3.6197528708079147,3.650130376354468,25.60048203614459,0.6134842512410374,0.6704021282527,43.43703444969498,217.18517224847488,0.05691787701166251
1270.0,3.5799636950256937,3.6192637867947917,3.6496498119513405,25.600665074076332,0.6130013695915658,0.6699448950142912,43.4311654415375,217.1558272076875,0.056943525422725405
1272.0,3.579456277846695,3.618774721568784,3.649169267351283,25.600843498311,0.6125184879420942,0.6694876617758825,43.42529665882541,217.12648329412704,0.0569691738337883
1274.0,3.578948878295049,3.6182856742893255,3.648688741690875,25.60101742420108,0.6120356062926225,0.6690304285374737,43.41942809147191,217.09714045735953,0.056994822244851195
1276.0,3.5784414955752,3.6177966441536644,3.648208234145027,25.60118696425801,0.6115527246431509,0.668573195299065,43.413559729843975,217.06779864921987,0.05702047065591409
1278.0,3.577934128927537,3.6173076303951572,3.647727743925258,25.601352228220183,0.6110698429936793,0.6681159620606563,43.40769156474189,217.03845782370945,0.057046119066976986
1280.0,3.5774267776267688,3.6168186322816385,3.647247270278059,25.601513323119406,0.6105869613442076,0.6676587288222475,43.40182358737966,217.0091179368983,0.05707176747803988
1282.0,3.576919440980373,3.6163296491138652,3.646766812483322,25.60167035334584,0.610104079694736,0.6672014955838388,43.39595578936638,216.9797789468319,0.057097415889102776
1284.0,3.5764121183271143,3.6158406802240357,3.6462863698528465,25.60182342071148,0.6096211980452644,0.66674426234543,43.39008816268843,216.95044081344213,0.05712306430016567
1286.0,3.575904809035631,3.6153517249743685,3.645805941728916,25.601972624512197,0.6091383163957927,0.6662870291070213,43.38422069969242,216.92110349846212,0.057148712711228566
1288.0,3.575397512503081,3.6148627827557474,3.6453255274829264,25.602118061588346,0.6086554347463211,0.6658297958686126,43.37835339306897,216.89176696534486,0.05717436112229146
1290.0,3.5748902281538566,3.614373852986432,3.6448451265140864,25.602259826383992,0.6081725530968495,0.6653725626302038,43.37248623583719,216.86243117918593,0.05720000953335436
1292.0,3.574382955438353,3.6138849351108235,3.6443647382481736,25.602398011004787,0.6076896714473778,0.6649153293917951,43.366619221329884,216.8330961066494,0.05722565794441725
1294.0,3.573875693831788,3.6133960285982822,3.6438843621363466,25.602532705274502,0.6072067897979062,0.6644580961533864,43.360752343179385,216.80376171589694,0.05725130635548015
1296.0,3.5733684428330874,3.6129071329420057,3.6434039976540107,25.602663996790266,0.6067239081484346,0.6640008629149776,43.35488559530407,216.77442797652034,0.05727695476654304
1298.0,3.5728612019638075,3.612418247657953,3.64292364429973,25.602791970976526,0.6062410264989629,0.6635436296765689,43.34901897189544,216.7450948594772,0.05730260317760594
1300.0,3.572353970767113,3.61192937228382,3.6424433015942,25.60291671113775,0.6057581448494913,0.6630863964381601,43.343152467405844,216.71576233702922,0.05732825158866883
1302.0,3.571846748806803,3.611440506378059,3.641962969079251,25.603038298509908,0.6052752632000197,0.6626291631997514,43.33728607653671,216.68643038268354,0.05735389999973173
1304.0,3.571339535666376,3.61095164951894,3.641482646316909,25.603156812310775,0.604792381550548,0.6621719299613427,43.33141979422728,216.6570989711364,0.05737954841079462
1306.0,3.5708323309481402,3.6104628013036653,3.6410023328884966,25.60327232978903,0.6043094999010764,0.6617146967229339,43.32555361564398,216.6277680782199,0.05740519682185752
1308.0,3.570325134272363,3.609973961347509,3.6405220283937636,25.603384926272216,0.6038266182516048,0.6612574634845252,43.31968753617011,216.59843768085054,0.05743084523292041
1310.0,3.569817945276458,3.609485129283005,3.640041732450071,25.60349467521361,0.6033437366021331,0.6608002302461164,43.31382155139606,216.56910775698032,0.05745649364398331
1312.0,3.5693107636142143,3.6089963047591724,3.639561444691605,25.60360164823794,0.6028608549526615,0.6603429970077077,43.30795565711007,216.53977828555037,0.057482142055046204
1314.0,3.568803588955052,3.60850748744077,3.6390811647686268,25.603705915186065,0.6023779733031899,0.659885763769299,43.30208984928924,216.5104492464462,0.0575077904661091
1316.0,3.5682964209833163,3.608018677007586,3.638600892346751,25.603807544158595,0.6018950916537182,0.6594285305308902,43.29622412409103,216.48112062045516,0.057533438877171994
1318.0,3.567789259397605,3.607529873153766,3.6381206271062707,25.60390660155847,0.6014122100042466,0.6589712972924815,43.290358477845196,216.45179238922597,0.05755908728823489
1320.0,3.5672821039101246,3.6070410755871625,3.637640368741495,25.604003152132552,0.600929328354775,0.6585140640540728,43.28449290704595,216.42246453522975,0.057584735699297784
1322.0,3.566774954246071,3.606552284028719,3.6371601169601306,25.604097259012214,0.6004464467053033,0.658056830815664,43.278627408344626,216.39313704172312,0.05761038411036068
1324.0,3.566267810143048,3.606063498211879,3.6366798714826825,25.60418898375298,0.5999635650558317,0.6575995975772553,43.27276197854255,216.36380989271274,0.057636032521423575
1326.0,3.5657606713505032,3.605574717882028,3.636199632041887,25.604278386373217,0.5994806834063601,0.6571423643388465,43.26689661458433,216.33448307292167,0.05766168093248647
1328.0,3.5652535376291925,3.6050859427959487,3.635719398382163,25.60436552539191,0.5989978017568884,0.6566851311004378,43.261031313551385,216.3051565677569,0.057687329343549365
1330.0,3.564746408750673,3.604597172721315,3.6352391702591014,25.60445045786553,0.5985149201074168,0.6562278978620291,43.25516607265578,216.2758303632789,0.05771297775461226
1332.0,3.564239284496809,3.6041084074362,3.634758947438958,25.60453323942403,0.5980320384579452,0.6557706646236203,43.2493008892344,216.246504446172,0.057738626165675155
1334.0,3.563732164659312,3.603619646728603,3.6342787296981864,25.60461392430598,0.5975491568084735,0.6553134313852116,43.24343576074323,216.21717880371617,0.05776427457673805
1336.0,3.563225049039291,3.60313089039601,3.6337985168229854,25.60469256539286,0.5970662751590019,0.6548561981468028,43.23757068475212,216.1878534237606,0.057789922987800946
1338.0,3.562717937446832,3.6026421382449647,3.6333183086088625,25.60476921424252,0.5965833935095303,0.6543989649083941,43.231705658939575,216.15852829469787,0.05781557139886384
1340.0,3.5622108297005886,3.6021533900906575,3.6328381048602263,25.604843921121866,0.5961005118600586,0.6539417316699854,43.22584068108789,216.12920340543945,0.057841219809926736
1342.0,3.5617037256273982,3.6016646457565424,3.6323579053899833,25.604916735038724,0.595617630210587,0.6534844984315766,43.21997574907851,216.09987874539254,0.05786686822098963
1344.0,3.561196625061911,3.6011759050739607,3.6318777100191744,25.60498770377297,0.5951347485611154,0.6530272651931679,43.21411086088753,216.07055430443765,0.057892516632052526
1346.0,3.5606895278462347,3.600687167881789,3.631397518576598,25.605056873906886,0.5946518669116437,0.6525700319547592,43.20824601458147,216.04123007290735,0.05791816504311542
1348.0,3.5601824338296018,3.6001984340261006,3.6309173308984835,25.605124290854796,0.5941689852621721,0.6521127987163504,43.202381208313206,216.01190604156602,0.05794381345417832
1350.0,3.5596753428680454,3.59970970335984,3.6304371468281476,25.605189998891987,0.5936861036127005,0.6516555654779417,43.19651644031808,215.9825822015904,0.05796946186524121
1352.0,3.5591682548240913,3.5992209757425146,3.6299569662156914,25.60525404118292,0.5932032219632288,0.6511983322395329,43.190651708910174,215.95325854455086,0.05799511027630411
1354.0,3.5586611695664656,3.598732251039903,3.6294767889176955,25.60531645980878,0.5927203403137572,0.6507410990011242,43.184787012478836,215.92393506239418,0.058020758687367
1356.0,3.5581540869698167,3.5982435291237684,3.6289966147969346,25.60537729579433,0.5922374586642856,0.6502838657627155,43.17892234948522,215.8946117474261,0.0580464070984299
1358.0,3.5576470069144426,3.5977548098715935,3.6285164437221025,25.605436589134133,0.5917545770148139,0.6498266325243067,43.17305771845912,215.8652885922956,0.05807205550949279
1360.0,3.5571399292860417,3.5972660931663225,3.628036275567554,25.60549437881813,0.5912716953653423,0.649369399285898,43.16719311799587,215.83596558997937,0.05809770392055569
1362.0,3.556632853975464,3.5967773788961153,3.6275561102130514,25.605550702856604,0.5907888137158707,0.6489121660474892,43.16132854675338,215.80664273376692,0.05812335233161858
1364.0,3.5561257808784825,3.5962886669541128,3.6270759475435312,25.605605598304525,0.590305932066399,0.6484549328090805,43.15546400344935,215.77732001724678,0.05814900074268148
1366.0,3.5556187098955667,3.5957999572382158,3.626595787448871,25.60565910128531,0.5898230504169274,0.6479976995706718,43.14959948685859,215.74799743429296,0.05817464915374437
1368.0,3.555111640931673,3.5953112496508695,3.6261156298236714,25.605711247013996,0.5893401687674558,0.647540466332263,43.14373499581043,215.71867497905217,0.05820029756480727
1370.0,3.5546045738960435,3.5948225440988595,3.6256354745670545,25.605762069819868,0.5888572871179841,0.6470832330938543,43.137870529186316,215.6893526459316,0.058225945975870164
1372.0,3.554097508702008,3.5943338404931175,3.6251553215824597,25.605811603168497,0.5883744054685125,0.6466259998554456,43.13200608591741,215.66003042958704,0.05825159438693306
1374.0,3.553590445266805,3.593845138748536,3.6246751707774547,25.60585987968328,0.5878915238190409,0.6461687666170368,43.126141664982434,215.63070832491218,0.058277242797995954
1376.0,3.553083383511398,3.5933564387837893,3.6241950220635535,25.605906931166423,0.5874086421695692,0.6457115333786281,43.12027726540547,215.60138632702734,0.05830289120905885
1378.0,3.5525763233603165,3.592867740521165,3.6237148753560477,25.605952788619426,0.5869257605200976,0.6452543001402193,43.11441288625398,215.5720644312699,0.058328539620121744
1380.0,3.552069264741486,3.592379043886402,3.6232347305738357,25.605997482263056,0.586442878870626,0.6447970669018106,43.108548526636824,215.5427426331841,0.05835418803118464
1382.0,3.5515622075860813,3.5918903488085356,3.6227545876392657,25.606041041556846,0.5859599972211543,0.6443398336634019,43.10268418570243,215.51342092851215,0.058379836442247535
1384.0,3.5510551518283764,3.5914016552197494,3.6222744464779852,25.60608349521809,0.5854771155716827,0.6438826004249931,43.09681986263699,215.48409931318497,0.05840548485331043
1386.0,3.5505480974056045,3.5909129630552346,3.6217943070187966,25.606124871240397,0.5849942339222111,0.6434253671865844,43.09095555666281,215.45477778331406,0.058431133264373325
1388.0,3.5500410442578256,3.590424272253055,3.62131416919352,25.606165196911768,0.5845113522727394,0.6429681339481756,43.08509126703666,215.4254563351833,0.05845678167543622
1390.0,3.5495339923277998,3.5899355827540202,3.620834032936861,25.606204498832245,0.5840284706232678,0.6425109007097669,43.079226993048245,215.39613496524123,0.058482430086499115
1392.0,3.549026941560863,3.58944689450156,3.620353898186282,25.606242802931114,0.5835455889737962,0.6420536674713582,43.07336273401872,215.36681367009362,0.05850807849756201
1394.0,3.548519891904811,3.5889582074416073,3.6198737648818855,25.606280134483686,0.5830627073243245,0.6415964342329494,43.06749848929929,215.33749244649644,0.058533726908624906
1396.0,3.548012843309792,3.5884695215224904,3.619393632966296,25.606316518127674,0.5825798256748529,0.6411392009945407,43.06163425826988,215.30817129134942,0.0585593753196878
1398.0,3.5475057957281946,3.5879808366948183,3.618913502384553,25.606351977879143,0.5820969440253813,0.640681967756132,43.05577004033782,215.2788502016891,0.058585023730750696
1400.0,3.5469987491145516,3.5874921529113872,3.618433373084004,25.60638653714809,0.5816140623759096,0.6402247345177232,43.049905834936645,215.24952917468323,0.05861067214181359
1402.0,3.5464917034254406,3.5870034701270748,3.6179532450142045,25.606420218753634,0.581131180726438,0.6397675012793145,43.0440416415249,215.2202082076245,0.058636320552876486
1404.0,3.545984658619394,3.5865147882987536,3.617473118126821,25.60645304493882,0.5806482990769664,0.6393102680409057,43.03817745958504,215.1908872979252,0.05866196896393938
1406.0,3.5454776146568068,3.586026107385198,3.616992992375543,25.60648503738506,0.5801654174274947,0.638853034802497,43.032313288622376,215.1615664431119,0.05868761737500228
1408.0,3.544970571499856,3.5855374273470013,3.616512867715989,25.606516217226222,0.5796825357780231,0.6383958015640883,43.02644912816402,215.1322456408201,0.05871326578606517
1410.0,3.544463529112421,3.5850487481464923,3.6160327441056306,25.60654660506237,0.5791996541285515,0.6379385683256795,43.020584977757906,215.10292488878952,0.05873891419712807
1412.0,3.543956487460003,3.58456006974766,3.6155526215037037,25.60657622097316,0.5787167724790798,0.6374813350872708,43.01472083697192,215.0736041848596,0.05876456260819096
1414.0,3.5434494465096544,3.584071392116078,3.615072499871141,25.6066050845309,0.5782338908296082,0.637024101848862,43.00885670539294,215.04428352696468,0.05879021101925386
1416.0,3.5429424062299084,3.5835827152188364,3.614592379170492,25.6066332148133,0.5777510091801366,0.6365668686104533,43.002992582626035,215.01496291313018,0.05881585943031675
1418.0,3.5424353665907113,3.5830940390244694,3.6141122593658546,25.606660630415874,0.5772681275306649,0.6361096353720446,42.99712846829363,214.98564234146815,0.05884150784137965
1420.0,3.5419283275633613,3.582605363502896,3.613632140422811,25.606687349464085,0.5767852458811933,0.6356524021336358,42.99126436203475,214.95632181017373,0.05886715625244254
1422.0,3.5414212891204437,3.5821166886253537,3.6131520223083617,25.606713389625135,0.5763023642317217,0.6351951688952271,42.985400263504246,214.92700131752122,0.05889280466350544
1424.0,3.540914251235775,3.581628014364346,3.612671904990864,25.6067387681195,0.57581948258225,0.6347379356568184,42.97953617237215,214.89768086186075,0.05891845307456833
1426.0,3.540407213884349,3.5811393406935768,3.612191788439976,25.60676350173215,0.5753366009327784,0.6342807024184096,42.97367208832292,214.8683604416146,0.05894410148563123
1428.0,3.53990017704228,3.5806506675879066,3.611711672626598,25.60678760682352,0.5748537192833068,0.6338234691800009,42.96780801105488,214.83904005527438,0.058969749896694124
1430.0,3.539393140686756,3.580161995023294,3.611231557522818,25.606811099340177,0.5743708376338351,0.6333662359415921,42.961943940279525,214.80971970139763,0.05899539830775702
1432.0,3.538886104795987,3.579673322976751,3.610751443101869,25.60683399482524,0.5738879559843635,0.6329090027031834,42.95607987572101,214.78039937860504,0.059021046718819914
1434.0,3.5383790693491597,3.5791846514262935,3.6102713293380693,25.60685630842854,0.5734050743348919,0.6324517694647747,42.95021581711552,214.7510790855776,0.05904669512988281
1436.0,3.5378720343263956,3.5786959803508975,3.609791216206782,25.60687805491651,0.5729221926854202,0.6319945362263659,42.94435176421077,214.72175882105387,0.059072343540945704
1438.0,3.537364999708707,3.5782073097304585,3.6093111036843704,25.606899248681852,0.5724393110359486,0.6315373029879572,42.9384877167655,214.6924385838275,0.0590979919520086
1440.0,3.5368579654779575,3.577718639545747,3.6088309917481554,25.60691990375295,0.571956429386477,0.6310800697495484,42.932623674548964,214.6631183727448,0.059123640363071495
1442.0,3.5363509316168225,3.5772299697783727,3.6083508803763698,25.60694003380304,0.5714735477370053,0.6306228365111397,42.926759637340474,214.63379818670236,0.05914928877413439
1444.0,3.535843898108754,3.576741300410745,3.607870769548127,25.606959652159162,0.5709906660875337,0.630165603272731,42.92089560492894,214.6044780246447,0.059174937185197285
1446.0,3.5353368649379435,3.5762526314260383,3.607390659243379,25.606978771810905,0.570507784438062,0.6297083700343222,42.91503157711246,214.5751578855623,0.05920058559626018
1448.0,3.534829832089293,3.57576396280816,3.6069105494428824,25.606997405418884,0.5700249027885904,0.6292511367959135,42.90916755369792,214.5458377684896,0.059226234007323075
1450.0,3.5343227995483777,3.5752752945417146,3.6064304401281615,25.607015565323056,0.5695420211391188,0.6287939035575048,42.90330353450057,214.51651767250286,0.05925188241838597
1452.0,3.533815767301418,3.5747866266119748,3.60595033128148,25.607033263550804,0.5690591394896471,0.628336670319096,42.8974395193437,214.4871975967185,0.059277530829448866
1454.0,3.5333087353352526,3.5742979590048534,3.605470222885807,25.607050511824813,0.5685762578401755,0.6278794370806873,42.89157550805824,214.45787754029118,0.05930317924051176
1456.0,3.532801703637306,3.5738092917068696,3.604990114924792,25.607067321570774,0.5680933761907039,0.6274222038422785,42.88571150048244,214.4285575024122,0.059328827651574656
1458.0,3.532294672195566,3.573320624705129,3.6045100073827245,25.607083703924864,0.5676104945412322,0.6269649706038698,42.879847496461544,214.3992374823077,0.05935447606263755
1460.0,3.5317876409985565,3.572831957987292,3.6040299002445217,25.60709966974106,0.5671276128917606,0.6265077373654611,42.873983495847504,214.36991747923753,0.059380124473700446
1462.0,3.531280610035315,3.572343291541554,3.6035497934956924,25.607115229598264,0.566644731242289,0.6260505041270523,42.86811949849865,214.34059749249326,0.05940577288476334
1464.0,3.5307735792953645,3.5718546253566177,3.603069687122317,25.607130393807246,0.5661618495928173,0.6255932708886436,42.86225550427941,214.31127752139705,0.05943142129582624
1466.0,3.5302665487686995,3.571365959421673,3.6025895811110202,25.607145172417415,0.5656789679433457,0.6251360376502348,42.856391513060075,214.2819575653004,0.05945706970688913
1468.0,3.5297595184457586,3.570877293726374,3.60210947544895,25.60715957522342,0.5651960862938741,0.6246788044118261,42.85052752471649,214.25263762358244,0.05948271811795203
1470.0,3.529252488317406,3.5703886282608224,3.6016293701237574,25.607173611771596,0.5647132046444024,0.6242215711734174,42.84466353912987,214.22331769564934,0.05950836652901492
1472.0,3.5287454583749134,3.5698999630155392,3.6011492651235706,25.607187291366223,0.5642303229949308,0.6237643379350086,42.83879955618647,214.19399778093236,0.05953401494007782
1474.0,3.528238428609941,3.5694112979814574,3.6006691604369827,25.60720062307565,0.5637474413454592,0.6233071046965999,42.83293557577749,214.16467787888746,0.05955966335114071
1476.0,3.52773139901452,3.568922633149896,3.600189056053024,25.607213615738253,0.5632645596959875,0.6228498714581912,42.827071597798756,214.13535798899377,0.05958531176220361
1478.0,3.527224369581035,3.568433968512545,3.5997089519611496,25.607226277968262,0.5627816780465159,0.6223926382197824,42.82120762215054,214.1060381107527,0.0596109601732665
1480.0,3.52671734030221,3.5679453040614484,3.5992288481512196,25.607238618161414,0.5622987963970443,0.6219354049813737,42.81534364873738,214.0767182436869,0.0596366085843294
1482.0,3.5262103111710905,3.5674566397889915,3.5987487446134847,25.607250644500485,0.5618159147475726,0.6214781717429649,42.8094796774679,214.04739838733948,0.05966225699539229
1484.0,3.5257032821810323,3.566967975687884,3.5982686413385676,25.60726236496067,0.561333033098101,0.6210209385045562,42.803615708254604,214.018078541273,0.05968790540645519
1486.0,3.5251962533256846,3.5664793117511433,3.5977885383174453,25.607273787314835,0.5608501514486294,0.6205637052661475,42.79775174101372,213.9887587050686,0.059713553817518084
1488.0,3.5246892245989776,3.565990647972086,3.597308435541442,25.607284919138642,0.5603672697991577,0.6201064720277387,42.79188777566503,213.95943887832516,0.05973920222858098
1490.0,3.5241821959951123,3.5655019843443116,3.5968283330022106,25.607295767815533,0.5598843881496861,0.61964923878933,42.78602381213174,213.93011906065868,0.059764850639643874
1492.0,3.5236751675085416,3.565013320861689,3.596348230691716,25.607306340541587,0.5594015065002145,0.6191920055509212,42.78015985034027,213.90079925170136,0.05979049905070677
1494.0,3.5231681391339675,3.564524657518349,3.595868128602226,25.607316644330275,0.5589186248507428,0.6187347723125125,42.77429589022019,213.87147945110092,0.059816147461769664
1496.0,3.5226611108663244,3.5640359943086675,3.595388026726302,25.60732668601707,0.5584357432012712,0.6182775390741038,42.76843193170401,213.84215965852005,0.05984179587283256
1498.0,3.5221540827007707,3.56354733122726,3.5949079250567815,25.607336472263963,0.5579528615517996,0.617820305835695,42.76256797472712,213.8128398736356,0.059867444283895455
1500.0,3.5216470546326755,3.563058668268967,3.5944278235867686,25.607346009563845,0.5574699799023279,0.6173630725972863,42.756704019227605,213.78352009613803,0.05989309269495835
1502.0,3.5211400266576156,3.5625700054288463,3.593947722309625,25.60735530424479,0.5569870982528563,0.6169058393588776,42.75084006514616,213.75420032573078,0.059918741106021245
1504.0,3.520632998771358,3.562081342702163,3.593467621218957,25.607364362474243,0.5565042166033847,0.6164486061204688,42.74497611242596,213.72488056212978,0.05994438951708414
1506.0,3.5201259709698585,3.561592680084381,3.5929875203086064,25.607373190263065,0.556021334953913,0.6159913728820601,42.73911216101257,213.69556080506285,0.059970037928147035
1508.0,3.519618943249249,3.561104017571152,3.592507419572645,25.607381793469514,0.5555384533044414,0.6155341396436513,42.73324821085382,213.6662410542691,0.05999568633920993
1510.0,3.519111915605829,3.5606153551583115,3.592027319005358,25.607390177803108,0.5550555716549698,0.6150769064052426,42.727384261899736,213.6369213094987,0.060021334750272826
1512.0,3.5186048880360623,3.560126692841866,3.5915472186012427,25.60739834882839,0.5545726900054981,0.6146196731668339,42.72152031410239,213.60760157051197,0.06004698316133572
1514.0,3.5180978605365656,3.559638030617991,3.591067118354994,25.607406311968603,0.5540898083560265,0.6141624399284251,42.71565636741589,213.57828183707943,0.060072631572398616
1516.0,3.5175908331041033,3.5591493684830167,3.5905870182615014,25.60741407250927,0.5536069267065549,0.6137052066900164,42.7097924217962,213.54896210898102,0.06009827998346151
1518.0,3.5170838057355795,3.558660706433429,3.5901069183158363,25.607421635601682,0.5531240450570832,0.6132479734516076,42.703928477201146,213.51964238600573,0.060123928394524406
1520.0,3.5165767784280355,3.558172044465856,3.5896268185132523,25.607429006266305,0.5526411634076116,0.6127907402131989,42.698064533590276,213.49032266795138,0.0601495768055873
1522.0,3.5160697511786356,3.5576833825770677,3.5891467188491695,25.607436189396093,0.55215828175814,0.6123335069747902,42.69220059092481,213.46100295462406,0.0601752252166502
1524.0,3.5155627239846714,3.5571947207639636,3.5886666193191723,25.607443189759717,0.5516754001086683,0.6118762737363814,42.686336649167565,213.43168324583783,0.06020087362771309
1526.0,3.5150556968435493,3.5567060590235737,3.5881865199190055,25.60745001200472,0.5511925184591967,0.6114190404979727,42.680472708282885,213.40236354141442,0.06022652203877599
1528.0,3.5145486697527875,3.5562173973530466,3.58770642064456,25.607456660660585,0.5507096368097251,0.610961807259564,42.67460876823656,213.3730438411828,0.06025217044983888
1530.0,3.5140416427100103,3.55572873574965,3.5872263214918756,25.607463140141732,0.5502267551602534,0.6105045740211552,42.6687448289958,213.34372414497898,0.06027781886090178
1532.0,3.5135346157129437,3.55524007421076,3.586746222457131,25.607469454750433,0.5497438735107818,0.6100473407827465,42.662880890529124,213.31440445264562,0.06030346727196467
1534.0,3.513027588759412,3.554751412733863,3.5862661235366398,25.607475608679653,0.5492609918613102,0.6095901075443377,42.65701695280636,213.2850847640318,0.06032911568302757
1536.0,3.51252056184733,3.554262751316544,3.585786024726841,25.607481606015835,0.5487781102118385,0.609132874305929,42.65115301579853,213.25576507899262,0.06035476409409046
1538.0,3.5120135349747037,3.5537740899564874,3.5853059260243016,25.60748745074158,0.5482952285623669,0.6086756410675203,42.64528907947785,213.22644539738923,0.06038041250515336
1540.0,3.5115065081396204,3.5532854286514706,3.584825827425707,25.607493146738303,0.5478123469128953,0.6082184078291115,42.63942514381765,213.19712571908823,0.06040606091621625
1542.0,3.5109994813402494,3.5527967673993595,3.5843457289278553,25.607498697788785,0.5473294652634236,0.6077611745907028,42.633561208792315,213.16780604396158,0.06043170932727915
1544.0,3.510492454574838,3.5523081061981077,3.5838656305276557,25.607504107579686,0.546846583613952,0.607303941352294,42.62769727437729,213.13848637188644,0.060457357738342044
1546.0,3.509985427841704,3.5518194450457465,3.5833855322221235,25.607509379703973,0.5463637019644804,0.6068467081138853,42.62183334054896,213.1091667027448,0.06048300614940494
1548.0,3.5094784011392384,3.5513307839403914,3.582905434008376,25.607514517663304,0.5458808203150087,0.6063894748754766,42.615969407284695,213.07984703642347,0.060508654560467834
1550.0,3.5089713744658964,3.5508421228802276,3.5824253358836287,25.607519524870348,0.5453979386655371,0.6059322416370678,42.61010547456273,213.05052737281363,0.06053430297153073
1552.0,3.5084643478201984,3.5503534618635144,3.5819452378451917,25.60752440465103,0.5449150570160655,0.6054750083986591,42.604241542362175,213.02120771181086,0.060559951382593624
1554.0,3.5079573212007253,3.5498648008885803,3.5814651398904647,25.607529160246752,0.5444321753665938,0.6050177751602503,42.598377610662965,212.99188805331482,0.06058559979365652
1556.0,3.507450294606116,3.5493761399538193,3.580985042016936,25.60753379481652,0.5439492937171222,0.6045605419218416,42.59251367944583,212.96256839722915,0.060611248204719415
1558.0,3.5069432680350636,3.548887479057686,3.5805049442221777,25.607538311439043,0.5434664120676506,0.6041033086834329,42.58664974869223,212.93324874346115,0.06063689661578231
1560.0,3.506436241486316,3.5483988181986987,3.5800248465038416,25.60754271311478,0.5429835304181789,0.6036460754450241,42.580785818384385,212.90392909192192,0.060662545026845205
1562.0,3.5059292149586696,3.5479101573754304,3.579544748859658,25.607547002767905,0.5425006487687073,0.6031888422066154,42.574921888505166,212.87460944252584,0.0606881934379081
1564.0,3.50542218845097,3.5474214965865123,3.579064651287435,25.607551183248265,0.5420177671192357,0.6027316089682067,42.56905795903815,212.84528979519075,0.060713841848970995
1566.0,3.504915161962108,3.5469328358306256,3.5785845537850483,25.607555257333257,0.541534885469764,0.6022743757297979,42.563194029967505,212.81597014983754,0.06073949026003389
1568.0,3.5044081354910177,3.5464441751065046,3.5781044563504456,25.607559227729666,0.5410520038202924,0.6018171424913892,42.557330101278055,212.7866505063903,0.060765138671096786
1570.0,3.5039011090366747,3.5459555144129298,3.577624358981642,25.607563097075463,0.5405691221708208,0.6013599092529804,42.55146617295516,212.75733086477578,0.06079078708215968
1572.0,3.503394082598096,3.5454668537487297,3.577144261676715,25.60756686794155,0.5400862405213491,0.6009026760145717,42.54560224498476,212.7280112249238,0.060816435493222576
1574.0,3.502887056174334,3.5449781931127764,3.576664164433807,25.60757054283346,0.5396033588718775,0.600445442776163,42.53973831735332,212.69869158676659,0.06084208390428547
1576.0,3.5023800297644785,3.544489532503986,3.57618406725112,25.60757412419303,0.5391204772224059,0.5999882095377542,42.53387439004783,212.66937195023914,0.060867732315348366
1578.0,3.5018730033676526,3.5440008719213125,3.5757039701269093,25.607577614399997,0.5386375955729342,0.5995309762993455,42.52801046305575,212.64005231527875,0.06089338072641126
1580.0,3.501365976983013,3.5435122113637525,3.575223873059491,25.607581015773594,0.5381547139234626,0.5990737430609367,42.52214653636503,212.61073268182514,0.06091902913747416
1582.0,3.500858950609747,3.5430235508303363,3.5747437760472334,25.607584330574078,0.537671832273991,0.598616509822528,42.51628260996404,212.58141304982018,0.06094467754853705
1584.0,3.5003519242470715,3.542534890320134,3.5742636790885562,25.60758756100423,0.5371889506245193,0.5981592765841193,42.51041868384161,212.55209341920803,0.06097032595959995
1586.0,3.499844897894232,3.542046229832246,3.5737835821819286,25.60759070921082,0.5367060689750477,0.5977020433457105,42.50455475798695,212.52277378993477,0.06099597437066284
1588.0,3.4993378715504986,3.5415575693658075,3.5733034853258663,25.60759377728602,0.5362231873255761,0.5972448101073018,42.49869083238969,212.49345416194845,0.06102162278172574
1590.0,3.4988308452151706,3.541068908919986,3.5728233885189358,25.607596767268795,0.5357403056761044,0.596787576868893,42.492826907039834,212.46413453519918,0.06104727119278863
1592.0,3.4983238188875694,3.5405802484939777,3.572343291759743,25.60759968114626,0.5352574240266328,0.5963303436304843,42.48696298192773,212.43481490963865,0.06107291960385153
1594.0,3.4978167925670385,3.5400915880870065,3.5718631950469404,25.607602520854996,0.5347745423771612,0.5958731103920756,42.48109905704408,212.40549528522038,0.06109856801491442
1596.0,3.4973097662529455,3.539602927698327,3.5713830983792216,25.607605288282322,0.5342916607276895,0.5954158771536668,42.47523513237992,212.3761756618996,0.06112421642597732
1598.0,3.4968027399446764,3.5391142673272182,3.5709030017553194,25.607607985267563,0.5338087790782179,0.5949586439152581,42.46937120792662,212.3468560396331,0.06114986483704021
1600.0,3.496295713641639,3.5386256069729853,3.5704229051740066,25.60761061360326,0.5333258974287463,0.5945014106768494,42.463507283675824,212.31753641837912,0.06117551324810311
1602.0,3.4957886873432584,3.5381369466349564,3.5699428086340896,25.607613175036363,0.5328430157792746,0.5940441774384406,42.457643359619475,212.28821679809738,0.061201161659166003
1604.0,3.4952816610489785,3.5376482863124834,3.5694627121344165,25.607615671269386,0.532360134129803,0.5935869442000319,42.4517794357498,212.258897178749,0.0612268100702289
1606.0,3.49477463475826,3.5371596260049425,3.568982615673867,25.60761810396154,0.5318772524803314,0.5931297109616231,42.44591551205931,212.22957756029655,0.061252458481291794
1608.0,3.494267608470578,3.536670965711728,3.568502519251354,25.607620474729828,0.5313943708308597,0.5926724777232144,42.44005158854073,212.20025794270367,0.06127810689235469
1610.0,3.4937605821854243,3.536182305432256,3.5680224228658237,25.607622785150127,0.5309114891813881,0.5922152444848057,42.434187665187075,212.17093832593537,0.061303755303417584
1612.0,3.493253555902305,3.535693645165963,3.5675423265162545,25.607625036758225,0.5304286075319165,0.5917580112463969,42.428323741991555,212.14161870995778,0.06132940371448048
1614.0,3.4927465296207383,3.535204984912303,3.5670622302016524,25.607627231050845,0.5299457258824448,0.5913007780079882,42.42245981894764,212.11229909473818,0.061355052125543375
1616.0,3.4922395033402567,3.5347163246707485,3.5665821339210573,25.60762936948663,0.5294628442329732,0.5908435447695795,42.41659589604898,212.08297948024492,0.06138070053660627
1618.0,3.4917324770604035,3.5342276644407886,3.566102037673532,25.607631453487123,0.5289799625835016,0.5903863115311707,42.410731973289465,212.05365986644733,0.061406348947669165
1620.0,3.4912254507807345,3.5337390042219297,3.5656219414581694,25.607633484437702,0.5284970809340299,0.589929078292762,42.404868050663154,212.02434025331576,0.06143199735873206
1622.0,3.490718424500815,3.5332503440136924,3.5651418452740895,25.6076354636885,0.5280141992845583,0.5894718450543532,42.39900412816431,211.99502064082154,0.061457645769794955
1624.0,3.4902113982202225,3.532761683815614,3.5646617491204347,25.607637392555297,0.5275313176350866,0.5890146118159445,42.39314020578737,211.96570102893685,0.06148329418085785
1626.0,3.48970437193854,3.532273023627246,3.564181652996376,25.607639272320412,0.527048435985615,0.5885573785775358,42.38727628352695,211.93638141763475,0.061508942591920746
1628.0,3.4891973456553633,3.531784363448152,3.563701556901105,25.607641104233526,0.5265655543361434,0.588100145339127,42.381412361377826,211.90706180688915,0.06153459100298364
1630.0,3.488690319370295,3.531295703277911,3.563221460833838,25.607642889512537,0.5260826726866717,0.5876429121007183,42.375548439334935,211.87774219667466,0.061560239414046536
1632.0,3.488183293082944,3.530807043116113,3.5627413647938124,25.60764462934435,0.5255997910372001,0.5871856788623095,42.36968451739336,211.8484225869668,0.06158588782510943
1634.0,3.487676266792929,3.5303183829623612,3.5622612687802886,25.60764632488567,0.5251169093877285,0.5867284456239008,42.36382059554833,211.81910297774166,0.061611536236172326
1636.0,3.487169240499874,3.52982972281627,3.561781172792546,25.607647977263785,0.5246340277382568,0.5862712123854921,42.357956673795236,211.78978336897617,0.06163718464723522
1638.0,3.486662214203409,3.5293410626774633,3.561301076829886,25.607649587577285,0.5241511460887852,0.5858139791470833,42.35209275212956,211.76046376064778,0.06166283305829812
1640.0,3.4861551879031705,3.5288524025455774,3.560820980891628,25.607651156896818,0.5236682644393136,0.5853567459086746,42.34622883054693,211.73114415273463,0.06168848146936101
1642.0,3.4856481615988,3.528363742420259,3.5603408849771103,25.607652686265787,0.523185382789842,0.5848995126702659,42.34036490904311,211.70182454521554,0.06171412988042391
1644.0,3.4851411352899433,3.5278750823011635,3.5598607890856906,25.607654176701047,0.5227025011403703,0.5844422794318571,42.334500987613964,211.67250493806984,0.0617397782914868
1646.0,3.4846341089762523,3.5273864221879556,3.559380693216744,25.607655629193577,0.5222196194908987,0.5839850461934484,42.32863706625547,211.64318533127732,0.0617654267025497
1648.0,3.4841270826573814,3.526897762080308,3.55890059736966,25.607657044709143,0.521736737841427,0.5835278129550396,42.3227731449637,211.61386572481848,0.06179107511361259
1650.0,3.483620056332989,3.526409101977904,3.5584205015438486,25.607658424188934,0.5212538561919554,0.5830705797166309,42.31690922373485,211.58454611867424,0.06181672352467549
1652.0,3.483113030002737,3.525920441880432,3.557940405738733,25.607659768550192,0.5207709745424838,0.5826133464782222,42.311045302565184,211.55522651282593,0.06184237193573838
1654.0,3.4826060036662905,3.525431781787591,3.557460309953753,25.607661078686817,0.5202880928930121,0.5821561132398134,42.30518138145109,211.52590690725546,0.06186802034680128
1656.0,3.482098977323317,3.5249431216990863,3.556980214188364,25.607662355469962,0.5198052112435405,0.5816988800014047,42.299317460389034,211.49658730194517,0.06189366875786417
1658.0,3.4815919509734856,3.524454461614628,3.5565001184420333,25.607663599748612,0.5193223295940689,0.581241646762996,42.293453539375534,211.46726769687768,0.06191931716892707
1660.0,3.4810849246164683,3.523965801533936,3.5560200227142453,25.60766481235015,0.5188394479445972,0.5807844135245872,42.28758961840723,211.43794809203615,0.06194496557998996
1662.0,3.4805778982519375,3.5234771414567354,3.555539927004496,25.6076659940809,0.5183565662951256,0.5803271802861785,42.28172569748082,211.40862848740412,0.06197061399105286
1664.0,3.480070871879569,3.522988481382756,3.5550598313122945,25.60766714572667,0.517873684645654,0.5798699470477697,42.275861776593075,211.37930888296538,0.061996262402115754
1666.0,3.479563845499037,3.5224998213117353,3.5545797356371653,25.607668268053267,0.5173908029961823,0.579412713809361,42.269997855740826,211.34998927870413,0.06202191081317865
1668.0,3.479056819110018,3.5220111612434155,3.554099639978641,25.607669361807012,0.5169079213467107,0.5789554805709523,42.264133934920984,211.32066967460491,0.062047559224241544
1670.0,3.4785497927121884,3.5215225011775426,3.5536195443362697,25.607670427715234,0.5164250396972391,0.5784982473325435,42.25827001413051,211.29135007065256,0.06207320763530444
1672.0,3.4780427663052245,3.5210338411138706,3.5531394487096097,25.60767146648675,0.5159421580477674,0.5780410140941348,42.252406093366446,211.26203046683224,0.062098856046367334
1674.0,3.477535739888803,3.5205451810521544,3.552659353098229,25.607672478812336,0.5154592763982958,0.577583780855726,42.24654217262585,211.23271086312926,0.06212450445743023
1676.0,3.4770287134626003,3.520056520992157,3.552179257501711,25.607673465365192,0.5149763947488242,0.5771265476173173,42.240678251905884,211.2033912595294,0.062150152868493125
1678.0,3.476521687026291,3.5195678609336425,3.5516991619196436,25.607674426801385,0.5144935130993525,0.5766693143789086,42.23481433120371,211.17407165601855,0.06217580127955602
1680.0,3.47601466057955,3.5190792008763805,3.5512190663516296,25.60767536376028,0.5140106314498809,0.5762120811404998,42.22895041051657,211.14475205258285,0.062201449690618915
1682.0,3.4755076341220503,3.5185905408201443,3.55073897079728,25.607676276864975,0.5135277498004093,0.5757548479020911,42.223086489841734,211.11543244920867,0.06222709810168181
1684.0,3.4750006076534636,3.5181018807647106,3.550258875256215,25.60767716672271,0.5130448681509376,0.5752976146636823,42.21722256917653,211.08611284588264,0.062252746512744705
1686.0,3.4744935811734607,3.5176132207098596,3.5497787797280647,25.607678033925264,0.512561986501466,0.5748403814252736,42.21135864851831,211.05679324259157,0.0622783949238076
1688.0,3.4739865546817086,3.517124560655373,3.5492986842124674,25.607678879049363,0.5120791048519944,0.5743831481868649,42.205494727864476,211.02747363932238,0.062304043334870496
1690.0,3.473479528177874,3.5166359006010386,3.5488185887090715,25.607679702657048,0.5115962232025227,0.5739259149484561,42.199630807212465,210.99815403606232,0.06232969174593339
1692.0,3.4729725016616215,3.5161472405466436,3.5483384932175324,25.60768050529606,0.5111133415530511,0.5734686817100474,42.19376688655972,210.96883443279862,0.062355340156996286
1694.0,3.4724654751326116,3.5156585804919795,3.547858397737514,25.607681287500192,0.5106304599035795,0.5730114484716387,42.18790296590375,210.93951482951877,0.06238098856805918
1696.0,3.471958448590503,3.51516992043684,3.5473783022686893,25.607682049789656,0.5101475782541078,0.5725542152332299,42.18203904524208,210.9101952262104,0.062406636979122077
1698.0,3.4714514220349506,3.5146812603810207,3.5468982068107366,25.607682792671422,0.5096646966046362,0.5720969819948212,42.17617512457225,210.88087562286123,0.06243228539018497
1700.0,3.470944395465607,3.5141926003243196,3.5464181113633453,25.607683516639558,0.5091818149551646,0.5716397487564124,42.170311203891835,210.85155601945917,0.06245793380124787
1702.0,3.4704373688821213,3.513703940266536,3.5459380159262084,25.607684222175553,0.5086989333056929,0.5711825155180037,42.164447283198434,210.82223641599217,0.06248358221231076
1704.0,3.469930342284138,3.513215280207472,3.5454579204990275,25.607684909748645,0.5082160516562213,0.570725282279595,42.158583362489665,210.7929168124483,0.06250923062337366
1706.0,3.4694233156712997,3.51272662014693,3.544977825081511,25.607685579816128,0.5077331700067497,0.5702680490411862,42.15271944176316,210.7635972088158,0.06253487903443655
1708.0,3.468916289043243,3.5122379600847142,3.544497729673374,25.60768623282365,0.507250288357278,0.5698108158027775,42.14685552101657,210.73427760508284,0.06256052744549945
1710.0,3.4684092623996006,3.51174930002063,3.5440176342743355,25.607686869205523,0.5067674067078064,0.5693535825643687,42.14099160024756,210.7049580012378,0.06258617585656234
1712.0,3.4679022357400027,3.5112606399544855,3.543537538884126,25.607687489385,0.5062845250583348,0.56889634932596,42.135127679453824,210.67563839726913,0.06261182426762524
1714.0,3.4673952090640716,3.5107719798860866,3.543057443502477,25.607688093774563,0.5058016434088631,0.5684391160875513,42.12926375863304,210.6463187931652,0.06263747267868813
1716.0,3.4668881823714273,3.5102833198152434,3.542577348129128,25.607688682776192,0.5053187617593915,0.5679818828491425,42.12339983778292,210.6169991889146,0.06266312108975103
1718.0,3.4663811556616846,3.509794659741764,3.542097252763823,25.60768925678164,0.5048358801099199,0.5675246496107338,42.11753591690117,210.58767958450585,0.06268876950081392
1720.0,3.4658741289344515,3.5093059996654588,3.5416171574063133,25.60768981617268,0.5043529984604482,0.567067416372325,42.1116719959855,210.5583599799275,0.06271441791187682
1722.0,3.465367102189332,3.508817339586138,3.541137062056353,25.607690361321374,0.5038701168109766,0.5666101831339163,42.10580807503366,210.52904037516828,0.06274006632293971
1724.0,3.4648600754259253,3.508328679503613,3.5406569667137027,25.60769089259031,0.503387235161505,0.5661529498955076,42.09994415404336,210.49972077021678,0.06276571473400261
1726.0,3.4643530486438214,3.507840019417694,3.540176871378129,25.607691410332844,0.5029043535120333,0.5656957166570988,42.09408023301233,210.47040116506165,0.0627913631450655
1728.0,3.463846021842607,3.507351359328192,3.539696776049401,25.607691914893344,0.5024214718625617,0.5652384834186901,42.088216311938304,210.44108155969153,0.0628170115561284
1730.0,3.4633389950218625,3.5068626992349183,3.5392166807272933,25.60769240660741,0.5019385902130901,0.5647812501802814,42.08235239081902,210.41176195409508,0.0628426599671913
1732.0,3.462831968181162,3.506374039137684,3.5387365854115864,25.60769288580209,0.5014557085636184,0.5643240169418726,42.076488469652205,210.382442348261,0.06286830837825419
1734.0,3.462324941320072,3.505885379036299,3.538256490102063,25.607693352796122,0.5009728269141468,0.5638667837034639,42.07062454843559,210.35312274217796,0.06289395678931708
1736.0,3.461817914438152,3.5053967189305735,3.537776394798511,25.60769380790012,0.5004899452646752,0.5634095504650551,42.06476062716688,210.32380313583442,0.06291960520037998
1738.0,3.4613108875349554,3.5049080588203183,3.537296299500723,25.607694251416792,0.5000070636152035,0.5629523172266464,42.05889670584382,210.29448352921912,0.06294525361144288
1740.0,3.4608038606100284,3.5044193987053425,3.5368162042084927,25.607694683641142,0.4995241819657319,0.5624950839882377,42.05303278446411,210.26516392232054,0.06297090202250577
1742.0,3.4602968336629103,3.5039307385854546,3.536336108921622,25.607695104860667,0.49904130031626026,0.5620378507498289,42.047168863025455,210.23584431512728,0.06299655043356867
1744.0,3.4597898066931316,3.5034420784604623,3.535856013639913,25.607695515355537,0.4985584186667886,0.5615806175114202,42.041304941525546,210.20652470762772,0.06302219884463156
1746.0,3.4592827797002137,3.5029534183301716,3.535375918363173,25.6076959153988,0.498075537017317,0.5611233842730114,42.03544101996206,210.1772050998103,0.06304784725569446
1748.0,3.458775752683674,3.5024647581943893,3.534895823091212,25.607696305256546,0.49759265536784536,0.5606661510346027,42.02957709833267,210.14788549166337,0.06307349566675735
1750.0,3.458268725643019,3.5019760980529213,3.534415727823844,25.607696685188095,0.4971097737183737,0.560208917796194,42.023713176635056,210.11856588317528,0.06309914407782025
1752.0,3.4577616985777464,3.50148743790557,3.533935632560884,25.607697055446163,0.4966268920689021,0.5597516845577852,42.01784925486684,210.0892462743342,0.06312479248888314
1754.0,3.457254671487347,3.500998777752138,3.5334555373021552,25.607697416277034,0.49614401041943046,0.5592944513193765,42.011985333025656,210.05992666512827,0.06315044089994604
1756.0,3.4567476443713008,3.5005101175924263,3.5329754420474777,25.607697767920722,0.4956611287699588,0.5588372180809678,42.00612141110911,210.03060705554557,0.06317608931100893
1758.0,3.456240617229081,3.5000214574262354,3.5324953467966775,25.607698110611132,0.4951782471204872,0.558379984842559,42.00025748911482,210.00128744557412,0.06320173772207183
1760.0,3.4557335900601487,3.499532797253362,3.532015251549584,25.60769844457621,0.49469536547101556,0.5579227516041503,41.99439356704034,209.9719678352017,0.06322738613313472
1762.0,3.455226562863958,3.4990441370736023,3.5315351563060275,25.60769877003811,0.4942124838215439,0.5574655183657415,41.98852964488323,209.94264822441613,0.06325303454419762
1764.0,3.454719535639952,3.498555476886752,3.5310550610658424,25.607699087213312,0.4937296021720723,0.5570082851273328,41.98266572264102,209.91332861320512,0.06327868295526051
1766.0,3.454212508387565,3.498066816692603,3.5305749658288645,25.607699396312803,0.49324672052260066,0.5565510518889241,41.976801800311236,209.8840090015562,0.06330433136632341
1768.0,3.4537054811062196,3.4975781564909467,3.5300948705949335,25.60769969754219,0.492763838873129,0.5560938186505153,41.97093787789136,209.85468938945678,0.0633299797773863
1770.0,3.4531984537953284,3.49708949628157,3.5296147753638882,25.60769999110185,0.4922809572236574,0.5556365854121066,41.96507395537884,209.8253697768942,0.0633556281884492
1772.0,3.452691426454294,3.496600836064262,3.529134680135573,25.60770027718705,0.49179807557418576,0.5551793521736978,41.959210032771146,209.79605016385574,0.06338127659951209
1774.0,3.4521843990825074,3.4961121758388054,3.528654584909833,25.607700555988096,0.4913151939247141,0.5547221189352891,41.95334611006567,209.76673055032833,0.06340692501057499
1776.0,3.451677371679349,3.4956235156049824,3.5281744896865157,25.607700827690444,0.4908323122752425,0.5542648856968804,41.94748218725979,209.73741093629894,0.06343257342163788
1778.0,3.4511703442441877,3.495134855362572,3.52769439446547,25.60770109247483,0.49034943062577085,0.5538076524584716,41.941618264350865,209.70809132175432,0.06345822183270078
1780.0,3.45066331677638,3.494646195111352,3.5272142992465465,25.607701350517388,0.4898665489762992,0.5533504192200629,41.93575434133622,209.67877170668112,0.06348387024376367
1782.0,3.4501562892752724,3.494157534851096,3.526734204029599,25.60770160198977,0.4893836673268276,0.5528931859816542,41.92989041821315,209.64945209106574,0.06350951865482657
1784.0,3.449649261740196,3.493668874581575,3.5262541088144808,25.607701847059253,0.48890078567735595,0.5524359527432454,41.924026494978904,209.62013247489452,0.06353516706588946
1786.0,3.449142234170474,3.493180214302559,3.5257740136010494,25.607702085888864,0.4884179040278843,0.5519787195048367,41.91816257163071,209.59081285815355,0.06356081547695236
1788.0,3.4486352065654122,3.4926915540138137,3.5252939183891607,25.607702318637468,0.4879350223784127,0.5515214862664279,41.912298648165766,209.56149324082884,0.06358646388801525
1790.0,3.4481281789243075,3.492202893715102,3.5248138231786768,25.607702545459894,0.48745214072894105,0.5510642530280192,41.906434724581224,209.53217362290613,0.06361211229907815
1792.0,3.447621151246441,3.491714233406183,3.5243337279694553,25.60770276650703,0.4869692590794694,0.5506070197896105,41.90057080087419,209.50285400437096,0.06363776071014104
1794.0,3.4471141235310814,3.491225573086813,3.523853632761359,25.607702981925915,0.4864863774299978,0.5501497865512017,41.894706877041756,209.47353438520878,0.06366340912120394
1796.0,3.446607095777483,3.4907369127567462,3.523373537554252,25.60770319185985,0.48600349578052615,0.549692553312793,41.88884295308095,209.44421476540475,0.06368905753226684
1798.0,3.4461000679848866,3.4902482524157317,3.522893442347998,25.60770339644849,0.4855206141310545,0.5492353200743842,41.88297902898878,209.4148951449439,0.06371470594332973
1800.0,3.4455930401525188,3.489759592063516,3.5224133471424617,25.607703595827925,0.4850377324815829,0.5487780868359755,41.87711510476219,209.38557552381096,0.06374035435439263
